"","StartPrice","HighPrice","LowPrice","EndPrice","Amount"
"1990-01-03",3599291,3634578,3564004,3599292,3004
"1990-01-04",3687508,3775727,3599290,3687511,14285
"1990-01-05",3669865,3705152,3616934,3652223,16763
"1990-01-06",3652220,3828657,3616933,3811015,27264
"1990-01-08",3811014,3811014,3722796,3793373,5006
"1990-01-09",3775728,3811014,3758083,3793373,21280
"1990-01-10",3775727,3793370,3722796,3758085,11464
"1990-01-11",3705153,3758083,3616936,3705154,7021
"1990-01-12",3616936,3687509,3616936,3669867,11355
"1990-01-13",3634578,3705153,3616936,3669867,10987
"1990-01-15",3616935,3652221,3546360,3581650,3943
"1990-01-16",3564005,3616935,3493430,3581650,11257
"1990-01-17",3599290,3599290,3528716,3528718,2613
"1990-01-18",3528716,3564003,3493428,3528718,4335
"1990-01-19",3511073,3528716,3475786,3475788,2564
"1990-01-20",3475787,3546361,3475787,3511075,2333
"1990-01-22",3581646,3652220,3546360,3616936,7240
"1990-01-23",3599290,3616935,3546360,3564005,9742
"1990-01-24",3616935,3634579,3616935,3634580,18034
"1990-01-25",3669865,3705153,3669865,3687511,22722
"1990-01-29",3669866,3705153,3616936,3705154,14542
"1990-01-30",3705153,3722796,3616936,3669867,35420
"1990-01-31",3599291,3705153,3599291,3705154,20792
"1990-02-01",3705153,3705153,3669866,3669867,10439
"1990-02-02",3616934,3652220,3616934,3616936,2015
"1990-02-03",3599291,3599291,3599291,3599292,513
"1990-02-05",3564004,3616934,3564004,3599292,5274
"1990-02-06",3616936,3669866,3616936,3669867,4188
"1990-02-07",3669865,3705153,3599290,3687511,7412
"1990-02-08",3528716,3687508,3528716,3687511,2101
"1990-02-09",3528717,3705153,3528717,3669867,17557
"1990-02-10",3669865,3669865,3634579,3634580,2161
"1990-02-12",3634578,3634578,3599291,3599292,2319
"1990-02-13",3581646,3599290,3564004,3564005,3565
"1990-02-14",3599291,3616934,3581646,3616936,8192
"1990-02-15",3616935,3669865,3599291,3634580,10121
"1990-02-16",3634578,3758083,3634578,3705154,29254
"1990-02-17",3705153,3705153,3652221,3669867,1722
"1990-02-19",3634578,3705153,3634578,3687511,2881
"1990-02-20",3687509,3687509,3581648,3634580,2686
"1990-02-21",3616934,3634578,3616934,3616936,3455
"1990-02-22",3634579,3652221,3599291,3634580,10304
"1990-02-23",3634579,3652221,3599291,3634580,2686
"1990-02-24",3616936,3669866,3599291,3669867,9474
"1990-02-26",3616934,3634578,3493428,3616936,4725
"1990-02-27",3599291,3634579,3581648,3634580,5982
"1990-02-28",3634579,3634579,3581648,3634580,3785
"1990-03-02",3528719,3722799,3528719,3669870,38
"1990-03-03",3652225,3652225,3634581,3652226,16
"1990-03-05",3599293,3634581,3599293,3599295,2
"1990-03-06",3599293,3599293,3528718,3528721,12
"1990-03-07",3546363,3564007,3528719,3546364,27
"1990-03-08",3546363,3564007,3546363,3546364,15
"1990-03-09",3528718,3528718,3440501,3528721,6
"1990-03-12",3528718,3528718,3458143,3458146,7
"1990-03-13",3458144,3475788,3440501,3440502,11
"1990-03-14",3475788,3475788,3440501,3440502,6
"1990-03-15",3440501,3440501,3369926,3440502,2
"1990-03-16",3440502,3475788,3440502,3475790,11
"1990-03-17",3458143,3458143,3458143,3458146,6
"1990-03-19",3493431,3528718,3422856,3458146,4
"1990-03-20",3493432,3528718,3493432,3528721,18
"1990-03-21",3564007,3564007,3528718,3528721,15
"1990-03-22",3440502,3528718,3440502,3475790,15
"1990-03-23",3475787,3528718,3440501,3458146,8
"1990-03-24",3440501,3440501,3422857,3422859,6
"1990-03-26",3422859,3475790,3387571,3405216,18
"1990-03-27",3422858,3422858,3387571,3387572,15
"1990-03-28",3405213,3405213,3352284,3352285,10
"1990-03-29",3352284,3387571,3352284,3387572,12
"1990-03-30",3422857,3528718,3387570,3528721,17
"1990-03-31",3528719,3528719,3440502,3493433,6
"1990-04-02",3458145,3458145,3387571,3387572,6
"1990-04-03",3405214,3440501,3405214,3440502,15
"1990-04-04",3440502,3528719,3440502,3493433,90
"1990-04-06",3511076,3564007,3475788,3511077,55
"1990-04-07",3493431,3493431,3458143,3458146,10
"1990-04-09",3422859,3458145,3387571,3405216,10
"1990-04-10",3405215,3405215,3387571,3405216,10
"1990-04-11",3405214,3475788,3405214,3475790,10
"1990-04-12",3422857,3511076,3422857,3475790,16
"1990-04-13",3440501,3475788,3440501,3440502,11
"1990-04-14",3440502,3440502,3387571,3387572,11
"1990-04-16",3352284,3369927,3352284,3352285,21
"1990-04-17",3334641,3440502,3334641,3387572,7
"1990-04-18",3387571,3387571,3316996,3316998,17
"1990-04-19",3264066,3264066,3264066,3264067,0
"1990-04-20",3264065,3264065,3211135,3211136,6
"1990-04-21",3105273,3264066,3105273,3264067,1
"1990-04-23",3264065,3264065,3140560,3175849,7
"1990-04-24",3140559,3175846,3140559,3140561,6
"1990-04-25",3105272,3105272,3052342,3052343,2
"1990-04-26",3017053,3017053,2981767,2981768,2
"1990-04-27",2981768,3017054,2946480,3017056,18
"1990-04-28",2964123,2964123,2875905,2928838,1
"1990-04-30",2822975,2822975,2787689,2787689,0
"1990-05-01",2858263,2911192,2840620,2893551,18
"1990-05-03",2999412,3034699,2999412,3034700,21
"1990-05-04",3087628,3175846,2964123,3140561,39
"1990-05-07",3034699,3158204,3034699,3069988,15
"1990-05-08",3017054,3052342,2999411,3052343,7
"1990-05-09",2981768,3034698,2981768,3017056,13
"1990-05-10",2999411,2999411,2875905,2875907,3
"1990-05-11",2875906,3017054,2770044,2822976,3
"1990-05-12",2822976,2822976,2770044,2770046,4
"1990-05-14",2734757,2734757,2646539,2646540,8
"1990-05-15",2664183,2664183,2593609,2593610,11
"1990-05-16",2681827,2699470,2646539,2699472,7
"1990-05-17",2770044,2840619,2770044,2840621,49
"1990-05-18",2840620,2893550,2840620,2893551,20
"1990-05-19",2893550,2946480,2893550,2911195,18
"1990-05-21",2928838,2981768,2911193,2964126,16
"1990-05-22",2964124,3017054,2964124,3017056,19
"1990-05-23",3017054,3052342,2999411,2999413,10
"1990-05-24",2964124,2981767,2911193,2946481,6
"1990-05-25",2946479,3017053,2946479,2981768,31
"1990-05-26",2981768,3034699,2981768,2999413,32
"1990-05-28",2999411,2999411,2858263,2999413,6
"1990-05-29",2981768,2981768,2964124,2964126,6
"1990-05-30",2928837,3052342,2928837,2999413,30
"1990-05-31",2858263,3105273,2858263,3105275,75
"1990-06-01",3105273,3122918,3069986,3122918,47
"1990-06-02",3105273,3105273,3069985,3069988,3
"1990-06-04",3069985,3211135,3069985,3211136,68
"1990-06-05",3175846,3175846,3105273,3158205,30
"1990-06-07",3122918,3211135,3122918,3193492,38
"1990-06-08",3140561,3158204,3122918,3122918,7
"1990-06-09",3087629,3087629,3087629,3087630,6
"1990-06-11",3017055,3034699,3017055,3034700,6
"1990-06-12",3034697,3052341,2981767,2981768,7
"1990-06-13",2999413,3034697,2964123,2981768,4
"1990-06-14",2911193,2964123,2875905,2875907,10
"1990-06-15",2875905,2928837,2875905,2928838,11
"1990-06-16",2928837,2928837,2911192,2911195,1
"1990-06-18",2911192,2911192,2911192,2911195,0
"1990-06-19",2875905,2911193,2875905,2875907,11
"1990-06-20",2875906,2875906,2805331,2822976,25
"1990-06-21",2822976,2840619,2822976,2822976,4
"1990-06-22",2770044,2875907,2770044,2840621,13
"1990-06-23",2840619,2840619,2787689,2787689,3
"1990-06-25",2787689,2787689,2752401,2752402,10
"1990-06-26",2734757,2752401,2734757,2734759,11
"1990-06-27",2734757,2734757,2734757,2734759,7
"1990-06-28",2770044,2770044,2681826,2717115,13
"1990-06-29",2699470,2699470,2699470,2699472,4
"1990-06-30",2699471,2699471,2681827,2681827,11
"1990-07-02",2681827,2734757,2681827,2734759,17
"1990-07-03",2770044,2875905,2770044,2875907,8
"1990-07-04",2911193,2911193,2822976,2822976,6
"1990-07-05",2822975,2911193,2822975,2875907,51
"1990-07-06",2787688,2911192,2787688,2911195,40
"1990-07-07",2928837,2928837,2805332,2893551,17
"1990-07-09",2822976,2822976,2805331,2805334,2
"1990-07-10",2840619,2840619,2840619,2840621,17
"1990-07-11",2822975,2858263,2822975,2858264,49
"1990-07-12",2822975,2822975,2717113,2717115,1
"1990-07-13",2734757,2734757,2593609,2593610,19
"1990-07-14",2593608,2646539,2593608,2646540,2
"1990-07-16",2646539,2646539,2646539,2646540,0
"1990-07-18",2646539,2699470,2646539,2699472,3
"1990-07-19",2699470,2699470,2699470,2699472,1
"1990-07-20",2681826,2717113,2681826,2717115,16
"1990-07-21",2646540,2681827,2646540,2681827,1
"1990-07-23",2646540,2717114,2646540,2664185,15
"1990-07-24",2646540,2664183,2540678,2664185,7
"1990-07-25",2646540,2699471,2646540,2681827,29
"1990-07-26",2681827,2699471,2681827,2681827,15
"1990-07-27",2699471,2699471,2681827,2681827,17
"1990-07-28",2681827,2699470,2646539,2699472,12
"1990-07-30",2681827,2681827,2681827,2681827,0
"1990-07-31",2611252,2699470,2593609,2699472,30
"1990-08-01",2681826,2787689,2681826,2717115,8
"1990-08-02",2734758,2770044,2717113,2770046,10
"1990-08-03",2717113,2770044,2717113,2752402,19
"1990-08-04",2646539,2646539,2646539,2646540,0
"1990-08-06",2787689,2787689,2699470,2699472,1
"1990-08-07",2593609,2717113,2593609,2717115,11
"1990-08-08",2717113,2717113,2681826,2717115,37
"1990-08-09",2717114,2752401,2717114,2734759,47
"1990-08-10",2752401,2805331,2752401,2752402,22
"1990-08-11",2752401,2752401,2717113,2717115,4
"1990-08-13",2734757,2734757,2717114,2734759,19
"1990-08-14",2664182,2734757,2646539,2717115,37
"1990-08-16",2717113,2770044,2717113,2717115,25
"1990-08-17",2734757,2752400,2646539,2646540,59
"1990-08-18",2681827,2681827,2681827,2681827,0
"1990-08-20",2734757,2734757,2646539,2646540,34
"1990-08-21",2664183,2664183,2646540,2664185,60
"1990-08-22",2681826,2717113,2681826,2717115,70
"1990-08-23",2734758,2752401,2734758,2752402,74
"1990-08-24",2770044,2787689,2770044,2787689,105
"1990-08-25",2822976,2822976,2822976,2822976,29
"1990-08-27",2822976,2964124,2822976,2964126,36
"1990-08-28",3017054,3105273,3017054,3105275,54
"1990-08-29",3017053,3017053,2964123,2981768,11
"1990-08-30",2840619,2911193,2840619,2840621,3
"1990-08-31",2699470,2787689,2699470,2699472,39
"1990-09-01",2699470,2717113,2699470,2699472,2
"1990-09-03",2699470,2840619,2699470,2840621,7
"1990-09-04",2822976,2840619,2717113,2770046,30
"1990-09-05",2770044,2770044,2770044,2770046,1
"1990-09-06",2787689,2787689,2681826,2787689,41
"1990-09-07",2699469,2787689,2699469,2787689,25
"1990-09-08",2717113,2734757,2717113,2717115,2
"1990-09-10",2699469,2787689,2699469,2787689,20
"1990-09-11",2717113,2717113,2717113,2717115,4
"1990-09-12",2681826,2717113,2681826,2717115,10
"1990-09-13",2681827,2734757,2664182,2734759,36
"1990-09-14",2699471,2770044,2699471,2752402,36
"1990-09-15",2770044,2770044,2770044,2770046,17
"1990-09-17",2628896,2628896,2628896,2628897,1
"1990-09-18",2523035,2734758,2523035,2681827,7
"1990-09-19",2699470,2717113,2611252,2611253,13
"1990-09-20",2575964,2628896,2575964,2628897,10
"1990-09-21",2646539,2646539,2646539,2646540,22
"1990-09-22",2558321,2558321,2558321,2558323,2
"1990-09-24",2646539,2646539,2558321,2646540,2
"1990-09-25",2628896,2699470,2628896,2699472,13
"1990-09-26",2681826,2717113,2681826,2717115,17
"1990-09-27",2575964,2734757,2575964,2646540,6
"1990-09-28",2717113,2717113,2611252,2717115,6
"1990-09-29",2717113,2717113,2717113,2717115,25
"1990-10-05",2770044,2787689,2752401,2770046,12
"1990-10-06",2699470,2770044,2699470,2770046,18
"1990-10-08",2770044,2770044,2770044,2770046,7
"1990-10-10",2770044,2770044,2699471,2752402,20
"1990-10-11",2770045,2805331,2770045,2805334,6
"1990-10-12",2681826,2875905,2681826,2858264,26
"1990-10-13",2875905,2893550,2875905,2893551,16
"1990-10-15",2893549,2981767,2893549,2981768,12
"1990-10-16",2981767,2981767,2946480,2946481,1
"1990-10-17",2981768,2999411,2981768,2999413,27
"1990-10-18",3034699,3087629,3034699,3034700,56
"1990-10-19",3052342,3175846,3052342,3175849,26
"1990-10-20",3140560,3211135,3122916,3211136,51
"1990-10-22",3158203,3246421,3158203,3211136,26
"1990-10-23",3246421,3352284,3246421,3352285,78
"1990-10-24",3422857,3493432,3422857,3422859,121
"1990-10-25",3316996,3316996,3316996,3316998,29
"1990-10-26",3175846,3175846,3175846,3175849,29
"1990-10-27",3034699,3034699,3034699,3034700,0
"1990-10-29",2911193,3175847,2911193,3034700,39
"1990-10-30",2999412,3034699,2981768,3034700,35
"1990-10-31",2928837,2999411,2928837,2999413,7
"1990-11-01",2999411,3140559,2999411,3140561,13
"1990-11-02",3122917,3122917,3105273,3105275,1
"1990-11-03",2999411,2999411,2999411,2999413,1
"1990-11-05",2981767,2981767,2981767,2981768,0
"1990-11-06",2981767,2981767,2911192,2911195,2
"1990-11-07",2875906,2964124,2840619,2964126,21
"1990-11-08",2928837,2928837,2875905,2928838,10
"1990-11-09",2875907,2875907,2840619,2840621,6
"1990-11-10",2822976,2822976,2805331,2822976,10
"1990-11-12",2822975,2858264,2822975,2840621,7
"1990-11-13",2858263,2875905,2822975,2858264,22
"1990-11-14",2858263,2875905,2858263,2858264,8
"1990-11-15",2717113,2911193,2717113,2875907,6
"1990-11-16",2840619,2875905,2840619,2875907,7
"1990-11-17",2875905,2981767,2840618,2981768,32
"1990-11-19",2964123,2964123,2875905,2875907,8
"1990-11-20",2822975,2840619,2770044,2840621,11
"1990-11-21",2770044,2858263,2770044,2858264,2
"1990-11-22",2858262,2875905,2858262,2875907,11
"1990-11-23",2875905,2875905,2875905,2875907,0
"1990-11-24",2875905,2875905,2858262,2875907,26
"1990-11-26",2752401,2805331,2752401,2805334,1
"1990-11-27",2840619,2875905,2840619,2875907,2
"1990-11-28",2875905,2875905,2858262,2875907,15
"1990-11-29",2875905,2875905,2875905,2875907,10
"1990-11-30",2840619,2875905,2787688,2875907,6
"1990-12-01",2911192,2981767,2911192,2981768,20
"1990-12-03",3017054,3017054,2840619,2840621,6
"1990-12-04",2928837,2928837,2911192,2911195,18
"1990-12-05",2911193,2946480,2911193,2946481,10
"1990-12-06",2946480,2946480,2946480,2946481,12
"1990-12-07",2893550,2999411,2893550,2999413,46
"1990-12-08",3017053,3034697,2981767,2981768,15
"1990-12-10",2999412,3017054,2928837,2928838,8
"1990-12-11",2928837,2928837,2893550,2893551,10
"1990-12-12",2875905,2893550,2875905,2893551,16
"1990-12-13",2822975,2840619,2822975,2840621,12
"1990-12-14",2822975,2893550,2822975,2840621,10
"1990-12-15",2858263,2858263,2858263,2858264,2
"1990-12-17",2787689,2858262,2787689,2822976,8
"1990-12-18",2822975,2858263,2822975,2858264,15
"1990-12-19",2822976,2822976,2822976,2822976,8
"1990-12-20",2752401,2822976,2752401,2822976,17
"1990-12-21",2822975,2875905,2822975,2875907,7
"1990-12-22",2875905,2875905,2858262,2875907,10
"1990-12-24",2858262,2893550,2858262,2875907,16
"1990-12-26",2911192,2928837,2911192,2911195,19
"1991-01-03",2911192,2911192,2911192,2911195,0
"1991-01-04",2840619,2858263,2840619,2858264,3
"1991-01-05",2858263,2858263,2858263,2858264,0
"1991-01-07",2734757,2770044,2717113,2717115,1
"1991-01-08",2593608,2646538,2593608,2611253,1
"1991-01-09",2611252,2646539,2611252,2628897,3
"1991-01-10",2558321,2593608,2558321,2558323,3
"1991-01-11",2505388,2505388,2505388,2505392,1
"1991-01-12",2558321,2558321,2558321,2558323,0
"1991-01-14",2487746,2505388,2487746,2505392,2
"1991-01-15",2399529,2399529,2399529,2399531,3
"1991-01-16",2293666,2505388,2293666,2505392,2
"1991-01-17",2399528,2611252,2399528,2611253,15
"1991-01-18",2717114,2717114,2681827,2681827,6
"1991-01-19",2558321,2558321,2558321,2558323,1
"1991-01-21",2470104,2470104,2452460,2452461,0
"1991-01-22",2434814,2434814,2434814,2434817,1
"1991-01-23",2364241,2540678,2364241,2540679,3
"1991-01-24",2452459,2540678,2434817,2540679,6
"1991-01-25",2540676,2558320,2505388,2505392,10
"1991-01-26",2487748,2487748,2434816,2452461,115
"1991-01-28",2487746,2505388,2487746,2505392,6
"1991-01-29",2399528,2470103,2399528,2470104,3
"1991-01-30",2470103,2558321,2452459,2558323,10
"1991-01-31",2470103,2558321,2470103,2558323,0
"1991-02-01",2523035,2523035,2523035,2523035,1
"1991-02-02",2523035,2523035,2523035,2523035,1
"1991-02-04",2523033,2523033,2487746,2505392,4
"1991-02-05",2505388,2505388,2505388,2505392,3
"1991-02-06",2505388,2505388,2434814,2505392,2
"1991-02-07",2505388,2505388,2505388,2505392,0
"1991-02-08",2434814,2434814,2434814,2434817,1
"1991-02-09",2434814,2505388,2434814,2505392,3
"1991-02-11",2505388,2505388,2505388,2505392,0
"1991-02-12",2470103,2558321,2470103,2558323,10
"1991-02-13",2505390,2523035,2505390,2523035,3
"1991-02-18",2593608,2628896,2593608,2628897,10
"1991-02-19",2628894,2628894,2558319,2575965,8
"1991-02-20",2575963,2611251,2575963,2575965,15
"1991-02-21",2628896,2628896,2611252,2611253,2
"1991-02-22",2664182,2664182,2611252,2611253,6
"1991-02-23",2611252,2717113,2611252,2717115,12
"1991-02-25",2787689,2822975,2770044,2787689,15
"1991-02-26",2646539,2770044,2646539,2699472,11
"1991-02-27",2611252,2646538,2611252,2611253,2
"1991-02-28",2646540,2681827,2646540,2681827,13
"1991-03-02",2681827,2699470,2681827,2699472,6
"1991-03-04",2717114,2734757,2717114,2734759,31
"1991-03-05",2734757,2752401,2717113,2717115,6
"1991-03-06",2717113,2734757,2717113,2717115,7
"1991-03-07",2752400,2805330,2752400,2787689,8
"1991-03-08",2734757,2893550,2699470,2858264,18
"1991-03-09",2893550,2999411,2875905,2911195,86
"1991-03-11",2928837,2999413,2928837,2981768,66
"1991-03-12",3034699,3034699,2928837,2928838,19
"1991-03-13",2875905,2928837,2858263,2928838,6
"1991-03-14",2928837,2964124,2893550,2893551,6
"1991-03-15",2893550,2999411,2893550,2999413,31
"1991-03-16",2999411,3017054,2946480,2999413,12
"1991-03-18",2999412,2999412,2946480,2946481,11
"1991-03-19",2805330,2911192,2805330,2911195,19
"1991-03-20",2787689,2911193,2787689,2858264,3
"1991-03-21",2858263,2893550,2858263,2893551,38
"1991-03-22",2822975,2858263,2822975,2858264,3
"1991-03-23",2858263,2858263,2858263,2858264,0
"1991-03-25",2752400,2911192,2752400,2911195,6
"1991-03-27",2787689,2911192,2787689,2893551,39
"1991-03-28",2893550,2946481,2893550,2893551,36
"1991-03-29",2858263,2893550,2805332,2893551,2
"1991-03-30",2893550,2946481,2893550,2893551,74
"1991-04-01",2946480,2946480,2946480,2946481,2
"1991-04-02",2805331,2928837,2805331,2928838,7
"1991-04-03",2911192,2911192,2911192,2911195,0
"1991-04-04",2822975,2875905,2822975,2875907,2
"1991-04-06",2875905,2875905,2875905,2875907,0
"1991-04-08",2858263,2858263,2858263,2858264,0
"1991-04-09",2840619,2840619,2840619,2840621,0
"1991-04-10",2822976,2822976,2822976,2822976,0
"1991-04-11",2770044,2787689,2770044,2787689,1
"1991-04-12",2787689,2787689,2770044,2787689,8
"1991-04-13",2734757,2734757,2734757,2734759,1
"1991-04-15",2734757,2734757,2734757,2734759,0
"1991-04-16",2611252,2717113,2611252,2611253,1
"1991-04-17",2611252,2611252,2611252,2611253,1
"1991-04-18",2558322,2593609,2523035,2523035,74
"1991-04-19",2558322,2558322,2540678,2540679,1
"1991-04-20",2523033,2523033,2505388,2505392,2
"1991-04-22",2505388,2505388,2505388,2505392,1
"1991-04-23",2487747,2611252,2487747,2611253,2
"1991-04-24",2505390,2593609,2505390,2523035,11
"1991-04-25",2487746,2540676,2487746,2505392,3
"1991-04-26",2505388,2505388,2505388,2505392,1
"1991-04-27",2505388,2505388,2505388,2505392,0
"1991-04-29",2593608,2593608,2558321,2558323,1
"1991-04-30",2593608,2593608,2558321,2558323,2
"1991-05-01",2558319,2593607,2558319,2575965,4
"1991-05-02",2628895,2664182,2558321,2558323,6
"1991-05-03",2558321,2611252,2558321,2611253,0
"1991-05-04",2558321,2611252,2540678,2611253,4
"1991-05-06",2575963,2575963,2523033,2575965,2
"1991-05-07",2558321,2558321,2558321,2558323,0
"1991-05-08",2505388,2505388,2505388,2505392,1
"1991-05-09",2452458,2505388,2452458,2505392,2
"1991-05-10",2470103,2470103,2452460,2470104,3
"1991-05-11",2470103,2470103,2470103,2470104,1
"1991-05-13",2434817,2540678,2434817,2540679,1
"1991-05-14",2540678,2540678,2540678,2540679,2
"1991-05-15",2628896,2628896,2558321,2628897,10
"1991-05-16",2628896,2628896,2628896,2628897,8
"1991-05-17",2593609,2699470,2593609,2699472,11
"1991-05-18",2681827,2752401,2664183,2752402,21
"1991-05-20",2717113,2822976,2681827,2822976,37
"1991-05-22",2734758,2752401,2699471,2752402,7
"1991-05-23",2664182,2717113,2611252,2717115,6
"1991-05-24",2646539,2646539,2646539,2646540,0
"1991-05-25",2752401,2752401,2752401,2752402,0
"1991-05-27",2611252,2752401,2611252,2752402,30
"1991-05-28",2699471,2699471,2681827,2681827,6
"1991-05-29",2699470,2699470,2699470,2699472,0
"1991-05-30",2699470,2699470,2699470,2699472,0
"1991-05-31",2575965,2681827,2575965,2681827,0
"1991-06-01",2664183,2664183,2664183,2664185,0
"1991-06-03",2611251,2611251,2575963,2575965,1
"1991-06-04",2575963,2575963,2575963,2575965,0
"1991-06-05",2575965,2664183,2575965,2664185,1
"1991-06-07",2523035,2664183,2523035,2664185,0
"1991-06-08",2523033,2646539,2523033,2646540,0
"1991-06-10",2540678,2540678,2540678,2540679,0
"1991-06-11",2540677,2628896,2540677,2628897,0
"1991-06-12",2628896,2628896,2611252,2611253,2
"1991-06-13",2593608,2611252,2540678,2611253,6
"1991-06-14",2646539,2646539,2558321,2628897,2
"1991-06-15",2646539,2646539,2646539,2646540,0
"1991-06-17",2646539,2646539,2646539,2646540,0
"1991-06-18",2646539,2646539,2646539,2646540,11
"1991-06-19",2505391,2628897,2505391,2540679,1
"1991-06-21",2540678,2540678,2540678,2540679,0
"1991-06-22",2505390,2505390,2470103,2470104,2
"1991-06-24",2434814,2434814,2434814,2434817,0
"1991-06-25",2434816,2523035,2381886,2523035,0
"1991-06-26",2523034,2523034,2470103,2470104,15
"1991-06-27",2470103,2470103,2470103,2470104,0
"1991-06-28",2487748,2487748,2452460,2487748,2
"1991-06-29",2487748,2593609,2487748,2487748,3
"1991-07-01",2523034,2558322,2523034,2540679,26
"1991-07-02",2540678,2540678,2523035,2523035,1
"1991-07-03",2470103,2505390,2470103,2470104,11
"1991-07-04",2470103,2470103,2470103,2470104,0
"1991-07-05",2470103,2558321,2470103,2558323,6
"1991-07-06",2558321,2558321,2558321,2558323,0
"1991-07-08",2523035,2540678,2523035,2523035,1
"1991-07-09",2470103,2470103,2470103,2470104,1
"1991-07-10",2452458,2452458,2434814,2434817,3
"1991-07-11",2417172,2505388,2417172,2505392,7
"1991-07-12",2523034,2523034,2470103,2470104,2
"1991-07-13",2452460,2452460,2452460,2452461,0
"1991-07-15",2470103,2470103,2470103,2470104,6
"1991-07-16",2470102,2470102,2434814,2434817,7
"1991-07-18",2452460,2523035,2434816,2523035,12
"1991-07-19",2523034,2523034,2470103,2470104,6
"1991-07-20",2470104,2523034,2452460,2452461,12
"1991-07-22",2434816,2487746,2417173,2417173,11
"1991-07-23",2452459,2487746,2417173,2417173,31
"1991-07-24",2505390,2523035,2487748,2523035,26
"1991-07-25",2593609,2628897,2523035,2523035,51
"1991-07-26",2523034,2628896,2523034,2628897,22
"1991-07-27",2699471,2699471,2664183,2681827,4
"1991-07-29",2699469,2699469,2558321,2646540,37
"1991-07-30",2646540,2717114,2646540,2681827,51
"1991-07-31",2699469,2699469,2575963,2575965,22
"1991-08-01",2540678,2611253,2505391,2540679,20
"1991-08-02",2540677,2575963,2540677,2575965,8
"1991-08-03",2540678,2575965,2540678,2540679,13
"1991-08-05",2575965,2611252,2558321,2593610,84
"1991-08-06",2628896,2699469,2593608,2628897,70
"1991-08-07",2523033,2628895,2523033,2558323,12
"1991-08-08",2487747,2558321,2470103,2558323,4
"1991-08-09",2505391,2558322,2505391,2540679,17
"1991-08-10",2540678,2540678,2470104,2540679,7
"1991-08-12",2487748,2487748,2487748,2487748,4
"1991-08-13",2399528,2470103,2399528,2470104,7
"1991-08-14",2434816,2434816,2381886,2381886,6
"1991-08-16",2364241,2487748,2364241,2487748,4
"1991-08-17",2452460,2452460,2452460,2452461,0
"1991-08-19",2346598,2346598,2346598,2346599,1
"1991-08-20",2328955,2328955,2328955,2328956,1
"1991-08-21",2328955,2364241,2293666,2328956,12
"1991-08-22",2381886,2399529,2364241,2364243,49
"1991-08-23",2364240,2364240,2293666,2311312,4
"1991-08-24",2311310,2311310,2311310,2311312,6
"1991-08-26",2311310,2311310,2240736,2311312,39
"1991-08-27",2311311,2328955,2293668,2293669,10
"1991-08-28",2258380,2293667,2240736,2258382,50
"1991-08-29",2240736,2276023,2240736,2276024,7
"1991-08-30",2258380,2276024,2240736,2258382,10
"1991-08-31",2205449,2276024,2205449,2205451,2
"1991-09-02",2276025,2276025,2152518,2152520,32
"1991-09-03",2258380,2258380,2152518,2170163,13
"1991-09-04",2205449,2223092,2205449,2205451,11
"1991-09-05",2205450,2205450,2117231,2152520,17
"1991-09-06",2099588,2205450,2099588,2152520,7
"1991-09-07",2187806,2187806,2152518,2152520,2
"1991-09-09",2152517,2205449,2152517,2205451,35
"1991-09-10",2205449,2205449,2134875,2134876,2
"1991-09-11",2134875,2187805,2134875,2187807,13
"1991-09-12",2187806,2187806,2134875,2134876,3
"1991-09-13",2152518,2187805,2081944,2099589,12
"1991-09-14",2117231,2170162,2117231,2170163,1
"1991-09-16",2205449,2205449,2205449,2205451,0
"1991-09-17",2170163,2170163,2134876,2152520,3
"1991-09-18",2152517,2152517,2117231,2117232,3
"1991-09-19",2117231,2117231,2117231,2117232,19
"1991-09-20",2117231,2152517,2117231,2134876,37
"1991-09-24",2134875,2152517,2134875,2134876,3
"1991-09-25",2134875,2134875,2134875,2134876,0
"1991-09-26",2170162,2170162,2117231,2117232,3
"1991-09-27",2117231,2117231,2117231,2117232,6
"1991-09-28",2134875,2134875,2117231,2117232,2
"1991-09-30",2134875,2134875,2117231,2134876,25
"1991-10-01",2134875,2152517,2134875,2134876,17
"1991-10-02",2117231,2117231,2117231,2117232,7
"1991-10-04",2117231,2117231,2081944,2099589,41
"1991-10-05",2099587,2117231,2099587,2117232,8
"1991-10-07",2099587,2117231,2099587,2099589,1
"1991-10-08",2064300,2064300,2064300,2064301,0
"1991-10-09",2029013,2117231,2029013,2117232,10
"1991-10-10",2029014,2029014,2029014,2029014,1
"1991-10-11",2029014,2029014,1993725,2029014,6
"1991-10-12",2029014,2029014,1993725,2029014,3
"1991-10-14",2029014,2029014,2029014,2029014,4
"1991-10-15",2011370,2011370,1940795,1940797,3
"1991-10-16",1940795,1940795,1852576,1852579,19
"1991-10-17",1834934,1887864,1817289,1852579,27
"1991-10-18",1870221,1870221,1764359,1852579,25
"1991-10-19",1852576,1940794,1852576,1923153,15
"1991-10-21",1940795,2029014,1940795,2029014,15
"1991-10-22",2099588,2099588,1940795,1940797,12
"1991-10-23",1940795,1993725,1940795,1940797,16
"1991-10-24",1940795,1958439,1870221,1870222,11
"1991-10-25",1870221,1887864,1870221,1870222,42
"1991-10-26",1870221,1905509,1870221,1870222,38
"1991-10-28",1940796,1940796,1887865,1887866,3
"1991-10-29",1940796,1940796,1887865,1887866,32
"1991-10-30",1887863,1993724,1887863,1993727,36
"1991-10-31",2081943,2099587,1993725,2064301,79
"1991-11-01",2011370,2011370,1958438,1958439,3
"1991-11-02",1923151,1940794,1870221,1923153,13
"1991-11-04",1923150,2011368,1923150,1993727,68
"1991-11-05",1958439,1958439,1940795,1940797,10
"1991-11-06",1940794,1940794,1923151,1923153,12
"1991-11-07",1923151,2029013,1923151,2011370,109
"1991-11-08",2029013,2117231,2029013,2117232,157
"1991-11-09",2170162,2223092,2170162,2187807,198
"1991-11-11",2187805,2276023,2187805,2276024,289
"1991-11-12",2293667,2311310,2205449,2205451,78
"1991-11-13",2170163,2205450,2152518,2152520,40
"1991-11-14",2134875,2205450,2099587,2099589,54
"1991-11-15",2081944,2134875,2064301,2117232,48
"1991-11-16",2099588,2099588,2046656,2081945,10
"1991-11-18",2099587,2099587,1993724,2011370,13
"1991-11-19",2011370,2117232,1976083,2029014,25
"1991-11-20",1993725,2099588,1993725,2029014,20
"1991-11-21",2029013,2099587,2029013,2064301,39
"1991-11-22",2081944,2134875,2081944,2099589,48
"1991-11-23",2099587,2117231,2064300,2064301,21
"1991-11-25",2046657,2046657,2029014,2029014,29
"1991-11-26",2011369,2029013,2011369,2011370,17
"1991-11-27",1993725,1993725,1958438,1958439,37
"1991-11-28",1940794,2011369,1940794,2011370,42
"1991-11-29",2011370,2011370,1958438,1958439,42
"1991-11-30",1940795,2011369,1870221,1870222,50
"1991-12-02",1870221,1940795,1817289,1852579,132
"1991-12-03",1852576,1852576,1799646,1834935,64
"1991-12-04",1852577,1852577,1729072,1729073,58
"1991-12-05",1676141,1676141,1658498,1658498,56
"1991-12-06",1587923,1658498,1587923,1587924,322
"1991-12-07",1517348,1517348,1517348,1517349,36
"1991-12-09",1446772,1446772,1446772,1446776,6
"1991-12-10",1376199,1448538,1376199,1376202,877
"1991-12-11",1305624,1446772,1305624,1446776,572
"1991-12-12",1517348,1517348,1517348,1517349,114
"1991-12-13",1587923,1587923,1587923,1587924,51
"1991-12-14",1658498,1658498,1587923,1658498,944
"1991-12-16",1605566,1676141,1605566,1658498,208
"1991-12-17",1658498,1729072,1623211,1729073,332
"1991-12-18",1727307,1782002,1693785,1693786,420
"1991-12-19",1658497,1729072,1623211,1623211,184
"1991-12-20",1623211,1623211,1552636,1552637,126
"1991-12-21",1482060,1534991,1482060,1482062,117
"1991-12-23",1415015,1415015,1411487,1411489,60
"1991-12-24",1360319,1482060,1342675,1482062,213
"1991-12-26",1515584,1515584,1411487,1411489,250
"1992-01-03",1376200,1376200,1287981,1340915,125
"1992-01-04",1411487,1411487,1376200,1411489,88
"1992-01-06",1482060,1482060,1482060,1482062,85
"1992-01-07",1552636,1552636,1552636,1552637,66
"1992-01-08",1623211,1623211,1623211,1623211,170
"1992-01-09",1676141,1676141,1552636,1552637,265
"1992-01-10",1533227,1623211,1533227,1587924,210
"1992-01-11",1623211,1649676,1587922,1605568,69
"1992-01-13",1536756,1605566,1534992,1534994,65
"1992-01-14",1490884,1587923,1490884,1570281,47
"1992-01-15",1552637,1552637,1499705,1499706,55
"1992-01-16",1446773,1570278,1446773,1482062,59
"1992-01-17",1482062,1552636,1482062,1552637,132
"1992-01-18",1621446,1623211,1605566,1623211,93
"1992-01-20",1693785,1693785,1693785,1693786,176
"1992-01-21",1764359,1764359,1764359,1764360,137
"1992-01-22",1870221,1870221,1870221,1870222,89
"1992-01-23",1976083,1976083,1976083,1976084,137
"1992-01-24",2081944,2081944,2081944,2081945,715
"1992-01-25",2152518,2170162,1976083,2081945,452
"1992-01-27",2081944,2134875,2046656,2099589,280
"1992-01-28",2029014,2099588,2029014,2029014,170
"1992-01-29",2029013,2117231,2011369,2117232,182
"1992-01-30",2152517,2152517,2081944,2134876,115
"1992-01-31",2152518,2240736,2152518,2240738,163
"1992-02-01",2293666,2346598,2258379,2346599,161
"1992-02-06",2399529,2417173,2240736,2240738,96
"1992-02-07",2240736,2276024,2170162,2240738,115
"1992-02-08",2240736,2240736,2187805,2187807,128
"1992-02-10",2187807,2293667,2187807,2258382,253
"1992-02-11",2258379,2293666,2258379,2276024,178
"1992-02-12",2276025,2311311,2276025,2293669,183
"1992-02-13",2276025,2293666,2187805,2187807,94
"1992-02-14",2187806,2187806,2117231,2170163,56
"1992-02-15",2187805,2187805,2152517,2187807,58
"1992-02-17",2170162,2170162,2099587,2099589,89
"1992-02-18",2099587,2099587,2011370,2099589,97
"1992-02-19",2134875,2205450,2064301,2187807,266
"1992-02-20",2187806,2187806,2081944,2081945,84
"1992-02-21",2081944,2117231,2081944,2099589,73
"1992-02-22",2117231,2187805,2117231,2187807,209
"1992-02-24",2187806,2223093,2117231,2152520,56
"1992-02-25",2117231,2117231,2064300,2064301,55
"1992-02-26",2081944,2081944,2029014,2029014,55
"1992-02-27",2029013,2081943,2029013,2064301,107
"1992-02-28",2081944,2170163,2064301,2152520,241
"1992-02-29",2152517,2205449,2117231,2117232,87
"1992-03-02",2117231,2223092,2117231,2134876,214
"1992-03-03",2134876,2205450,2134876,2152520,205
"1992-03-04",2170162,2170162,2099587,2117232,69
"1992-03-05",2064301,2170162,2064301,2099589,83
"1992-03-06",2099586,2099586,2046656,2046658,50
"1992-03-07",2029014,2081944,2029014,2029014,57
"1992-03-09",2064301,2064301,2029014,2029014,78
"1992-03-11",2029012,2029012,1993724,1993727,58
"1992-03-12",1958438,2011370,1958438,1958439,68
"1992-03-13",1958438,1976083,1923151,1923153,58
"1992-03-14",1923151,1923151,1817290,1834935,68
"1992-03-16",1817290,1817290,1746715,1764360,85
"1992-03-17",1764360,1852576,1764360,1834935,96
"1992-03-18",1852576,1852576,1762594,1762596,117
"1992-03-19",1711427,1746715,1692019,1692022,64
"1992-03-20",1621446,1658498,1621446,1621447,262
"1992-03-21",1621446,1676141,1587923,1587924,83
"1992-03-23",1623211,1640852,1605566,1632033,220
"1992-03-25",1621445,1621445,1561457,1561459,41
"1992-03-26",1561457,1632031,1526170,1632033,141
"1992-03-27",1700842,1702606,1700842,1702608,128
"1992-03-28",1764359,1764359,1764359,1764360,169
"1992-03-30",1764360,1799646,1658498,1658498,143
"1992-03-31",1676141,1693785,1640853,1658498,55
"1992-04-01",1693784,1720249,1676140,1720251,101
"1992-04-02",1720249,1782002,1720249,1782004,193
"1992-04-03",1887864,1887864,1799646,1799648,171
"1992-04-04",1834935,1834935,1729073,1746717,59
"1992-04-06",1693785,1817291,1693785,1817291,137
"1992-04-07",1852576,1887865,1764359,1764360,132
"1992-04-08",1764360,1799646,1658498,1658498,76
"1992-04-09",1658497,1729072,1658497,1693786,80
"1992-04-10",1729072,1729072,1693784,1711429,88
"1992-04-11",1640853,1676141,1640853,1676143,20
"1992-04-13",1676141,1693785,1658498,1658498,36
"1992-04-14",1658498,1729072,1626740,1729073,161
"1992-04-15",1729072,1799646,1711427,1764360,298
"1992-04-16",1764359,1799646,1658497,1693786,220
"1992-04-17",1729072,1729072,1640853,1684964,161
"1992-04-18",1693785,1711427,1676141,1693786,131
"1992-04-20",1711427,1764359,1711427,1764360,170
"1992-04-21",1852577,1870221,1852577,1870222,256
"1992-04-22",1958438,1958438,1834933,1834935,546
"1992-04-23",1852576,1887863,1764360,1834935,235
"1992-04-24",1870221,1887863,1834933,1834935,295
"1992-04-25",1870221,1887863,1834933,1834935,140
"1992-04-27",1870221,1940795,1870221,1940797,179
"1992-04-28",1958438,1976083,1834933,1834935,161
"1992-04-29",1834934,1905509,1834934,1870222,84
"1992-04-30",1852576,1887863,1834933,1834935,125
"1992-05-01",1834935,1870222,1817291,1817291,125
"1992-05-02",1799646,1799646,1764359,1782004,59
"1992-05-04",1782002,1817290,1730837,1748482,69
"1992-05-06",1764361,1799647,1727308,1727309,107
"1992-05-07",1729072,1748479,1693785,1693786,101
"1992-05-08",1676141,1729072,1676141,1695550,48
"1992-05-09",1713193,1729072,1676141,1676143,32
"1992-05-11",1676141,1711427,1676141,1693786,59
"1992-05-12",1693785,1729072,1676141,1729073,32
"1992-05-13",1729072,1744950,1711427,1720251,59
"1992-05-14",1729072,1764361,1695550,1727309,54
"1992-05-15",1725544,1725544,1676141,1676143,80
"1992-05-16",1676141,1723779,1676141,1693786,20
"1992-05-18",1676141,1711427,1676141,1676143,57
"1992-05-19",1676140,1729072,1676140,1720251,161
"1992-05-20",1755537,1782002,1658497,1711429,57
"1992-05-21",1702607,1702607,1640853,1658498,64
"1992-05-22",1660262,1674377,1587923,1587924,54
"1992-05-23",1587923,1621446,1587923,1587924,78
"1992-05-25",1596745,1596745,1552636,1552637,47
"1992-05-26",1552636,1623211,1517348,1623211,85
"1992-05-27",1674377,1674377,1589687,1640856,70
"1992-05-28",1591451,1640853,1591451,1605568,49
"1992-05-29",1570279,1603802,1552636,1552637,56
"1992-05-30",1579101,1579101,1556165,1568516,12
"1992-06-01",1572043,1572043,1517349,1534994,21
"1992-06-02",1517348,1534991,1517348,1517349,20
"1992-06-03",1534991,1570278,1519112,1549108,21
"1992-06-04",1534991,1549106,1517348,1517349,20
"1992-06-05",1490884,1517349,1490884,1490884,48
"1992-06-08",1446774,1464418,1429131,1429132,32
"1992-06-09",1429131,1429131,1358556,1393845,75
"1992-06-10",1393844,1446774,1393844,1445011,40
"1992-06-11",1429130,1515584,1429130,1515585,52
"1992-06-12",1577337,1586158,1534991,1586160,154
"1992-06-13",1623211,1623211,1570279,1570281,85
"1992-06-15",1549107,1570279,1534992,1552637,73
"1992-06-16",1552635,1552635,1482060,1482062,32
"1992-06-17",1446774,1482062,1446774,1455597,57
"1992-06-18",1446774,1482061,1446774,1464419,12
"1992-06-19",1464418,1482062,1429131,1429132,27
"1992-06-20",1429130,1499703,1429130,1446776,3
"1992-06-22",1482061,1482061,1430895,1446776,17
"1992-06-23",1446774,1464419,1429131,1437954,37
"1992-06-24",1437952,1437952,1411487,1411489,31
"1992-06-25",1376200,1429131,1374435,1393845,49
"1992-06-26",1411487,1429130,1393843,1411489,32
"1992-06-27",1411488,1429131,1376200,1429132,22
"1992-06-29",1429131,1429131,1393844,1393845,36
"1992-06-30",1393844,1429131,1393844,1393845,27
"1992-07-01",1393844,1464418,1393844,1464419,44
"1992-07-02",1446773,1497940,1411487,1411489,17
"1992-07-03",1411487,1411487,1393843,1411489,15
"1992-07-04",1411487,1411487,1393844,1393845,35
"1992-07-06",1358556,1385022,1358556,1362086,20
"1992-07-07",1342676,1432659,1342676,1432661,38
"1992-07-08",1429130,1473239,1397372,1411489,106
"1992-07-09",1411488,1411488,1376199,1376202,42
"1992-07-10",1376199,1446772,1376199,1446776,32
"1992-07-11",1437952,1446774,1411488,1429132,46
"1992-07-13",1411487,1411487,1393844,1393845,38
"1992-07-14",1376200,1420308,1376200,1411489,40
"1992-07-15",1393844,1393844,1358557,1358557,17
"1992-07-16",1340912,1358557,1340912,1358557,8
"1992-07-18",1293275,1358556,1293275,1323270,4
"1992-07-20",1305625,1346205,1270337,1270340,25
"1992-07-21",1270338,1305625,1270338,1287983,20
"1992-07-22",1305625,1356792,1279159,1340915,44
"1992-07-23",1270338,1305626,1270338,1279161,25
"1992-07-24",1289745,1314447,1289745,1293276,12
"1992-07-25",1289745,1339147,1289745,1323270,10
"1992-07-27",1287981,1337383,1287981,1323270,22
"1992-07-28",1323269,1325034,1287982,1287983,30
"1992-07-29",1287981,1287981,1252695,1252695,49
"1992-07-30",1252695,1287982,1252695,1287983,36
"1992-07-31",1287982,1287982,1252695,1286219,7
"1992-08-01",1215643,1265044,1215643,1256224,18
"1992-08-03",1235051,1238580,1235051,1235053,13
"1992-08-04",1235051,1235051,1217408,1219173,25
"1992-08-05",1222702,1235051,1219172,1219173,22
"1992-08-06",1219172,1270337,1182120,1256224,20
"1992-08-07",1252695,1270338,1203292,1203294,16
"1992-08-08",1182120,1190943,1182120,1183886,10
"1992-08-10",1185648,1235049,1185648,1233288,11
"1992-08-11",1235051,1252696,1235051,1235053,16
"1992-08-12",1235049,1252694,1203291,1233288,20
"1992-08-13",1183885,1217408,1183885,1217408,2
"1992-08-14",1164477,1164477,1164477,1164478,1
"1992-08-17",1129189,1129189,1111546,1111547,6
"1992-08-18",1058615,1145069,1058615,1092139,55
"1992-08-19",1093902,1093902,1039207,1058616,40
"1992-08-20",1040971,1040971,1005683,1005685,30
"1992-08-21",988039,988039,952753,970398,68
"1992-08-22",988040,1023328,988040,1023329,36
"1992-08-24",1076258,1076258,1074494,1076260,40
"1992-08-25",1095666,1129189,1095666,1129191,55
"1992-08-26",1164476,1182120,1164476,1182121,67
"1992-08-27",1235051,1235051,1235051,1235053,44
"1992-08-28",1296804,1303861,1217408,1219173,169
"1992-08-29",1235050,1272103,1235050,1272104,75
"1992-08-31",1340912,1342677,1277395,1342679,105
"1992-09-01",1413251,1413251,1273866,1273868,197
"1992-09-02",1279159,1305625,1235050,1270340,74
"1992-09-03",1300332,1323269,1261517,1323270,83
"1992-09-04",1279159,1279159,1252695,1252695,42
"1992-09-05",1199763,1252696,1199763,1199765,22
"1992-09-07",1182120,1252695,1182120,1252695,51
"1992-09-08",1287982,1305625,1270338,1287983,60
"1992-09-09",1287981,1323269,1270337,1270340,56
"1992-09-14",1270338,1340912,1270338,1307391,118
"1992-09-15",1323269,1323269,1279160,1279161,46
"1992-09-16",1235050,1296804,1235050,1243874,37
"1992-09-17",1235051,1270338,1235051,1247402,31
"1992-09-18",1252695,1270337,1252695,1270340,46
"1992-09-19",1272103,1305626,1272103,1305627,21
"1992-09-21",1323269,1340911,1243872,1243874,70
"1992-09-22",1217407,1252695,1208585,1252695,93
"1992-09-23",1252695,1296803,1252695,1270340,37
"1992-09-24",1272103,1305625,1250931,1252695,88
"1992-09-25",1287981,1287981,1252695,1270340,55
"1992-09-26",1270338,1287982,1270338,1279161,49
"1992-09-28",1270337,1270337,1236814,1243874,44
"1992-09-29",1217408,1252696,1201529,1219173,47
"1992-09-30",1199763,1272103,1199763,1217408,21
"1992-10-01",1168005,1229757,1168005,1217408,26
"1992-10-02",1217408,1217408,1217408,1217408,6
"1992-10-05",1190943,1190943,1164476,1182121,13
"1992-10-06",1146833,1173298,1146833,1173300,21
"1992-10-07",1175062,1220937,1164476,1220937,52
"1992-10-08",1215644,1242109,1168005,1198001,35
"1992-10-09",1164477,1197999,1164477,1198001,22
"1992-10-10",1190943,1199763,1164477,1199765,39
"1992-10-12",1164477,1173298,1150362,1164478,19
"1992-10-13",1146833,1178591,1146833,1178593,37
"1992-10-14",1182120,1197999,1182120,1194472,17
"1992-10-15",1196234,1196234,1182120,1190943,35
"1992-10-16",1206821,1206821,1175063,1199765,2
"1992-10-17",1199763,1217408,1199763,1206823,54
"1992-10-19",1224466,1259752,1224466,1259754,102
"1992-10-20",1284453,1305625,1275631,1296805,170
"1992-10-21",1316211,1367377,1316211,1367380,205
"1992-10-22",1411488,1437952,1386786,1437954,411
"1992-10-23",1464418,1471475,1413252,1429132,190
"1992-10-24",1393844,1437952,1358557,1358557,84
"1992-10-26",1395608,1429131,1395608,1429132,75
"1992-10-27",1499705,1499705,1363849,1367380,193
"1992-10-28",1393844,1402665,1314447,1376202,136
"1992-10-29",1393843,1446772,1342676,1446776,276
"1992-10-30",1464419,1482062,1393844,1409724,104
"1992-10-31",1409722,1411487,1376200,1393845,20
"1992-11-02",1393844,1430896,1393844,1409724,134
"1992-11-03",1411487,1411487,1339147,1342679,47
"1992-11-04",1362086,1388551,1358557,1388551,54
"1992-11-05",1351499,1402665,1351499,1360321,61
"1992-11-06",1360320,1392079,1314446,1314448,66
"1992-11-07",1296804,1358557,1296804,1358557,93
"1992-11-09",1429131,1429131,1420309,1429132,101
"1992-11-10",1499705,1499705,1429130,1455597,291
"1992-11-11",1482061,1482061,1393844,1393845,115
"1992-11-12",1376199,1395609,1344441,1344443,60
"1992-11-13",1358556,1415016,1358556,1393845,70
"1992-11-14",1399135,1420309,1376199,1376202,31
"1992-11-16",1358556,1411487,1340911,1340915,17
"1992-11-17",1340912,1376200,1340912,1358557,52
"1992-11-18",1356792,1356792,1314447,1340915,67
"1992-11-19",1342677,1349734,1325034,1325035,39
"1992-11-20",1340911,1376199,1323269,1323270,61
"1992-11-21",1340912,1376200,1340912,1358557,49
"1992-11-23",1392080,1392080,1358557,1358557,111
"1992-11-24",1358557,1376200,1358557,1358557,41
"1992-11-25",1358556,1411487,1340912,1385022,97
"1992-11-26",1407958,1446773,1393843,1411489,118
"1992-11-27",1446772,1464416,1429130,1446776,271
"1992-11-28",1464419,1482062,1427366,1427368,164
"1992-11-30",1437952,1497941,1437952,1497942,353
"1992-12-01",1534993,1568516,1534993,1568516,390
"1992-12-02",1637326,1639089,1587923,1587924,626
"1992-12-03",1607330,1621445,1517348,1517349,205
"1992-12-04",1517347,1534991,1464417,1482062,164
"1992-12-05",1464419,1464419,1437952,1455597,92
"1992-12-07",1446774,1464419,1430894,1455597,64
"1992-12-08",1464419,1499705,1464419,1499706,108
"1992-12-09",1499704,1499704,1455595,1482062,61
"1992-12-10",1469712,1508526,1469712,1490884,144
"1992-12-11",1499703,1499703,1446772,1446776,68
"1992-12-12",1446774,1464418,1446774,1450304,77
"1992-12-14",1482062,1520878,1482062,1520878,175
"1992-12-15",1552636,1561457,1508527,1534994,240
"1992-12-16",1543814,1594981,1543814,1561459,238
"1992-12-17",1570279,1587923,1517349,1519114,154
"1992-12-19",1589687,1589687,1534992,1534994,179
"1992-12-21",1536757,1605567,1536757,1605568,281
"1992-12-22",1658497,1676141,1640853,1676143,688
"1992-12-23",1743187,1746716,1713193,1746717,401
"1992-12-24",1817291,1817291,1817291,1817291,154
"1992-12-26",1905509,1905509,1852577,1870222,535
"1992-12-28",1905508,1905508,1764359,1764360,374
"1993-01-04",1828352,1828352,1828352,1828353,34
"1993-01-05",1919769,1938053,1864918,1938054,208
"1993-01-06",2029470,2047753,1992903,2047756,229
"1993-01-07",2102604,2120888,1938053,2047756,620
"1993-01-08",2084320,2157454,2066037,2157456,267
"1993-01-09",2212306,2230589,2102605,2120889,191
"1993-01-11",2102604,2102604,2011186,2047756,361
"1993-01-12",2011186,2102604,2011186,2047756,175
"1993-01-13",2066037,2120888,2047753,2066039,381
"1993-01-14",2066037,2084320,1956336,1956338,233
"1993-01-15",1956337,2047754,1956337,2011188,202
"1993-01-16",2047753,2066037,2011186,2029471,165
"1993-01-18",2029471,2047754,2011187,2011188,64
"1993-01-19",2011186,2084321,2011186,2047756,280
"1993-01-20",2047753,2139171,2047753,2102606,236
"1993-01-21",2120888,2157455,2029470,2066039,190
"1993-01-25",2102603,2175737,2066037,2175740,440
"1993-01-26",2267156,2285440,2248873,2285441,897
"1993-01-27",2322007,2376858,2285440,2322008,839
"1993-01-28",2303722,2303722,2212305,2212306,357
"1993-01-29",2157454,2248873,2102604,2139173,223
"1993-01-30",2139171,2175738,2047753,2047756,97
"1993-02-01",2047753,2120888,2011187,2102606,247
"1993-02-02",2029470,2102604,2029470,2066039,60
"1993-02-03",2084320,2175737,2084320,2175740,362
"1993-02-04",2212305,2212305,2139170,2139173,175
"1993-02-05",2120887,2175737,2084320,2084322,213
"1993-02-06",2084320,2102603,2047752,2084322,73
"1993-02-08",2084320,2084320,2029470,2066039,134
"1993-02-09",2084321,2139171,2084321,2120889,123
"1993-02-10",2139171,2175738,2084321,2120889,152
"1993-02-11",2139171,2175738,2084321,2102606,179
"1993-02-12",2084320,2102603,2029469,2084322,165
"1993-02-13",2047753,2084321,2047753,2047756,75
"1993-02-15",2047753,2084320,2047753,2066039,49
"1993-02-16",2029470,2084321,2029470,2047756,51
"1993-02-17",2029469,2047752,1956336,1992904,42
"1993-02-18",1974619,1992902,1883202,1883203,52
"1993-02-19",1846635,1992902,1846635,1919771,74
"1993-02-20",1938051,1956335,1846634,1864919,48
"1993-02-22",1883202,1974620,1883202,1974621,40
"1993-02-23",1974620,1992903,1864918,1938054,58
"1993-02-24",1938052,1938052,1901486,1919771,42
"1993-02-25",1919769,1919769,1846636,1846636,50
"1993-02-26",1810068,1883202,1791784,1791786,55
"1993-02-27",1775328,1828351,1755217,1782644,35
"1993-03-02",1810068,1828352,1791784,1828353,89
"1993-03-03",1864918,1864918,1773501,1791786,42
"1993-03-04",1755218,1757045,1718651,1755218,112
"1993-03-05",1753389,1753389,1682083,1700368,87
"1993-03-06",1718651,1718651,1627233,1643689,55
"1993-03-08",1627232,1716821,1627232,1716823,78
"1993-03-09",1718652,1784471,1718652,1736935,152
"1993-03-11",1682083,1714993,1663799,1663801,52
"1993-03-12",1663798,1736932,1663798,1716823,75
"1993-03-13",1700366,1736935,1682084,1736935,52
"1993-03-15",1736934,1810068,1736934,1773501,123
"1993-03-16",1791784,1828351,1764359,1764360,130
"1993-03-17",1828352,1828352,1819210,1828353,125
"1993-03-18",1938053,1938053,1901486,1938054,421
"1993-03-19",1938052,1992902,1901485,1992904,183
"1993-03-20",2011186,2029470,1956336,1956338,111
"1993-03-22",1846634,1938052,1846634,1901486,106
"1993-03-23",1901486,1974620,1901486,1938054,144
"1993-03-24",1864918,1919768,1864918,1919771,68
"1993-03-25",1919769,1956336,1883202,1883203,94
"1993-03-26",1883202,1901486,1846635,1883203,103
"1993-03-27",1883201,1919768,1864917,1864919,40
"1993-03-29",1864917,1883201,1828350,1864919,68
"1993-03-30",1864918,1938053,1864918,1938054,85
"1993-03-31",1938053,1956336,1883202,1883203,51
"1993-04-01",1919769,1919769,1883202,1883203,49
"1993-04-02",1883202,1974620,1883202,1956338,212
"1993-04-03",1974620,1992903,1956336,1956338,114
"1993-04-06",1974620,2047753,1974620,2047756,238
"1993-04-07",2066038,2120888,2011187,2011188,219
"1993-04-08",2011186,2066037,2011186,2029471,141
"1993-04-09",1974620,2084320,1974620,2029471,117
"1993-04-10",2029469,2102603,2029469,2084322,242
"1993-04-12",2120887,2194022,2102603,2194023,294
"1993-04-13",2248873,2248873,2139170,2157456,271
"1993-04-14",2157455,2194023,2066037,2066039,251
"1993-04-15",2066038,2120888,2011186,2120889,175
"1993-04-16",2120887,2157454,2084320,2084322,281
"1993-04-17",2102604,2102604,2066037,2066039,80
"1993-04-19",2084321,2139171,2084321,2120889,96
"1993-04-20",2139171,2157455,2084321,2102606,155
"1993-04-21",2120888,2139171,2084321,2102606,156
"1993-04-22",2139170,2139170,2084320,2084322,126
"1993-04-23",2084320,2120888,2066037,2066039,113
"1993-04-24",2066036,2102604,2029470,2047756,46
"1993-04-26",2029470,2084320,2029470,2066039,49
"1993-04-27",1956337,2066038,1956337,2011188,95
"1993-04-28",2011186,2084320,1992902,2084322,69
"1993-04-29",2102605,2157455,2066037,2102606,199
"1993-04-30",2102604,2157454,2102604,2139173,235
"1993-05-01",2157454,2194022,2157454,2157456,409
"1993-05-03",2175738,2194022,2120888,2120889,185
"1993-05-04",2102605,2120888,2084321,2102606,86
"1993-05-06",2102603,2194022,2102603,2157456,289
"1993-05-07",2102605,2175738,2102605,2120889,117
"1993-05-08",2102605,2120888,2084321,2102606,51
"1993-05-10",2102603,2120887,2084320,2084322,58
"1993-05-11",2102603,2175737,2102603,2175740,276
"1993-05-12",2157453,2248872,2157453,2212306,814
"1993-05-13",2230589,2248873,2175737,2194023,383
"1993-05-14",2212306,2303723,2212306,2303724,735
"1993-05-15",2322007,2376858,2322007,2322008,1010
"1993-05-17",2340291,2431707,2340291,2431709,772
"1993-05-18",2504842,2523125,2395140,2504843,1398
"1993-05-19",2523125,2523125,2449990,2468276,237
"1993-05-20",2486558,2577975,2486558,2577978,670
"1993-05-21",2632827,2687677,2614543,2687678,577
"1993-05-22",2742526,2760811,2724243,2742528,451
"1993-05-24",2742528,2760812,2669393,2687678,405
"1993-05-25",2669392,2687677,2614542,2632828,183
"1993-05-26",2596259,2742527,2596259,2724245,468
"1993-05-27",2760812,2797378,2614542,2614544,219
"1993-05-29",2614542,2651110,2577976,2614544,270
"1993-05-31",2632827,2705960,2632827,2687678,174
"1993-06-01",2687677,2742526,2632826,2632828,245
"1993-06-02",2523126,2687677,2523126,2687678,366
"1993-06-03",2742527,2797378,2742527,2797380,296
"1993-06-04",2888795,2907079,2797378,2797380,595
"1993-06-05",2797378,2870514,2760811,2797380,201
"1993-06-07",2815662,2943648,2815662,2943648,520
"1993-06-08",2980213,2980213,2852229,2907081,277
"1993-06-09",2943646,3016780,2870513,2907081,361
"1993-06-10",2907079,2925362,2779095,2779096,267
"1993-06-11",2742526,2925362,2724244,2888797,516
"1993-06-12",2888796,2925363,2815663,2815663,156
"1993-06-14",2779096,2815663,2779096,2797380,141
"1993-06-15",2742527,2797378,2742527,2779096,70
"1993-06-16",2779095,2833946,2742527,2833947,105
"1993-06-17",2833946,2888797,2815662,2870513,328
"1993-06-18",2888795,2888795,2779095,2833947,118
"1993-06-19",2797378,2870512,2797378,2815663,331
"1993-06-21",2815663,2925363,2815663,2925365,738
"1993-06-22",2961929,2998497,2888796,2888797,467
"1993-06-23",2870512,2870512,2797378,2815663,240
"1993-06-24",2797378,2888796,2797378,2815663,328
"1993-06-25",2852229,2925363,2815663,2815663,759
"1993-06-26",2870512,2870512,2779095,2779096,209
"1993-06-28",2742528,2742528,2632826,2651111,114
"1993-06-29",2577976,2687677,2577976,2687678,176
"1993-06-30",2687677,2687677,2632826,2632828,101
"1993-07-01",2632826,2651109,2614542,2632828,96
"1993-07-02",2651110,2687677,2577975,2577978,143
"1993-07-03",2577977,2614544,2577977,2596261,90
"1993-07-05",2577975,2651109,2577975,2632828,96
"1993-07-06",2632827,2687678,2632827,2669395,149
"1993-07-07",2651110,2669393,2632826,2651111,61
"1993-07-08",2651110,2724245,2651110,2687678,203
"1993-07-09",2596260,2705961,2596260,2669395,149
"1993-07-10",2687678,2705961,2651110,2669395,146
"1993-07-12",2687677,2779095,2687677,2779096,662
"1993-07-13",2815662,2852229,2742527,2779096,878
"1993-07-14",2797377,2815661,2742526,2742528,373
"1993-07-15",2760811,2779095,2724244,2724245,166
"1993-07-16",2687677,2760811,2687677,2724245,192
"1993-07-19",2687678,2705961,2632827,2669395,67
"1993-07-20",2669393,2687678,2632827,2669395,87
"1993-07-21",2614543,2687677,2614543,2651111,88
"1993-07-22",2632826,2651109,2614542,2632828,77
"1993-07-23",2632826,2651110,2596260,2651111,127
"1993-07-24",2651109,2669392,2632826,2632828,52
"1993-07-26",2632826,2651109,2614542,2632828,76
"1993-07-27",2614543,2669393,2614543,2669395,80
"1993-07-28",2669392,2669392,2632826,2632828,42
"1993-07-29",2632826,2651109,2614542,2632828,60
"1993-07-30",2651111,2651111,2596260,2596261,57
"1993-07-31",2559692,2577976,2523125,2559694,42
"1993-08-02",2559692,2559692,2504842,2504843,19
"1993-08-03",2449991,2523125,2449991,2504843,27
"1993-08-04",2449992,2504842,2449992,2486560,20
"1993-08-05",2395139,2541407,2395139,2523126,22
"1993-08-06",2504842,2504842,2468275,2468276,38
"1993-08-07",2468275,2468275,2413424,2431709,25
"1993-08-09",2413425,2413425,2358574,2358575,34
"1993-08-10",2358573,2468275,2358573,2468276,90
"1993-08-11",2468275,2486559,2376857,2431709,44
"1993-08-12",2395141,2431707,2395141,2413426,25
"1993-08-13",2303723,2303723,2303723,2303724,0
"1993-08-14",2194022,2194022,2194022,2194023,2
"1993-08-16",2084319,2285439,2084319,2267157,159
"1993-08-17",2212306,2303723,2194022,2230590,104
"1993-08-18",2267156,2303723,2248873,2303724,67
"1993-08-19",2248872,2413423,2248872,2395142,214
"1993-08-20",2340291,2395142,2322007,2322008,111
"1993-08-21",2322006,2413423,2303723,2395142,86
"1993-08-23",2395141,2413425,2376858,2376858,70
"1993-08-24",2303723,2358573,2267156,2285441,21
"1993-08-25",2267156,2285440,2230589,2230590,85
"1993-08-26",2194022,2230588,2157454,2157456,66
"1993-08-27",2157455,2175738,2084321,2120889,182
"1993-08-28",2120887,2157454,2102604,2139173,60
"1993-08-30",2139171,2139171,2029470,2029471,103
"1993-08-31",1992903,2066038,1919769,1938054,145
"1993-09-01",1901486,2029470,1901486,2029471,138
"1993-09-02",2011186,2139170,1974619,2139173,278
"1993-09-03",2102603,2230588,2102603,2157456,256
"1993-09-04",2139171,2194023,2066037,2066039,114
"1993-09-06",2047753,2175737,2047753,2157456,134
"1993-09-07",2120887,2248873,2120887,2248873,256
"1993-09-08",2212305,2285440,2157454,2157456,83
"1993-09-09",2194021,2267155,2194021,2212306,152
"1993-09-10",2212305,2267155,2212305,2212306,102
"1993-09-11",2212306,2230589,2157454,2230590,103
"1993-09-13",2230589,2322007,2230589,2285441,222
"1993-09-14",2285440,2285440,2230589,2230590,101
"1993-09-15",2230589,2248873,2175737,2194023,121
"1993-09-16",2194022,2194022,2157454,2194023,80
"1993-09-17",2157454,2230589,2139170,2194023,67
"1993-09-18",2212306,2212306,2194022,2194023,48
"1993-09-20",2194023,2267156,2194023,2248873,117
"1993-09-21",2230589,2267156,2230589,2248873,77
"1993-09-22",2267157,2340291,2248874,2322008,314
"1993-09-23",2340291,2376858,2322007,2322008,245
"1993-09-24",2340290,2358574,2303723,2303724,122
"1993-09-25",2285440,2340291,2285440,2322008,173
"1993-09-27",2340291,2413425,2340291,2413426,289
"1993-09-28",2376857,2413423,2376857,2395142,154
"1993-10-02",2413424,2449991,2413424,2431709,140
"1993-10-04",2413425,2431707,2395141,2413426,295
"1993-10-05",2431708,2504842,2431708,2486560,383
"1993-10-06",2486558,2504842,2431708,2486560,144
"1993-10-07",2486558,2541409,2486558,2486560,614
"1993-10-08",2486558,2504842,2449991,2449993,166
"1993-10-09",2449991,2468275,2413424,2431709,105
"1993-10-11",2413425,2486558,2413425,2486560,159
"1993-10-12",2504842,2504842,2413424,2449993,113
"1993-10-13",2431707,2486558,2431707,2468276,185
"1993-10-14",2468274,2504842,2449991,2449993,186
"1993-10-15",2468275,2504842,2376857,2468276,231
"1993-10-16",2486557,2523125,2486557,2523126,266
"1993-10-18",2559692,2596260,2541408,2559694,422
"1993-10-19",2541409,2577975,2468275,2468276,106
"1993-10-20",2431707,2504842,2431707,2468276,114
"1993-10-21",2468274,2559692,2468274,2541411,465
"1993-10-22",2541408,2596260,2504842,2559694,299
"1993-10-23",2559692,2559692,2486559,2504843,109
"1993-10-25",2504841,2541407,2504841,2523126,137
"1993-10-26",2541407,2541407,2486557,2523126,78
"1993-10-27",2523126,2614543,2523126,2577978,572
"1993-10-28",2596260,2687677,2559693,2687678,733
"1993-10-29",2742526,2760812,2632826,2632828,517
"1993-10-30",2651110,2669395,2559694,2577978,180
"1993-11-01",2596259,2632826,2541408,2541411,175
"1993-11-02",2559692,2577975,2431707,2468276,190
"1993-11-03",2431708,2486558,2358574,2358575,192
"1993-11-04",2322008,2413425,2322008,2376858,155
"1993-11-05",2376858,2376858,2285440,2285441,133
"1993-11-06",2303723,2322007,2248873,2248873,69
"1993-11-08",2285440,2358574,2230590,2358575,128
"1993-11-09",2358573,2395141,2248873,2248873,117
"1993-11-10",2194022,2230588,2139170,2139173,49
"1993-11-11",2157454,2248873,2157454,2248873,214
"1993-11-12",2285440,2358574,2267156,2303724,208
"1993-11-13",2340290,2358573,2230589,2285441,83
"1993-11-15",2340290,2395140,2322006,2395142,159
"1993-11-16",2449991,2468274,2322008,2358575,134
"1993-11-17",2376858,2431708,2358574,2376858,322
"1993-11-18",2449992,2486558,2431708,2486560,337
"1993-11-19",2523126,2559693,2413424,2431709,409
"1993-11-20",2468275,2468275,2340291,2376858,111
"1993-11-22",2376857,2468275,2376857,2431709,347
"1993-11-23",2431708,2468274,2340291,2358575,95
"1993-11-24",2395140,2468275,2376857,2468276,257
"1993-11-25",2504842,2523125,2413424,2468276,250
"1993-11-26",2486559,2541409,2413424,2431709,315
"1993-11-27",2449991,2468274,2431708,2449993,106
"1993-11-29",2486558,2559692,2486558,2559694,912
"1993-11-30",2614542,2651110,2541408,2559694,1045
"1993-12-01",2596260,2669393,2523126,2669395,763
"1993-12-02",2724245,2779096,2687678,2705962,1189
"1993-12-03",2705959,2705959,2632826,2632828,366
"1993-12-04",2651109,2742526,2651109,2742528,476
"1993-12-06",2797379,2888796,2797379,2888797,984
"1993-12-07",2925362,2943646,2852228,2888797,1040
"1993-12-08",2925362,3035063,2907080,3035066,1420
"1993-12-09",3035063,3108197,2961929,2961931,712
"1993-12-10",2925362,3016780,2870512,2888797,480
"1993-12-11",2907079,2943646,2833945,2888797,331
"1993-12-13",2888796,2961930,2852229,2907081,307
"1993-12-14",2943646,3053347,2943646,3053349,1013
"1993-12-15",3108198,3163049,3035063,3035066,601
"1993-12-16",3016780,3108197,2925362,2961931,725
"1993-12-17",2961930,3016780,2888796,2943648,379
"1993-12-18",2925362,2925362,2870512,2888797,217
"1993-12-20",2833945,2907079,2833945,2907081,250
"1993-12-21",2907079,2943647,2870513,2925365,413
"1993-12-22",2943647,3071632,2925363,3071633,1559
"1993-12-23",3217900,3217900,3217900,3217900,363
"1993-12-24",3364167,3364167,3217899,3364169,1828
"1993-12-27",3364168,3364168,3217900,3217900,810
"1993-12-28",3163048,3291032,3071631,3126482,843
"1994-01-03",3144982,3144982,3033983,3052484,191
"1994-01-04",3052481,3052481,2941482,2941484,229
"1994-01-05",2959983,3052481,2941482,2941484,283
"1994-01-06",2978483,3089482,2978483,3033984,667
"1994-01-07",2885983,3070981,2885983,2885984,113
"1994-01-08",2811985,2885985,2737985,2737986,87
"1994-01-10",2645485,2830483,2645485,2793486,450
"1994-01-11",2793484,2830484,2737984,2830485,214
"1994-01-12",2830484,2885983,2756484,2811984,242
"1994-01-13",2848983,2959983,2811984,2959984,721
"1994-01-14",2996982,3107982,2996982,3107984,882
"1994-01-15",3163481,3218982,3070983,3070983,547
"1994-01-17",3033983,3144982,3015483,3070983,897
"1994-01-18",3070982,3181982,2996982,3181983,733
"1994-01-19",3181982,3200481,3107982,3107984,324
"1994-01-20",3126482,3144982,3052482,3107984,315
"1994-01-21",3052482,3107982,3033982,3033984,166
"1994-01-22",2885984,3181982,2885984,3181983,469
"1994-01-24",3200481,3292981,3126482,3274482,354
"1994-01-25",3292981,3422480,3292981,3422482,719
"1994-01-26",3459480,3570480,3459480,3570481,752
"1994-01-27",3681479,3681479,3422480,3422482,606
"1994-01-28",3274482,3366980,3274482,3274482,380
"1994-01-29",3366980,3403980,3255981,3255982,744
"1994-01-31",3274481,3403981,3255981,3403982,509
"1994-02-01",3459480,3551979,3422480,3551981,401
"1994-02-02",3681478,3699978,3496480,3699980,876
"1994-02-03",3514978,3884976,3514978,3792479,936
"1994-02-04",3958978,3977477,3699979,3977479,1412
"1994-02-05",4069978,4162477,3792479,3884979,669
"1994-02-07",3699977,3884976,3699977,3792479,408
"1994-02-08",3792479,3884979,3755479,3884979,305
"1994-02-12",3810980,3977478,3792479,3810979,174
"1994-02-14",3884978,3977477,3773978,3773980,209
"1994-02-15",3773978,3958978,3755478,3958978,1042
"1994-02-16",4069977,4143976,3977478,4143978,467
"1994-02-17",4217976,4328976,4199476,4254978,920
"1994-02-18",4254975,4328976,4069976,4328976,583
"1994-02-19",4402976,4513974,4384475,4513976,804
"1994-02-21",4513974,4513974,4402975,4402976,395
"1994-02-22",4328976,4402975,4254976,4310478,329
"1994-02-23",4273475,4384474,4217976,4217977,251
"1994-02-24",4032977,4291976,4032977,4273476,520
"1994-02-25",4254975,4310476,4088478,4088478,281
"1994-02-26",3995976,4125476,3958978,3958978,203
"1994-02-28",3977476,3977476,3792478,3847979,133
"1994-03-02",3847978,3847978,3699979,3755479,106
"1994-03-03",3755478,3940477,3755478,3940479,353
"1994-03-04",4051477,4125478,4032978,4125478,957
"1994-03-05",4199476,4199476,4069977,4199477,289
"1994-03-07",4180977,4254976,4088477,4254978,391
"1994-03-08",4180976,4291975,4162476,4180978,281
"1994-03-09",4180976,4180976,4051477,4088478,200
"1994-03-10",4180977,4254976,4162476,4254978,377
"1994-03-11",4310473,4365974,4088477,4106978,438
"1994-03-12",4088478,4291976,4088478,4199477,1200
"1994-03-14",4217976,4347475,4125476,4310478,756
"1994-03-15",4365976,4495476,4273477,4495476,1237
"1994-03-16",4587974,4680473,4587974,4680475,1041
"1994-03-17",4772972,4865474,4735973,4865474,1065
"1994-03-18",4957972,4976471,4680472,4772974,1189
"1994-03-19",4735973,4957972,4735973,4957973,950
"1994-03-21",4957972,5124472,4902472,5068973,1264
"1994-03-22",4920973,5068971,4902472,5068973,714
"1994-03-23",5068970,5235470,4994970,5216971,543
"1994-03-24",5235470,5272470,5142970,5161472,461
"1994-03-25",5161471,5161471,5050472,5087473,288
"1994-03-26",5087470,5087470,4994971,5050472,202
"1994-03-28",5050472,5179971,5050472,5087473,390
"1994-03-29",5087470,5179971,5050470,5050472,302
"1994-03-30",5124471,5235472,5087472,5235472,517
"1994-03-31",5364970,5420469,5364970,5420470,379
"1994-04-01",5512968,5605469,5475970,5605470,829
"1994-04-02",5364970,5679468,5364970,5605470,574
"1994-04-04",5549969,5549969,5457468,5457471,246
"1994-04-06",5364969,5438969,5309469,5364971,286
"1994-04-07",5364969,5494469,5346470,5401971,329
"1994-04-08",5420470,5475968,5309469,5364971,300
"1994-04-09",5364969,5438969,5346469,5383471,314
"1994-04-11",5401970,5457470,5198471,5198473,201
"1994-04-12",5105971,5179971,5013471,5013473,625
"1994-04-13",4828473,4902473,4828473,4828474,377
"1994-04-14",4735973,4939471,4643474,4920974,805
"1994-04-15",4920973,5031972,4883972,4883974,700
"1994-04-16",4902473,4920972,4809973,4902473,281
"1994-04-18",4957972,5031972,4920972,4976473,391
"1994-04-19",4994971,5068970,4976471,5013473,250
"1994-04-20",5031971,5087471,4976472,5068973,308
"1994-04-21",5068970,5068970,4994971,5013473,195
"1994-04-22",5013473,5013473,4920973,4957973,132
"1994-04-23",5087471,5087471,4772971,4772974,329
"1994-04-25",4587975,4661974,4587975,4587975,393
"1994-04-26",4532473,4587973,4402975,4402976,506
"1994-04-27",4476974,4476974,4217976,4217977,103
"1994-04-28",4237416,4237416,4023601,4081914,218
"1994-04-29",3984723,4140225,3887535,3906974,150
"1994-04-30",3906974,3906974,3848660,3887537,66
"1994-05-02",3945849,4081914,3848661,4081914,205
"1994-05-03",4256852,4276289,4217977,4276291,55
"1994-05-04",4470665,4470665,4198538,4470668,432
"1994-05-06",4470667,4587292,4373477,4431792,137
"1994-05-07",4354040,4431791,4354040,4431792,75
"1994-05-09",4431791,4587291,4431791,4490105,179
"1994-05-10",4490103,4490103,4412352,4490105,89
"1994-05-11",4509541,4567855,4490104,4548418,165
"1994-05-12",4548416,4665042,4548416,4665044,204
"1994-05-13",4762230,4762230,4665042,4665044,237
"1994-05-14",4665044,4684482,4626168,4626169,90
"1994-05-16",4470666,4665044,4470666,4626169,184
"1994-05-17",4626168,4703919,4567854,4626169,220
"1994-05-19",4626167,4645604,4451228,4470668,106
"1994-05-20",4470667,4470667,4295729,4334604,149
"1994-05-21",4276289,4392914,4276289,4373479,112
"1994-05-23",4373476,4451228,4276289,4373479,122
"1994-05-24",4392914,4567853,4392914,4567856,182
"1994-05-25",4606729,4703917,4567853,4567856,203
"1994-05-26",4587292,4645605,4490104,4548418,202
"1994-05-27",4548415,4626165,4548415,4587293,140
"1994-05-28",4626165,4665042,4587291,4587293,80
"1994-05-30",4587291,4665042,4548415,4587293,83
"1994-05-31",4548416,4626166,4392914,4392916,83
"1994-06-01",4276288,4587291,4276288,4587293,265
"1994-06-02",4587294,4665044,4470667,4606731,101
"1994-06-03",4451229,4606731,4451229,4528981,48
"1994-06-04",4528979,4528979,4412353,4412355,40
"1994-06-07",4412352,4412352,4295726,4373479,48
"1994-06-08",4392914,4392914,4295726,4295728,68
"1994-06-09",4295728,4373479,4256852,4256854,105
"1994-06-10",4322008,4430600,4322008,4387165,68
"1994-06-11",4495757,4495757,4343727,4343728,32
"1994-06-13",4387165,4387165,4343727,4343728,31
"1994-06-14",4300289,4300289,4126540,4126541,31
"1994-06-15",3952792,4104822,3952792,4017948,42
"1994-06-16",3909353,4061384,3909353,4039666,44
"1994-06-17",4083102,4213414,4083102,4213416,64
"1994-06-18",4387163,4387163,4300289,4387165,61
"1994-06-20",4604349,4604349,4560913,4604352,77
"1994-06-21",4778098,4778098,4452319,4734663,205
"1994-06-22",4560912,4886692,4560912,4734663,147
"1994-06-23",4821537,4821537,4604349,4604352,46
"1994-06-24",4604350,4647788,4495756,4560914,34
"1994-06-25",4604350,4604350,4452318,4452321,16
"1994-06-27",4495757,4560913,4408883,4408884,26
"1994-06-28",4452318,4560912,4300289,4474040,66
"1994-06-29",4474039,4474039,4408883,4408884,19
"1994-06-30",4452320,4517476,4408883,4408884,44
"1994-07-01",4408881,4626067,4408881,4560914,47
"1994-07-02",4560913,4560913,4387163,4387165,12
"1994-07-04",4452320,4539193,4387163,4387165,106
"1994-07-05",4408881,4539193,4408881,4495758,89
"1994-07-06",4517476,4712942,4517476,4604352,217
"1994-07-07",4647787,4712943,4495756,4495758,102
"1994-07-08",4560912,4691224,4560912,4626070,126
"1994-07-09",4691224,4691224,4582631,4626070,50
"1994-07-11",4408883,4560914,4408883,4539196,73
"1994-07-12",4452318,4560912,4452318,4452321,95
"1994-07-13",4474039,4626069,4452318,4474040,113
"1994-07-14",4474038,4604350,4430601,4430603,108
"1994-07-15",4452318,4560912,4452318,4474040,108
"1994-07-16",4474038,4474038,4387163,4430603,49
"1994-07-18",4387163,4474038,4387163,4430603,40
"1994-07-19",4474039,4560912,4452319,4560914,68
"1994-07-20",4604350,4778099,4582631,4778101,871
"1994-07-21",4908410,4908410,4712943,4778101,657
"1994-07-22",4778099,4821537,4669507,4691226,218
"1994-07-23",4626067,4908410,4626067,4734663,484
"1994-07-25",4864975,4908412,4712944,4712945,332
"1994-07-26",4778101,4821538,4495758,4539196,113
"1994-07-27",4560912,4604350,4452318,4452321,114
"1994-07-28",4474037,4517474,4430600,4495758,112
"1994-07-29",4452320,4539194,4387164,4408884,50
"1994-07-30",4408883,4452320,4365446,4365447,46
"1994-08-01",4148260,4387165,4148260,4191697,34
"1994-08-02",4191697,4235134,4017948,4017948,41
"1994-08-03",4017948,4126541,3952792,4017948,65
"1994-08-04",4017947,4126541,4017947,4061385,27
"1994-08-05",4083104,4148260,4017948,4017948,52
"1994-08-06",3844199,3909354,3844199,3844199,40
"1994-08-08",3800762,3800762,3670449,3779043,80
"1994-08-09",3779043,3931072,3713887,3713887,36
"1994-08-10",3887635,3887635,3865916,3887636,26
"1994-08-11",4061384,4061384,4061384,4061385,34
"1994-08-12",4235133,4235133,4235133,4235135,86
"1994-08-13",4343727,4343727,4061385,4191697,146
"1994-08-16",4300291,4365446,4278571,4365447,44
"1994-08-17",4517475,4582631,4387163,4474040,277
"1994-08-18",4474038,4539194,4256852,4256854,40
"1994-08-19",4083102,4126540,4083102,4083104,108
"1994-08-20",4017947,4148259,4017947,4061385,77
"1994-08-22",4126540,4169976,4061383,4104822,49
"1994-08-23",4104821,4148258,3931072,3952792,38
"1994-08-24",3865918,4083104,3865918,4017948,67
"1994-08-25",4017945,4126540,4017945,4104822,57
"1994-08-26",4126539,4148258,4039665,4039666,38
"1994-08-27",4104821,4213414,4083102,4213416,84
"1994-08-29",4235134,4387165,4235134,4343728,179
"1994-08-30",4343727,4408883,4213414,4235135,77
"1994-08-31",4169977,4256851,4126540,4126541,42
"1994-09-01",4126539,4278570,4126539,4213416,156
"1994-09-02",4039665,4235133,4039665,4039666,41
"1994-09-03",3909353,4039665,3909353,3996229,66
"1994-09-05",3996230,4083104,3996230,4017948,70
"1994-09-06",3952791,4039665,3887635,3887636,76
"1994-09-07",3887635,3909354,3779043,3779043,80
"1994-09-08",3800761,3887636,3800761,3822480,186
"1994-09-09",3909353,3909353,3757323,3757324,65
"1994-09-10",3757323,3844197,3757323,3757324,163
"1994-09-12",3800761,3931071,3800761,3931073,109
"1994-09-13",4039665,4061384,3887635,3887636,180
"1994-09-14",3909353,3909353,3735604,3757324,127
"1994-09-15",3779043,3909354,3757323,3779043,127
"1994-09-16",3800762,3800762,3670449,3670450,95
"1994-09-17",3692167,3735605,3670449,3670450,78
"1994-09-22",3692168,3735606,3583574,3713887,93
"1994-09-23",3713886,3713886,3648731,3648731,44
"1994-09-24",3583574,3713886,3583574,3670450,41
"1994-09-26",3583575,3844199,3583575,3844199,56
"1994-09-27",3865917,3931072,3692168,3692169,97
"1994-09-28",3692168,3865916,3692168,3735606,328
"1994-09-29",3844198,3909353,3844198,3909355,117
"1994-09-30",4083102,4083102,4083102,4083104,201
"1994-10-01",4256851,4256851,4126540,4126541,362
"1994-10-04",4169977,4300289,3974509,4300291,288
"1994-10-05",4322007,4322007,4126540,4126541,152
"1994-10-06",3974511,4126541,3952792,4017948,134
"1994-10-07",4061385,4191697,4061385,4191697,155
"1994-10-08",4191696,4322007,4126540,4126541,185
"1994-10-10",4169977,4300289,4169977,4300291,170
"1994-10-11",4452318,4474039,4430601,4474040,175
"1994-10-12",4691225,4691225,4560913,4691226,511
"1994-10-13",4799817,4843254,4560913,4778101,573
"1994-10-14",4734661,4843253,4582631,4626070,278
"1994-10-15",4626067,4734662,4560912,4560914,433
"1994-10-17",4604350,4778099,4604350,4778101,424
"1994-10-18",4951847,4951847,4626068,4626070,400
"1994-10-19",4626070,4626070,4408883,4408884,205
"1994-10-20",4300289,4604350,4300289,4560914,289
"1994-10-21",4452319,4756380,4452319,4669508,342
"1994-10-22",4734662,4864974,4691225,4756382,309
"1994-10-24",4821536,4821536,4560912,4560914,184
"1994-10-25",4560913,4778099,4560913,4778101,545
"1994-10-26",4951849,4995286,4930130,4995287,663
"1994-10-27",5103878,5103878,4799817,4799819,533
"1994-10-28",4799818,4886693,4582630,4647789,227
"1994-10-29",4647788,4778099,4647788,4691226,233
"1994-10-31",4691224,4821536,4669506,4734663,403
"1994-11-01",4821536,4951847,4799816,4951849,353
"1994-11-02",5060442,5169035,5060442,5169036,612
"1994-11-03",5277627,5299346,4995286,4995287,676
"1994-11-04",5190754,5190754,4799817,4821538,390
"1994-11-05",4821537,4864974,4734662,4821538,240
"1994-11-07",4908412,5017005,4821537,4821538,348
"1994-11-08",4864974,4951849,4756381,4756382,289
"1994-11-09",4778099,4821536,4604350,4647789,293
"1994-11-10",4517475,4712943,4474039,4474040,161
"1994-11-11",4517475,4604349,4495757,4582633,160
"1994-11-12",4452318,4626069,4452318,4474040,66
"1994-11-14",4452318,4560912,4452318,4474040,113
"1994-11-15",4517477,4560913,4256852,4365447,224
"1994-11-16",4452319,4582630,4430600,4582633,123
"1994-11-17",4669507,4756380,4517476,4517477,134
"1994-11-18",4539194,4604350,4495758,4517477,126
"1994-11-19",4560914,4626069,4474039,4539196,113
"1994-11-21",4604350,4756381,4517475,4647789,437
"1994-11-22",4691225,4756381,4626068,4647789,125
"1994-11-23",4691225,4712944,4517476,4517477,93
"1994-11-24",4408883,4517476,4343727,4343728,78
"1994-11-25",4365445,4430600,4343725,4387165,92
"1994-11-26",4387164,4582632,4387164,4517477,55
"1994-11-28",4517475,4517475,4387163,4387165,80
"1994-11-29",4387164,4408883,4365445,4408884,57
"1994-11-30",4430601,4474039,4365445,4408884,54
"1994-12-01",4408882,4560913,4343725,4387165,83
"1994-12-02",4495756,4604349,4452319,4604352,111
"1994-12-03",4778099,4821537,4734662,4821538,431
"1994-12-05",5038723,5038723,5038723,5038724,476
"1994-12-06",5255909,5255909,5038723,5147317,1573
"1994-12-07",5212472,5234191,4930129,4930131,651
"1994-12-08",4930130,5103880,4799819,4886694,935
"1994-12-09",4930129,5082160,4799817,4821538,413
"1994-12-10",4821537,4886692,4604349,4604352,272
"1994-12-12",4560913,4821536,4517475,4778101,375
"1994-12-13",4778099,4778099,4647787,4647789,211
"1994-12-14",4539193,4691225,4452319,4495758,130
"1994-12-15",4517475,4604349,4474039,4474040,170
"1994-12-16",4517475,4560912,4474039,4560914,102
"1994-12-17",4604350,4734662,4582632,4712945,150
"1994-12-19",4712942,4778099,4495756,4604352,94
"1994-12-20",4626068,4647788,4517476,4517477,104
"1994-12-21",4517475,4734661,4517475,4734663,468
"1994-12-22",4778098,4886692,4669506,4734663,431
"1994-12-23",4778098,4843254,4691224,4734663,421
"1994-12-24",4756380,4843254,4756380,4778101,239
"1994-12-26",4843255,4908410,4560913,4647789,205
"1994-12-27",4669507,4669507,4452320,4517477,108
"1994-12-28",4560912,4560912,4452318,4452321,229
"1995-01-03",4474471,4673828,4474471,4673829,323
"1995-01-04",4452320,4762432,4452320,4718131,429
"1995-01-05",4762430,4762430,4496620,4496622,175
"1995-01-06",4408017,4540923,4275112,4275114,317
"1995-01-07",4319416,4408019,4319416,4319415,222
"1995-01-09",4385866,4496620,4385866,4496622,299
"1995-01-10",4718130,4718130,4607377,4718131,1080
"1995-01-11",4851034,4851034,4651676,4806734,1152
"1995-01-12",4828883,4873185,4718129,4784583,1058
"1995-01-13",4806732,5006090,4762430,4806734,1942
"1995-01-14",4851036,4873187,4585225,4873187,664
"1995-01-16",4873185,5072543,4784582,4784583,1508
"1995-01-17",4784582,4873186,4629527,4629527,630
"1995-01-18",4673827,4762430,4629526,4651678,395
"1995-01-19",4673828,4828884,4673828,4806734,553
"1995-01-20",4851036,4939639,4695980,4828885,1118
"1995-01-21",4873187,4983941,4828883,4873187,1085
"1995-01-23",4917487,4983939,4806732,4806734,1047
"1995-01-24",4784583,4806735,4585226,4585226,717
"1995-01-25",4585224,4695977,4363716,4363717,592
"1995-01-26",4275111,4408016,4186508,4186510,342
"1995-01-27",4009301,4186508,4009301,4186510,669
"1995-01-28",4164357,4297262,4142207,4252963,325
"1995-02-02",4252961,4430169,4252961,4430170,267
"1995-02-03",4430170,4629527,4319415,4607377,690
"1995-02-04",4607376,4695979,4563073,4607377,394
"1995-02-06",4673828,4784583,4540924,4540924,544
"1995-02-07",4563073,4651676,4474471,4474471,232
"1995-02-08",4496623,4695981,4496623,4695980,353
"1995-02-09",4806733,4917487,4762432,4917489,1059
"1995-02-10",5116845,5116845,4873187,4873187,1640
"1995-02-11",4873187,5094695,4873187,5094695,1219
"1995-02-13",5205448,5316202,5161146,5316204,2432
"1995-02-14",5294050,5316201,5094693,5116846,1225
"1995-02-15",5161147,5249750,4895336,4895338,1148
"1995-02-16",4828883,4873186,4673827,4740282,601
"1995-02-17",4784582,4828885,4607376,4607377,499
"1995-02-18",4607376,4629527,4430169,4540924,501
"1995-02-20",4607375,4740280,4585225,4673829,615
"1995-02-21",4673828,4673828,4496622,4540924,415
"1995-02-22",4540924,4629528,4430170,4452321,375
"1995-02-23",4452319,4474471,4230812,4230812,384
"1995-02-24",4097906,4186509,4053605,4053605,500
"1995-02-25",3965002,4120058,3965002,4053605,174
"1995-02-27",3876397,3987152,3876397,3876399,305
"1995-02-28",3832095,3965000,3699191,3765644,415
"1995-03-02",3765643,3942850,3765643,3942851,178
"1995-03-03",3987151,4120057,3942850,4120058,415
"1995-03-04",4120057,4297264,4120057,4230812,352
"1995-03-06",4275113,4319416,4120057,4319415,308
"1995-03-07",4319415,4385868,4208661,4297265,291
"1995-03-08",4230810,4408016,4230810,4408019,253
"1995-03-09",4408017,4408017,4297264,4341566,186
"1995-03-10",4275112,4430168,4230812,4275114,222
"1995-03-11",4319416,4319416,4208662,4208661,191
"1995-03-13",4186510,4208661,4075756,4075756,315
"1995-03-14",4009302,4208660,4009302,4142209,192
"1995-03-15",4142207,4252961,4142207,4164359,181
"1995-03-16",4097906,4186510,4053605,4164359,127
"1995-03-17",4164358,4164358,3987152,3987153,131
"1995-03-18",3942851,4053605,3920699,3965002,80
"1995-03-20",4053605,4053605,3876397,3965002,136
"1995-03-21",4031453,4075756,3920699,3965002,122
"1995-03-22",3987151,3987151,3876397,3898549,155
"1995-03-23",3942851,3987152,3876397,3965002,208
"1995-03-24",3898548,3987152,3898548,3942851,191
"1995-03-25",3987152,3987152,3898548,3942851,54
"1995-03-27",3942851,4075756,3942851,4075756,412
"1995-03-28",4097905,4097905,3987152,3987153,111
"1995-03-29",3942849,4031452,3942849,3987153,331
"1995-03-30",3942850,4164359,3942850,4164359,557
"1995-03-31",4164359,4230812,4053605,4075756,236
"1995-04-01",4097906,4208660,4031454,4164359,155
"1995-04-03",3987152,4208661,3987152,4053605,159
"1995-04-04",4053604,4120058,3942849,3987153,127
"1995-04-06",3987152,4009302,3876398,3920700,103
"1995-04-07",3920700,3987152,3898549,3920700,104
"1995-04-08",3942851,4053605,3920699,3965002,151
"1995-04-10",3965001,3987152,3876397,3876399,104
"1995-04-11",3832095,3832095,3721342,3765644,205
"1995-04-12",3765644,3942850,3765644,3832097,320
"1995-04-13",3854246,3876397,3765643,3765644,131
"1995-04-14",3809946,3942850,3809946,3942851,150
"1995-04-15",3942849,3987151,3876397,3898549,152
"1995-04-17",3920699,3965002,3787795,3809946,247
"1995-04-18",3854247,4009302,3854247,3987153,432
"1995-04-19",4009303,4075756,3965002,3965002,258
"1995-04-20",3987151,3987151,3898548,3898549,137
"1995-04-21",3854248,3942850,3743493,3809946,183
"1995-04-22",3809944,3809944,3743492,3743493,162
"1995-04-24",3677038,3765643,3610588,3610588,181
"1995-04-25",3544134,3610588,3499832,3499834,220
"1995-04-26",3544135,3610588,3521984,3566287,165
"1995-04-27",3677040,3743492,3632737,3677041,185
"1995-04-28",3699191,3721341,3499832,3544135,123
"1995-04-29",3610586,3654887,3544133,3632739,103
"1995-05-02",3588437,3699191,3588437,3677041,159
"1995-05-03",3721341,3721341,3632738,3654890,194
"1995-05-04",3721341,3743493,3654889,3654890,146
"1995-05-06",3677039,3832096,3677039,3743493,272
"1995-05-08",3544135,3721341,3544135,3654890,115
"1995-05-09",3610588,3699190,3588436,3610588,105
"1995-05-10",3610588,3654888,3588436,3588437,143
"1995-05-11",3588436,3632737,3544135,3544135,157
"1995-05-12",3544135,3632737,3499832,3588437,176
"1995-05-13",3544135,3632738,3499833,3521985,181
"1995-05-15",3521983,3654888,3521983,3610588,510
"1995-05-16",3588436,3654888,3499832,3499834,314
"1995-05-17",3521984,3566286,3455532,3455532,205
"1995-05-18",3389079,3477683,3366927,3389079,178
"1995-05-19",3389077,3411229,3322625,3322627,195
"1995-05-20",3278323,3322625,3256172,3322627,175
"1995-05-22",3322626,3322626,3211872,3211873,106
"1995-05-23",3101118,3167570,3078967,3078967,165
"1995-05-24",3078968,3123269,3034666,3056817,134
"1995-05-25",3056816,3234023,3034665,3234023,186
"1995-05-26",3256172,3366927,3211871,3322627,365
"1995-05-27",3211872,3300475,3211872,3234023,76
"1995-05-29",3411230,3411230,3411230,3411231,141
"1995-05-30",3521983,3566284,3477681,3477683,429
"1995-05-31",3389077,3521983,3389077,3477683,182
"1995-06-01",3499831,3521983,3477681,3477683,160
"1995-06-02",3477682,3588436,3477682,3544135,540
"1995-06-03",3566285,3566285,3499832,3499834,61
"1995-06-05",3499833,3632738,3499833,3566287,388
"1995-06-07",3610588,3610588,3499832,3499834,80
"1995-06-08",3521984,3521984,3411230,3411231,188
"1995-06-09",3411229,3411229,3344777,3389079,118
"1995-06-10",3389079,3433381,3389079,3411231,127
"1995-06-12",3411230,3499833,3389079,3411231,212
"1995-06-13",3411229,3499833,3411229,3455532,256
"1995-06-14",3455531,3499833,3411230,3411231,201
"1995-06-15",3433380,3433380,3344778,3344778,127
"1995-06-16",3366927,3389077,3322625,3322627,86
"1995-06-17",3344776,3366927,3322625,3322627,64
"1995-06-19",3344777,3411229,3344777,3389079,173
"1995-06-20",3433380,3477683,3389079,3389079,194
"1995-06-21",3389077,3411229,3322625,3322627,90
"1995-06-22",3322625,3366927,3234023,3234023,128
"1995-06-23",3234023,3256173,3211872,3234023,124
"1995-06-24",3234023,3278324,3211872,3211873,58
"1995-06-26",3189721,3211872,3123269,3145420,137
"1995-06-28",3056816,3256173,3056816,3189722,142
"1995-06-29",3211873,3256173,3189721,3256175,136
"1995-06-30",3256173,3322626,3234023,3278325,141
"1995-07-01",3278326,3322627,3256174,3300476,163
"1995-07-03",3322626,3411230,3300476,3411231,222
"1995-07-04",3389079,3455531,3366928,3411231,317
"1995-07-05",3411229,3610587,3411229,3544135,867
"1995-07-06",3566286,3654889,3544135,3566287,686
"1995-07-07",3610588,3632738,3521984,3566287,496
"1995-07-08",3588436,3632737,3566285,3588437,336
"1995-07-10",3632737,3787793,3632737,3721343,902
"1995-07-11",3721342,3721342,3499833,3566287,395
"1995-07-12",3544133,3588436,3455531,3477683,205
"1995-07-13",3499832,3654889,3433380,3654890,572
"1995-07-14",3721340,3787792,3610586,3632739,686
"1995-07-15",3632738,3677040,3521984,3521985,137
"1995-07-18",3544135,3632737,3521982,3588437,494
"1995-07-19",3654889,3654889,3499833,3521985,200
"1995-07-20",3544134,3721341,3499832,3721343,660
"1995-07-21",3743492,3854247,3654888,3743493,1132
"1995-07-22",3809944,3809944,3677039,3743493,389
"1995-07-24",3721340,3876396,3721340,3787795,807
"1995-07-25",3809944,3920699,3721341,3743493,1334
"1995-07-26",3809946,3809946,3632738,3654890,388
"1995-07-27",3654888,3677040,3544135,3544135,309
"1995-07-28",3544134,3566285,3477682,3499834,237
"1995-07-29",3477683,3544135,3433381,3455532,145
"1995-07-31",3433381,3499833,3389080,3433381,133
"1995-08-01",3455531,3499832,3433379,3499834,174
"1995-08-02",3499833,3499833,3411230,3411231,141
"1995-08-03",3433381,3521984,3389079,3411231,134
"1995-08-04",3411229,3455532,3389079,3455532,166
"1995-08-05",3455532,3499833,3389079,3389079,68
"1995-08-07",3322625,3389077,3322625,3322627,151
"1995-08-08",3322626,3344778,3256173,3256175,131
"1995-08-09",3322626,3389078,3300475,3344778,118
"1995-08-10",3344776,3389077,3211871,3322627,195
"1995-08-11",3300475,3322625,3211872,3234023,267
"1995-08-12",3234023,3300476,3211872,3211873,138
"1995-08-14",3211872,3256173,3211872,3211873,152
"1995-08-16",3234023,3256173,3211872,3211873,92
"1995-08-17",3211872,3211872,3034664,3123269,195
"1995-08-18",3123269,3167570,3101118,3145420,157
"1995-08-19",3145419,3189721,3101117,3101119,96
"1995-08-21",3123269,3189721,3101118,3145420,208
"1995-08-22",3101118,3278325,3101118,3145420,223
"1995-08-23",3234024,3256173,3189721,3256175,170
"1995-08-24",3256173,3300476,3189721,3211873,151
"1995-08-25",3234023,3278324,3211872,3211873,122
"1995-08-26",3234023,3234023,3145420,3145420,75
"1995-08-28",3123267,3234023,3123267,3189722,106
"1995-08-29",3234021,3256172,3167569,3167571,144
"1995-08-30",3145419,3234023,3145419,3189722,66
"1995-08-31",3167570,3256173,3167570,3256175,288
"1995-09-01",3300475,3389077,3278323,3322627,688
"1995-09-02",3344777,3344777,3278325,3278325,112
"1995-09-04",3300475,3300475,3234023,3234023,204
"1995-09-05",3278325,3322626,3234023,3278325,157
"1995-09-06",3300475,3322626,3256173,3278325,112
"1995-09-07",3300475,3322626,3278325,3278325,193
"1995-09-11",3300475,3322626,3256173,3278325,93
"1995-09-12",3300475,3411229,3300475,3366929,220
"1995-09-13",3411229,3411229,3344777,3389079,280
"1995-09-14",3411228,3411228,3344778,3344778,214
"1995-09-15",3366928,3455532,3344778,3433381,256
"1995-09-16",3389079,3455531,3389079,3411231,191
"1995-09-18",3433381,3499833,3433381,3455532,317
"1995-09-19",3521984,3544135,3455532,3455532,381
"1995-09-20",3455532,3499833,3433381,3433381,195
"1995-09-21",3477682,3477682,3389079,3411231,182
"1995-09-22",3389078,3411228,3344778,3344778,125
"1995-09-23",3344778,3433381,3344778,3433381,174
"1995-09-25",3433380,3433380,3344778,3344778,132
"1995-09-26",3344776,3344776,3300475,3322627,101
"1995-09-27",3389077,3389077,3278323,3322627,92
"1995-09-28",3344777,3366928,3278325,3278325,79
"1995-09-29",3322627,3344778,3278326,3300476,61
"1995-09-30",3322626,3322626,3256173,3256175,59
"1995-10-02",3234023,3234023,3189721,3189722,78
"1995-10-04",3189721,3189721,3123269,3145420,169
"1995-10-05",3145420,3189721,3123269,3145420,160
"1995-10-06",3167569,3234023,3167569,3211873,275
"1995-10-07",3234023,3256173,3211872,3211873,127
"1995-10-09",3234023,3344777,3234023,3234023,257
"1995-10-10",3256173,3300476,3256173,3256175,118
"1995-10-11",3234024,3322627,3234024,3300476,176
"1995-10-12",3322626,3411229,3322626,3366929,417
"1995-10-13",3366927,3366927,3278323,3322627,150
"1995-10-14",3300477,3477683,3300477,3455532,385
"1995-10-16",3455532,3455532,3344778,3344778,288
"1995-10-17",3344776,3411229,3322625,3322627,269
"1995-10-18",3322627,3366928,3278326,3300476,122
"1995-10-19",3300475,3344777,3234023,3234023,155
"1995-10-20",3278325,3278325,3211872,3278325,164
"1995-10-21",3278325,3322626,3278325,3278325,152
"1995-10-23",3211872,3344777,3211872,3211873,325
"1995-10-24",3256174,3300477,3234024,3300476,214
"1995-10-25",3300475,3344777,3278325,3278325,232
"1995-10-26",3300477,3322627,3278326,3300476,171
"1995-10-27",3322627,3433381,3322627,3433381,756
"1995-10-28",3477681,3477681,3366926,3477683,871
"1995-10-30",3455532,3521984,3411230,3433381,662
"1995-10-31",3433381,3499833,3389080,3433381,461
"1995-11-01",3455531,3588436,3455531,3499834,1436
"1995-11-02",3521984,3544135,3433381,3455532,439
"1995-11-03",3455531,3455531,3389079,3411231,280
"1995-11-04",3411229,3477683,3411229,3455532,341
"1995-11-06",3477682,3588436,3477682,3499834,940
"1995-11-07",3544135,3566285,3433380,3521985,499
"1995-11-08",3521984,3521984,3455532,3455532,452
"1995-11-09",3455531,3455531,3366928,3366929,314
"1995-11-10",3366927,3411228,3300475,3344778,276
"1995-11-11",3366928,3455531,3366928,3411231,285
"1995-11-13",3411229,3411229,3322626,3366929,186
"1995-11-14",3344777,3366928,3278325,3278325,137
"1995-11-15",3278325,3344777,3278325,3278325,115
"1995-11-16",3300475,3366928,3278325,3278325,66
"1995-11-17",3344778,3344778,3300477,3300476,93
"1995-11-18",3322626,3366927,3322626,3344778,145
"1995-11-20",3344778,3366928,3256173,3256175,108
"1995-11-21",3211872,3234023,3123269,3145420,80
"1995-11-22",3145419,3211871,3101117,3167571,125
"1995-11-23",3167569,3189720,3145419,3167571,69
"1995-11-24",3189721,3234023,3189721,3211873,121
"1995-11-25",3189721,3189721,3145419,3189722,106
"1995-11-27",3189721,3256173,3189721,3211873,161
"1995-11-28",3211872,3256173,3189721,3211873,130
"1995-11-29",3256173,3256173,3234023,3234023,165
"1995-11-30",3211872,3278324,3189721,3234023,126
"1995-12-01",3234024,3278324,3234024,3256175,87
"1995-12-02",3189721,3234023,3167570,3189722,101
"1995-12-04",3145419,3211872,3145419,3189722,70
"1995-12-05",3234023,3234023,3167569,3211873,87
"1995-12-06",3234023,3278324,3211872,3234023,145
"1995-12-07",3189721,3256173,3189721,3189722,117
"1995-12-08",3167570,3211872,3167570,3189722,114
"1995-12-09",3189721,3211872,3189721,3189722,61
"1995-12-11",3189721,3189721,3101117,3101119,126
"1995-12-12",3101117,3145419,3101117,3101119,74
"1995-12-13",3101118,3123269,3056817,3056817,142
"1995-12-14",3056816,3056816,2946061,2968214,111
"1995-12-15",2968214,3034666,2923912,2923911,98
"1995-12-16",2879609,2901760,2768855,2768855,64
"1995-12-18",2702402,2746704,2658100,2658102,166
"1995-12-19",2635949,2768855,2635949,2768855,122
"1995-12-20",2768855,2813156,2746704,2746705,109
"1995-12-21",2658100,2813156,2658100,2746705,55
"1995-12-22",2724553,2791005,2724553,2768855,171
"1995-12-23",2768855,2813156,2768855,2768855,59
"1995-12-26",2746703,2768853,2613797,2613799,88
"1995-12-27",2547347,2613799,2503045,2547348,278
"1996-01-03",2593243,2685039,2593243,2685042,56
"1996-01-04",2685040,2685040,2524398,2524399,95
"1996-01-05",2524397,2524397,2386702,2409653,141
"1996-01-06",2409652,2547346,2409652,2547348,96
"1996-01-08",2524398,2662091,2501447,2593246,159
"1996-01-09",2639142,2730938,2639142,2730940,165
"1996-01-10",2707990,2776837,2639143,2707991,88
"1996-01-11",2707988,2753887,2662090,2685042,122
"1996-01-12",2639142,2685040,2616193,2616195,104
"1996-01-13",2639142,2753887,2639142,2753889,256
"1996-01-15",2822735,2891582,2776836,2845685,418
"1996-01-16",2845684,2845684,2730937,2776838,170
"1996-01-17",2776837,2799787,2662091,2662094,141
"1996-01-18",2616193,2662091,2570295,2616195,144
"1996-01-19",2639143,2753888,2639143,2707991,180
"1996-01-20",2730938,2730938,2639141,2685042,78
"1996-01-22",2639141,2707988,2639141,2685042,112
"1996-01-23",2685040,2799786,2685040,2776838,255
"1996-01-24",2799786,2822734,2707989,2730940,130
"1996-01-25",2730938,2845683,2730938,2845685,299
"1996-01-26",2845684,2868633,2776836,2776838,195
"1996-01-27",2776836,2799786,2730938,2730940,154
"1996-01-29",2753887,2868632,2753887,2799787,352
"1996-01-30",2799787,2822736,2662091,2707991,192
"1996-01-31",2662091,2822734,2662091,2776838,305
"1996-02-01",2753888,2845683,2707989,2730940,227
"1996-02-02",2685041,2707990,2662091,2662094,143
"1996-02-03",2662090,2707988,2662090,2685042,79
"1996-02-05",2685039,2707988,2662090,2685042,242
"1996-02-06",2685039,2776835,2685039,2685042,280
"1996-02-07",2707989,2776836,2685040,2776838,259
"1996-02-08",2753887,2753887,2685039,2685042,105
"1996-02-09",2685039,2707988,2639141,2685042,137
"1996-02-10",2685041,2685041,2639143,2662094,64
"1996-02-12",2616193,2662091,2570295,2570297,101
"1996-02-13",2547345,2616193,2547345,2616195,190
"1996-02-14",2639143,2707990,2593245,2707991,128
"1996-02-15",2822734,2822734,2707989,2730940,468
"1996-02-16",2730938,2730938,2662091,2662094,84
"1996-02-17",2685040,2685040,2639143,2639144,40
"1996-02-21",2639143,2730938,2639143,2662094,126
"1996-02-22",2639143,2707990,2593244,2593246,49
"1996-02-23",2616193,2662091,2593244,2616195,70
"1996-02-24",2616194,2616194,2570295,2593246,105
"1996-02-26",2662091,2707990,2593244,2639144,485
"1996-02-27",2685040,2776836,2685040,2776838,826
"1996-02-28",2776837,2776837,2662091,2662094,249
"1996-02-29",2685040,2707989,2616193,2616195,171
"1996-03-02",2616192,2685040,2616192,2639144,96
"1996-03-04",2616193,2662091,2616193,2616195,136
"1996-03-05",2616193,2662091,2616193,2616195,106
"1996-03-06",2616194,2639143,2570295,2593246,85
"1996-03-07",2547346,2570295,2478499,2478500,202
"1996-03-08",2478499,2547346,2478499,2524399,75
"1996-03-09",2501447,2593244,2501447,2593246,133
"1996-03-11",2616193,2616193,2524398,2524399,88
"1996-03-12",2524397,2570295,2455550,2478500,95
"1996-03-13",2455550,2524398,2455550,2501450,125
"1996-03-14",2478499,2570295,2478499,2524399,106
"1996-03-15",2570295,2662091,2570295,2616195,259
"1996-03-16",2662091,2662091,2570295,2570297,73
"1996-03-18",2593244,2616193,2570295,2570297,137
"1996-03-19",2570295,2662091,2570295,2639144,262
"1996-03-20",2639143,2662091,2593244,2593246,98
"1996-03-21",2616193,2662091,2593245,2662094,150
"1996-03-22",2662091,2662091,2616192,2639144,160
"1996-03-23",2662091,2753888,2662091,2730940,388
"1996-03-25",2730938,2730938,2639143,2639144,156
"1996-03-26",2593244,2662091,2593244,2639144,111
"1996-03-27",2639143,2639143,2593244,2593246,101
"1996-03-28",2639143,2639143,2593244,2593246,95
"1996-03-29",2616192,2662091,2616192,2639144,115
"1996-03-30",2593244,2639143,2593244,2639144,39
"1996-04-01",2662091,2685040,2639143,2639144,221
"1996-04-02",2685039,2776836,2685039,2753889,1016
"1996-04-03",2776837,2845683,2776837,2822736,1106
"1996-04-04",2845683,2868633,2753888,2845685,642
"1996-04-06",2799787,2868634,2753888,2822736,460
"1996-04-08",2753887,2868633,2753887,2753889,529
"1996-04-09",2753888,2776837,2662091,2662094,222
"1996-04-10",2662091,2707990,2662091,2662094,209
"1996-04-12",2753887,2799786,2753887,2799787,249
"1996-04-13",2822734,2868632,2776836,2799787,276
"1996-04-15",2845684,2914531,2799786,2891584,527
"1996-04-16",2914531,2914531,2822735,2845685,296
"1996-04-17",2891581,2983378,2868632,2960431,774
"1996-04-18",2983378,3006326,2891581,2914532,432
"1996-04-19",2937479,2960429,2891581,2914532,595
"1996-04-20",2937479,3075174,2937479,3075176,581
"1996-04-22",3144023,3189921,3075174,3098125,1013
"1996-04-23",3121072,3144023,2983378,2983379,384
"1996-04-24",2983378,3006326,2891581,2960431,393
"1996-04-25",2983378,3029277,2983378,3006329,533
"1996-04-26",3029276,3098123,2960429,2960431,440
"1996-04-27",2960429,3006326,2960429,2983379,335
"1996-04-29",3006327,3052225,2983378,3006329,307
"1996-04-30",3029276,3098123,3029276,3075176,487
"1996-05-02",3098123,3212868,3075174,3075176,843
"1996-05-03",3098123,3144022,3029276,3052227,369
"1996-05-04",3052226,3121073,3052226,3098125,285
"1996-05-06",3121072,3166970,3075174,3144023,539
"1996-05-07",3189921,3212870,3098123,3098125,499
"1996-05-08",3121072,3144022,3052224,3052227,505
"1996-05-09",3052225,3075174,2983378,2983379,268
"1996-05-10",3006326,3029276,2937479,3029278,307
"1996-05-11",3029276,3121072,2983378,3121074,350
"1996-05-13",3166969,3281714,3144021,3189921,1158
"1996-05-14",3212869,3212869,3052224,3052227,323
"1996-05-15",3052225,3075174,3006327,3006329,314
"1996-05-16",3006326,3006326,2891581,2914532,179
"1996-05-17",2914531,2914531,2822735,2845685,151
"1996-05-18",2845683,2891581,2685039,2685042,166
"1996-05-20",2730938,2776836,2707989,2753889,130
"1996-05-21",2776837,2776837,2662091,2662094,106
"1996-05-22",2662091,2730938,2616193,2730940,203
"1996-05-23",2685039,2753887,2662090,2685042,173
"1996-05-25",2662090,2707988,2639141,2685042,38
"1996-05-27",2639141,2685039,2639141,2685042,48
"1996-05-28",2685040,2776836,2685040,2730940,106
"1996-05-29",2730939,2730939,2685041,2707991,95
"1996-05-30",2685039,2685039,2685039,2685042,52
"1996-05-31",2685040,2730938,2685040,2730940,68
"1996-06-01",2776837,2776837,2662091,2662094,41
"1996-06-03",2639143,2707990,2616193,2662094,80
"1996-06-04",2662090,2685039,2639141,2685042,77
"1996-06-05",2685040,2799786,2685040,2776838,201
"1996-06-07",2799785,2799785,2685039,2685042,174
"1996-06-08",2662091,2685041,2639143,2662094,96
"1996-06-10",2662091,2662091,2593244,2593246,90
"1996-06-11",2593245,2616193,2547346,2547348,112
"1996-06-12",2570295,2616194,2501447,2593246,354
"1996-06-13",2639143,2707990,2616192,2639144,246
"1996-06-14",2685040,2685040,2524398,2524399,141
"1996-06-15",2524397,2570295,2501448,2547348,84
"1996-06-17",2547346,2547346,2478499,2501450,88
"1996-06-18",2501448,2524398,2455550,2455552,211
"1996-06-19",2501448,2547346,2478498,2547348,184
"1996-06-20",2570295,2570295,2455550,2501450,70
"1996-06-21",2455550,2547346,2455550,2547348,138
"1996-06-22",2570295,2570295,2501447,2524399,46
"1996-06-24",2501448,2501448,2455550,2455552,87
"1996-06-25",2432600,2455549,2409651,2409653,96
"1996-06-26",2432600,2432600,2363754,2363755,125
"1996-06-27",2363753,2363753,2251303,2294908,171
"1996-06-28",2294906,2340804,2294906,2294908,101
"1996-06-29",2294906,2294906,2226059,2249010,46
"1996-07-01",2203109,2294905,2203109,2260484,143
"1996-07-02",2292611,2363753,2292611,2294908,238
"1996-07-03",2294906,2340804,2271956,2294908,136
"1996-07-04",2317855,2363754,2317855,2363755,141
"1996-07-05",2340804,2363754,2294906,2317858,97
"1996-07-06",2363754,2386703,2340805,2340806,97
"1996-07-08",2317855,2386702,2294906,2317858,268
"1996-07-09",2317855,2363754,2317855,2363755,112
"1996-07-10",2386703,2455550,2386703,2386705,184
"1996-07-11",2409652,2432601,2340805,2340806,118
"1996-07-12",2283433,2340805,2276549,2276548,111
"1996-07-13",2276549,2294907,2276549,2276548,56
"1996-07-15",2276549,2288023,2157212,2157214,118
"1996-07-16",2111313,2134262,2065415,2111315,219
"1996-07-18",2122788,2203110,2122788,2161803,121
"1996-07-19",2118198,2249008,2118198,2249010,65
"1996-07-20",2271956,2271956,2226059,2249010,56
"1996-07-22",2251304,2271957,2205405,2226061,75
"1996-07-23",2228355,2340805,2228355,2340806,473
"1996-07-24",2386703,2432600,2294906,2363755,487
"1996-07-25",2409652,2409652,2340805,2386705,448
"1996-07-26",2386703,2409651,2294906,2363755,278
"1996-07-27",2363754,2363754,2294906,2340806,126
"1996-07-29",2317855,2340804,2294906,2317858,115
"1996-07-30",2294907,2294907,2251304,2271959,47
"1996-07-31",2294906,2363754,2292611,2340806,132
"1996-08-01",2340804,2432600,2340804,2363755,205
"1996-08-02",2363754,2363754,2294906,2317858,132
"1996-08-03",2271958,2340804,2271958,2317858,31
"1996-08-05",2294906,2340804,2294906,2294908,69
"1996-08-06",2294906,2363754,2294906,2317858,90
"1996-08-07",2317855,2409651,2317855,2363755,117
"1996-08-08",2386702,2432600,2363753,2409653,313
"1996-08-09",2432601,2432601,2317856,2340806,109
"1996-08-10",2340805,2386703,2340805,2386705,132
"1996-08-12",2386702,2524398,2363754,2524399,532
"1996-08-13",2524398,2524398,2432601,2455552,251
"1996-08-14",2478499,2478499,2363753,2409653,184
"1996-08-16",2363754,2386702,2294906,2317858,126
"1996-08-17",2409652,2409652,2363754,2386705,106
"1996-08-19",2363754,2386703,2317856,2386705,88
"1996-08-20",2386702,2409651,2317855,2317858,95
"1996-08-21",2294906,2317855,2228354,2249010,195
"1996-08-22",2249009,2294906,2226059,2226061,143
"1996-08-23",2226059,2260483,2214585,2226061,130
"1996-08-24",2226059,2249008,2205405,2214586,57
"1996-08-26",2226060,2226060,2157212,2157214,124
"1996-08-27",2111314,2203110,2111314,2122790,70
"1996-08-28",2136556,2237533,2099838,2111315,44
"1996-08-29",2129674,2180160,2111313,2175573,67
"1996-08-30",2180161,2203110,2157212,2200817,75
"1996-08-31",2223765,2223765,2157212,2157214,34
"1996-09-02",2168686,2168686,2118199,2134264,65
"1996-09-03",2134263,2180161,2134263,2180163,74
"1996-09-04",2191637,2226060,2157212,2157214,75
"1996-09-05",2180160,2180160,2111314,2134264,92
"1996-09-06",2111314,2260483,2111314,2180163,67
"1996-09-07",2226060,2226060,2157212,2157214,19
"1996-09-09",2111314,2223764,2111314,2203112,128
"1996-09-10",2203110,2228355,2180161,2223766,169
"1996-09-11",2191636,2214584,2180161,2203112,78
"1996-09-12",2205404,2205404,2136556,2136559,67
"1996-09-13",2145736,2180159,2122787,2136559,77
"1996-09-14",2203109,2203109,2136556,2136559,49
"1996-09-16",2134262,2157210,2088363,2090661,86
"1996-09-17",2095250,2134263,2065415,2088367,105
"1996-09-18",2088364,2122787,2065415,2067711,123
"1996-09-19",2076890,2088365,1975915,1994275,171
"1996-09-20",1996568,2008042,1907066,1927723,236
"1996-09-21",1927722,1973620,1916248,1962147,94
"1996-09-23",1962144,2019516,1950669,1971325,165
"1996-09-24",1920837,2008043,1920837,2008045,174
"1996-09-25",2008042,2030992,1985093,2017224,160
"1996-09-30",2014928,2111314,2014928,2042468,239
"1996-10-01",2019518,2134264,2019518,2076892,256
"1996-10-02",2090660,2200815,2090660,2200817,278
"1996-10-04",2214584,2317855,2203110,2317858,1520
"1996-10-05",2363754,2386703,2294906,2363755,591
"1996-10-07",2363754,2478500,2363754,2455552,1136
"1996-10-08",2455549,2501447,2409651,2409653,600
"1996-10-09",2432601,2547346,2432601,2547348,468
"1996-10-10",2685039,2685039,2685039,2685042,246
"1996-10-11",2845683,2845683,2845683,2845685,267
"1996-10-12",3006327,3006327,3006327,3006329,156
"1996-10-14",3166970,3166970,3052225,3166973,4458
"1996-10-15",3258766,3304665,3189919,3258768,1471
"1996-10-16",3258768,3442361,3144023,3442361,1321
"1996-10-17",3465310,3603004,3327615,3396463,1338
"1996-10-18",3396460,3488257,3212868,3235820,1299
"1996-10-19",3258767,3419410,3144022,3419412,705
"1996-10-21",3580055,3603004,3465310,3603005,1618
"1996-10-22",3648901,3717749,3488258,3580056,1199
"1996-10-23",3580053,3786595,3580053,3786597,1678
"1996-10-24",3878393,3993137,3878393,3993139,571
"1996-10-25",4222628,4222628,3993136,4016088,1780
"1996-10-26",4016086,4153780,3878393,4084936,632
"1996-10-28",4130834,4130834,3878393,3878394,714
"1996-10-29",3786596,3924291,3671850,3694801,970
"1996-10-30",3603003,3832494,3603003,3694801,540
"1996-10-31",3671849,3901339,3671849,3901342,606
"1996-11-01",4016085,4130831,4016085,4130833,401
"1996-11-02",4360324,4360324,4245579,4360325,1347
"1996-11-04",4360324,4406222,4176730,4176732,1058
"1996-11-05",4130832,4245577,3947239,4061986,1031
"1996-11-06",4130834,4153782,3855444,3878394,580
"1996-11-07",3901343,3947241,3648903,3648903,709
"1996-11-08",3603004,3786596,3557106,3603005,854
"1996-11-09",3648902,3740698,3396462,3396463,600
"1996-11-11",3235818,3396461,3212869,3281718,723
"1996-11-12",3235818,3465309,3235818,3465311,852
"1996-11-13",3488258,3671850,3442360,3671852,452
"1996-11-14",3740697,3740697,3580054,3694801,504
"1996-11-15",3603003,3740697,3603003,3671852,590
"1996-11-16",3694799,3878392,3694799,3763648,421
"1996-11-18",3740697,3740697,3603003,3671852,458
"1996-11-19",3671851,3694800,3534157,3580056,337
"1996-11-20",3603005,3648902,3488260,3534158,335
"1996-11-21",3580055,3625952,3465310,3603005,476
"1996-11-22",3717749,3809545,3694800,3809547,884
"1996-11-25",4107882,4107882,3947239,3993139,1554
"1996-11-26",4039038,4291477,3878394,4153783,2047
"1996-11-27",4245577,4268525,4039035,4130833,1196
"1996-11-28",4107884,4245579,4039037,4107885,547
"1996-11-29",4153782,4314425,4039037,4199681,917
"1996-11-30",4199680,4245578,4130833,4176732,509
"1996-12-02",4337375,4498018,4245579,4498019,1450
"1996-12-03",4750457,4842252,4658660,4842255,2900
"1996-12-04",4773407,4842254,4589814,4681612,1283
"1996-12-05",4727509,4979950,4543917,4819306,1193
"1996-12-06",4796356,5140592,4796356,5048797,1149
"1996-12-07",5025847,5163541,4956999,4957001,527
"1996-12-09",5002897,5025848,4842255,4888154,648
"1996-12-10",4956998,5025847,4704559,5002899,854
"1996-12-11",4979949,5071745,4911102,4979949,592
"1996-12-12",4979948,5048795,4819304,4911102,511
"1996-12-13",5071745,5163540,4543916,4911102,1600
"1996-12-14",4956999,4979949,4520968,4520968,583
"1996-12-16",4589814,4589814,4176730,4176732,931
"1996-12-17",4039036,4199679,3924290,4016088,974
"1996-12-18",3970188,4130831,3901341,4130833,989
"1996-12-19",4199681,4406222,4153782,4360325,1350
"1996-12-20",4429171,4612763,4406223,4612765,1230
"1996-12-21",4612763,4773406,4589814,4773408,1056
"1996-12-23",4819305,4819305,4635713,4773408,1779
"1996-12-24",4773407,4819305,4566865,4566866,1397
"1996-12-26",4452120,4475070,4222630,4222630,911
"1996-12-27",3901339,4176729,3901339,3901342,1639
"1997-01-03",3995349,4206866,3971848,4206870,583
"1997-01-04",4347882,4535897,4277375,4535899,900
"1997-01-06",4606405,4629907,4418389,4629907,1150
"1997-01-07",4629906,4629906,4394885,4465392,1205
"1997-01-08",4441890,4512397,4112861,4512397,1018
"1997-01-09",4582901,4864925,4465391,4864928,1109
"1997-01-10",4841423,4841423,4676909,4770919,633
"1997-01-11",4770919,5146950,4653408,5076446,859
"1997-01-13",5052942,5240959,4864926,5193957,1102
"1997-01-14",5146951,5240960,4982436,5029442,893
"1997-01-15",5005938,5170452,4888428,5099948,948
"1997-01-16",5099945,5475980,5029439,5334968,2077
"1997-01-17",5311465,5381972,5146949,5240960,991
"1997-01-18",5287963,5358468,5099946,5146952,1266
"1997-01-20",5146951,5522984,5146951,5405474,1770
"1997-01-21",5358469,5452477,5170453,5264463,849
"1997-01-22",5334968,5334968,5123450,5123450,527
"1997-01-23",5170453,5264460,5052942,5264463,1028
"1997-01-24",5170453,5499482,5146950,5499483,1529
"1997-01-25",5616991,5922518,5616991,5922520,1475
"1997-01-27",6087034,6110535,5663996,5828513,1476
"1997-01-28",5758003,5805008,5499481,5522985,771
"1997-01-29",5546485,5640495,5264460,5593491,1043
"1997-01-30",5546485,5593489,5405473,5522985,652
"1997-01-31",5522984,5522984,5358468,5358471,833
"1997-02-01",5358468,5569988,5334967,5522985,499
"1997-02-03",5452476,5522984,5311466,5381973,472
"1997-02-04",5381971,5452477,5264461,5405474,682
"1997-02-05",5358469,5452476,5287963,5381973,600
"1997-02-06",5358470,5616991,5311465,5546487,775
"1997-02-10",5499483,5711001,5452479,5687500,1020
"1997-02-11",5640493,5828509,5569987,5711002,1037
"1997-02-12",5758004,5781506,5264460,5546487,752
"1997-02-13",5546486,5969523,5358470,5405474,2814
"1997-02-14",5569987,5663995,5452477,5546487,1058
"1997-02-15",5546486,5569989,5452480,5569989,366
"1997-02-17",5569988,5569988,5358470,5405474,268
"1997-02-18",5287963,5475979,5146950,5475981,538
"1997-02-19",5358470,5405474,5287964,5287964,133
"1997-02-20",5287963,5287963,5146950,5146952,466
"1997-02-21",5123447,5146949,4747414,4747416,457
"1997-02-22",4700411,4911931,4559399,4911931,525
"1997-02-24",4864925,5052941,4794419,4864928,794
"1997-02-25",4864926,5029441,4864926,4958935,1471
"1997-02-26",4958935,5005938,4817922,4864928,817
"1997-02-27",4888427,4911931,4723913,4770919,778
"1997-02-28",4770918,4770918,4488894,4629907,369
"1997-03-03",4629907,4817923,4629907,4629907,661
"1997-03-04",4653405,4794419,4582901,4747416,687
"1997-03-05",4700411,4770918,4606403,4700414,392
"1997-03-06",4676908,4817921,4629905,4817923,482
"1997-03-07",4770918,5005939,4770918,4888429,738
"1997-03-08",4864926,4888427,4723913,4770919,253
"1997-03-10",4723914,4817923,4606404,4794421,411
"1997-03-11",4770918,4770918,4559399,4559401,303
"1997-03-12",4512396,4794421,4394886,4794421,697
"1997-03-13",4794420,5005938,4700411,4982438,733
"1997-03-14",4982435,4982435,4747416,4841425,420
"1997-03-15",4864927,4864927,4676910,4676912,253
"1997-03-17",4723914,4888429,4582902,4888429,924
"1997-03-18",4841424,4841424,4676910,4794421,220
"1997-03-19",4770918,4770918,4418388,4418388,642
"1997-03-20",4230370,4582902,4230370,4535899,677
"1997-03-21",4535896,4629906,4465391,4465392,1031
"1997-03-22",4488894,4512397,4230371,4230372,403
"1997-03-24",4183367,4230372,3901343,4065857,746
"1997-03-25",4065855,4300876,4018852,4300878,306
"1997-03-26",4253874,4253874,4112860,4230372,157
"1997-03-27",4183367,4347881,4112860,4112862,555
"1997-03-28",4089358,4136362,3995349,4112862,280
"1997-03-29",4112861,4112861,4018853,4018854,165
"1997-03-31",4065856,4230371,4042354,4112862,823
"1997-04-01",4112860,4277374,4065855,4183367,253
"1997-04-02",4253874,4253874,4089358,4159866,271
"1997-04-03",4206867,4206867,4065856,4136364,220
"1997-04-04",4136362,4206868,4018851,4183367,374
"1997-04-07",4206869,4347882,4136363,4347882,326
"1997-04-08",4300876,4347880,4253872,4324380,241
"1997-04-09",4300876,4653406,4300876,4653409,1246
"1997-04-10",4653408,4700410,4488893,4535899,240
"1997-04-11",4535895,4653406,4441888,4653409,315
"1997-04-12",4606405,4700414,4465393,4512397,223
"1997-04-14",4559399,4559399,4441889,4488895,307
"1997-04-15",4465390,4512394,4371382,4488895,205
"1997-04-16",4465392,4606404,4394885,4606405,304
"1997-04-17",4559400,4559400,4441890,4441890,145
"1997-04-18",4371383,4582902,4347882,4347882,165
"1997-04-19",4371381,4394885,4183365,4183367,124
"1997-04-21",4183365,4300876,4183365,4183367,213
"1997-04-22",4159863,4159863,3995349,4042355,329
"1997-04-23",4112861,4112861,3948347,4065857,192
"1997-04-24",4112861,4112861,3995349,4042355,362
"1997-04-25",4065855,4206866,4042353,4206870,720
"1997-04-26",4230371,4253874,4112861,4159866,224
"1997-04-28",4206867,4206867,4089358,4136364,253
"1997-04-29",4112860,4159865,4065856,4112862,239
"1997-04-30",4112860,4159863,4042352,4089359,394
"1997-05-02",4089358,4347881,4018852,4230372,811
"1997-05-03",4230371,4230371,4136363,4159866,269
"1997-05-06",4183366,4394884,4136362,4300878,580
"1997-05-07",4324379,4371383,4159865,4159866,240
"1997-05-08",4277375,4277375,4089358,4159866,232
"1997-05-09",4159863,4206866,4042353,4206870,269
"1997-05-10",4065855,4230370,3971848,4206870,458
"1997-05-12",4159865,4230371,4065857,4230372,476
"1997-05-13",4183365,4206867,4089356,4089359,211
"1997-05-15",4136362,4183367,4042354,4112862,341
"1997-05-16",4089357,4112861,3995350,3995351,193
"1997-05-17",4018852,4230371,3995349,4230372,467
"1997-05-19",4183366,4324378,4136362,4324380,528
"1997-05-20",4277374,4324379,4230370,4300878,338
"1997-05-21",4277375,4277375,4159865,4159866,232
"1997-05-22",4206868,4230370,4112860,4183367,413
"1997-05-23",4159863,4183365,4065855,4089359,399
"1997-05-24",4089358,4206867,4018851,4136364,268
"1997-05-26",4136362,4465391,4089357,4465392,4115
"1997-05-27",4347879,4512394,4347879,4371384,1274
"1997-05-28",4371381,4394884,4230370,4277375,834
"1997-05-29",4253872,4324378,4089357,4183367,478
"1997-05-30",4206869,4441890,4136363,4347882,1284
"1997-05-31",4347881,4535896,4277374,4465392,889
"1997-06-02",4465391,4629906,4347881,4559401,1119
"1997-06-03",4559398,4559398,4347879,4371384,509
"1997-06-04",4418387,4418387,4112859,4277375,324
"1997-06-05",4230370,4277374,4136361,4253873,362
"1997-06-07",4183366,4253874,4112860,4230372,322
"1997-06-09",4206868,4418387,4112860,4183367,2098
"1997-06-10",4230371,4277375,4136363,4159866,710
"1997-06-11",4159865,4183367,4065857,4065857,478
"1997-06-12",4065857,4159865,4065857,4065857,336
"1997-06-13",4065856,4112861,3995350,3995351,450
"1997-06-14",3995350,4136363,3948347,4065857,447
"1997-06-16",3760328,4089356,3760328,4089359,516
"1997-06-17",4089358,4089358,3948346,3971849,280
"1997-06-18",4042354,4042354,3877840,3948347,327
"1997-06-19",3971848,3995350,3877839,3877841,644
"1997-06-20",3924844,4065856,3877839,3901342,931
"1997-06-21",3924843,3948346,3783831,3854339,336
"1997-06-23",3854339,3854339,3760330,3783832,517
"1997-06-24",3830834,3877838,3760328,3807334,478
"1997-06-25",3807333,3854337,3736826,3760330,414
"1997-06-26",3760328,3760328,3595814,3713326,401
"1997-06-27",3713324,3713324,3548809,3595816,353
"1997-06-28",3595814,3783831,3525308,3689824,456
"1997-06-30",3689824,3713325,3572313,3572314,200
"1997-07-01",3525308,3595814,3478303,3478306,355
"1997-07-02",3478304,3619317,3407799,3619317,576
"1997-07-03",3572312,3572312,3478303,3478306,269
"1997-07-04",3525309,3736827,3478305,3736828,2055
"1997-07-05",3877840,3901343,3760330,3783832,752
"1997-07-07",3854336,3854336,3689822,3689824,716
"1997-07-08",3760328,3760328,3642819,3666322,228
"1997-07-09",3666320,3807333,3666320,3736828,353
"1997-07-10",3736826,3736826,3666319,3689824,212
"1997-07-11",3689823,3689823,3595814,3595816,176
"1997-07-12",3595816,3642819,3548811,3572314,114
"1997-07-14",3525308,3783831,3525308,3689824,527
"1997-07-15",3642819,3666320,3525309,3548812,191
"1997-07-16",3572312,3619317,3478303,3478306,484
"1997-07-18",3736827,3736827,3689824,3736828,1112
"1997-07-19",3995349,3995349,3830836,3830837,1718
"1997-07-21",3854337,3854337,3642818,3642820,439
"1997-07-22",3689822,3689822,3407797,3642820,591
"1997-07-23",3431299,3689822,3431299,3642820,529
"1997-07-24",3642818,3642818,3548809,3595816,208
"1997-07-25",3595814,3689823,3478303,3478306,323
"1997-07-26",3525308,3548809,3478303,3478306,150
"1997-07-28",3525308,3572312,3478303,3525310,221
"1997-07-29",3525308,3572312,3478303,3478306,192
"1997-07-30",3478304,3666320,3478304,3548812,771
"1997-07-31",3595814,3595814,3501806,3525310,280
"1997-08-01",3572311,3642818,3525307,3642820,487
"1997-08-02",3689823,3689823,3595814,3595816,151
"1997-08-04",3595813,3666319,3595813,3642820,265
"1997-08-05",3642819,3666320,3595815,3619317,210
"1997-08-06",3642818,3713324,3572312,3595816,193
"1997-08-07",3572313,3619318,3572313,3572314,218
"1997-08-08",3595813,3713324,3595813,3642820,372
"1997-08-09",3642818,3689822,3595813,3642820,203
"1997-08-11",3642819,3830835,3619317,3736828,602
"1997-08-12",3713324,3736826,3666320,3666322,180
"1997-08-13",3666320,3713325,3572313,3572314,329
"1997-08-14",3595813,3713324,3595813,3642820,572
"1997-08-16",3666319,3689822,3619316,3689824,362
"1997-08-18",3689822,3713324,3642819,3666322,281
"1997-08-19",3619317,3689823,3595815,3619317,342
"1997-08-20",3595815,3666320,3595815,3619317,382
"1997-08-21",3689822,3783831,3619316,3689824,879
"1997-08-22",3713324,3736826,3619316,3642820,408
"1997-08-23",3619317,3666320,3595815,3619317,318
"1997-08-25",3595816,3642819,3572313,3572314,315
"1997-08-26",3572313,3595816,3548811,3572314,201
"1997-08-27",3548810,3595815,3501807,3501808,335
"1997-08-28",3478305,3525309,3407800,3454804,310
"1997-08-29",3454802,3454802,3360794,3360796,190
"1997-08-30",3290288,3360794,3196279,3290289,144
"1997-09-01",3172777,3360793,3149275,3196281,209
"1997-09-02",3196279,3266785,3102271,3243284,735
"1997-09-03",3243284,3290288,3219782,3219783,211
"1997-09-04",3149275,3219781,3102270,3125774,223
"1997-09-05",3149274,3243284,3149274,3243284,241
"1997-09-06",3219781,3219781,3149275,3196281,103
"1997-09-08",3219781,3313790,3172777,3243284,217
"1997-09-09",3290287,3290287,3149275,3149276,109
"1997-09-10",3219783,3219783,3149277,3172779,107
"1997-09-11",3172779,3172779,3102271,3172779,87
"1997-09-12",3196280,3266786,3172779,3172779,192
"1997-09-13",3172779,3219783,3149277,3172779,94
"1997-09-18",3172777,3407798,3172777,3407799,1154
"1997-09-19",3407799,3407799,3290288,3337293,353
"1997-09-20",3337292,3431300,3290288,3337293,357
"1997-09-22",3313790,3360794,3196279,3290289,175
"1997-09-23",3266786,3313790,3196279,3219783,269
"1997-09-24",3172779,3243285,3149277,3172779,155
"1997-09-25",3172777,3219781,3102270,3149276,159
"1997-09-26",3384296,3384296,3313790,3384297,473
"1997-09-27",3619317,3619317,3337292,3337293,1299
"1997-09-29",3337291,3501806,3196279,3196281,526
"1997-09-30",3266785,3337291,3243284,3290289,437
"1997-10-01",3290288,3360794,3243284,3266787,337
"1997-10-02",3266785,3313790,3196279,3196281,180
"1997-10-04",3196280,3290289,3172779,3172779,86
"1997-10-06",3172778,3337292,3172778,3219783,239
"1997-10-07",3219783,3266786,3172779,3172779,102
"1997-10-08",3125774,3196280,3102271,3172779,224
"1997-10-09",3125774,3196279,3078769,3149276,182
"1997-10-10",3196279,3243284,3125774,3149276,199
"1997-10-11",3149275,3219781,3125774,3149276,70
"1997-10-13",3125773,3172776,3078768,3078770,117
"1997-10-14",3149275,3172777,3031765,3102272,149
"1997-10-15",3031765,3125774,2867250,2984763,411
"1997-10-16",2937757,2961259,2749741,2749741,165
"1997-10-17",2538221,2867251,2538221,2726240,356
"1997-10-18",2726238,2796745,2632230,2679235,103
"1997-10-20",2702736,2726237,2467716,2467717,294
"1997-10-21",2397210,2655732,2303202,2373709,469
"1997-10-22",2373706,2561724,2373706,2561725,460
"1997-10-23",2632230,2749740,2585226,2679235,366
"1997-10-24",2585226,2655732,2467716,2467717,241
"1997-10-25",2397209,2491218,2329053,2350207,414
"1997-10-27",2444213,2467715,2256196,2303202,182
"1997-10-28",2303201,2303201,2122235,2162190,654
"1997-10-29",2185690,2333753,2185690,2333755,820
"1997-10-30",2232695,2373707,2211543,2326705,496
"1997-10-31",2256196,2444213,2185691,2420713,494
"1997-11-01",2467716,2608728,2467716,2608729,96
"1997-11-03",2679234,2796745,2632231,2796746,1117
"1997-11-04",2820246,2914255,2796745,2890754,744
"1997-11-05",2867249,2937756,2773242,2867252,612
"1997-11-06",2867250,3008263,2820247,2984763,924
"1997-11-07",3031765,3055267,2749741,2773243,1656
"1997-11-08",2561725,2726238,2561725,2726240,535
"1997-11-10",2820246,2914254,2749741,2914256,659
"1997-11-11",2843748,2961259,2796745,2914256,473
"1997-11-12",2867250,2914254,2749741,2914256,496
"1997-11-13",2914255,2984761,2796745,2984763,542
"1997-11-14",2914254,2937757,2843748,2914256,140
"1997-11-15",2914255,2937757,2867250,2890754,393
"1997-11-17",2890752,2914256,2679234,2679235,294
"1997-11-18",2538220,2585226,2467716,2467717,2109
"1997-11-19",2467718,2467718,2279700,2397211,1643
"1997-11-20",2397209,2397209,2209191,2275000,1083
"1997-11-21",2274998,2397209,2143387,2232696,618
"1997-11-22",2185691,2188041,2054080,2054080,302
"1997-11-24",1891914,1891914,1891914,1891917,127
"1997-11-25",1741502,1741502,1741502,1741503,37
"1997-11-26",1602839,1741502,1602839,1602842,1853
"1997-11-27",1645143,1692147,1504131,1602842,1569
"1997-11-28",1602839,1645143,1475928,1645144,1202
"1997-11-29",1513532,1621642,1513532,1621642,533
"1997-12-01",1492380,1633391,1492380,1492381,505
"1997-12-02",1374870,1374870,1374870,1374871,259
"1997-12-03",1266760,1266760,1266760,1266762,411
"1997-12-04",1269110,1367819,1198603,1367820,1477
"1997-12-05",1475928,1475928,1475928,1475930,195
"1997-12-06",1410123,1593438,1358418,1593440,941
"1997-12-08",1480629,1713300,1480629,1703900,918
"1997-12-09",1567586,1621642,1567586,1567588,448
"1997-12-10",1443025,1548785,1443025,1443026,1140
"1997-12-11",1339617,1410122,1327865,1327867,59
"1997-12-12",1222105,1222105,1222105,1222108,34
"1997-12-13",1125747,1125747,1125747,1125749,375
"1997-12-15",1128099,1215056,1128099,1215057,511
"1997-12-16",1311414,1311414,1257359,1311415,545
"1997-12-17",1414823,1414823,1410123,1414825,309
"1997-12-19",1527633,1527633,1527633,1527634,55
"1997-12-20",1649844,1649844,1649844,1649844,205
"1997-12-22",1781456,1781456,1781456,1781456,162
"1997-12-23",1757953,1757953,1640442,1640445,2269
"1997-12-24",1511181,1638093,1511181,1511183,2585
"1997-12-26",1631041,1631041,1631041,1631043,298
"1997-12-27",1501781,1631042,1501781,1501782,1282
"1998-01-03",1383945,1619617,1383945,1592039,481
"1998-01-05",1717395,1717395,1632153,1699847,643
"1998-01-06",1704859,1817682,1649702,1795118,917
"1998-01-07",1805144,1930502,1704858,1732439,1092
"1998-01-08",1729929,1830215,1654715,1805147,843
"1998-01-09",1752496,1780074,1662238,1662240,915
"1998-01-10",1732438,1792609,1704859,1790104,1015
"1998-01-12",1907939,1933010,1755003,1933011,1388
"1998-01-13",1907938,2085946,1855288,2085947,1811
"1998-01-14",2206289,2243897,2080933,2131077,1463
"1998-01-15",2055861,2243897,2005717,2131077,2113
"1998-01-16",2008223,2033296,1960588,1960590,842
"1998-01-17",1805143,1805143,1805143,1805147,27
"1998-01-19",1662238,1662238,1662238,1662240,31
"1998-01-20",1529360,1529360,1529360,1529360,25
"1998-01-21",1409016,1649702,1409016,1649704,6643
"1998-01-22",1780075,1780075,1649702,1755004,2884
"1998-01-23",1614601,1617110,1614601,1614604,409
"1998-01-24",1742467,1742467,1742467,1742468,777
"1998-01-26",1867824,1880360,1805145,1817683,1779
"1998-01-30",1963096,1963096,1882868,1963097,1073
"1998-01-31",1810159,1925488,1807653,1807654,987
"1998-02-02",1664745,1890389,1664745,1817683,1520
"1998-02-03",1820188,1877854,1704859,1729932,691
"1998-02-04",1755003,1867824,1742468,1867826,1384
"1998-02-05",1780074,1905431,1780074,1792611,536
"1998-02-06",1867823,1867823,1679787,1679789,774
"1998-02-07",1554431,1780075,1554431,1780075,592
"1998-02-09",1777568,1830217,1729932,1755004,835
"1998-02-10",1742466,1755001,1679787,1679789,754
"1998-02-11",1704859,1749988,1609588,1704861,667
"1998-02-12",1629645,1704860,1629645,1654718,590
"1998-02-13",1727424,1755002,1579502,1579504,555
"1998-02-14",1584517,1632152,1454146,1459160,320
"1998-02-16",1479217,1504288,1353859,1353860,478
"1998-02-17",1353859,1461666,1253572,1461667,618
"1998-02-18",1353858,1576995,1353858,1576996,1525
"1998-02-19",1654717,1702352,1654717,1702354,522
"1998-02-20",1837738,1837738,1837738,1837740,192
"1998-02-21",1983152,1983152,1830216,1983154,2634
"1998-02-23",2141103,2141103,2055860,2141105,2279
"1998-02-24",2141103,2231360,2055859,2156147,2758
"1998-02-25",2181218,2243897,2143610,2231362,1904
"1998-02-26",2409369,2409369,2409369,2409369,596
"1998-02-27",2582359,2582359,2582359,2582363,287
"1998-02-28",2782934,2782934,2632504,2782935,3109
"1998-03-02",2632505,3108863,2632505,2908292,1669
"1998-03-03",2908291,3008577,2569826,2569827,1676
"1998-03-04",2732791,2870684,2444468,2870685,2729
"1998-03-05",2757862,3159006,2707719,3033650,1956
"1998-03-06",3033649,3209148,2833077,2958436,1962
"1998-03-07",2958434,3058721,2607433,2607434,1492
"1998-03-09",2319111,2732790,2306575,2306576,1614
"1998-03-10",2306575,2406862,2030789,2030790,4541
"1998-03-11",1787597,1787597,1787597,1787597,1091
"1998-03-12",2000703,2000703,1880360,2000704,3820
"1998-03-13",2013240,2156147,1805145,2030790,4054
"1998-03-14",2206289,2206289,2080933,2131077,1688
"1998-03-16",2083440,2153638,2018254,2018254,1216
"1998-03-17",2030788,2080933,1930503,2005719,1226
"1998-03-18",1933010,2043325,1905432,1927997,822
"1998-03-19",1930502,2131074,1930502,2055861,1638
"1998-03-20",2008223,2030788,1958082,1980647,825
"1998-03-21",2028282,2028282,1933009,1950562,557
"1998-03-23",1943040,2030789,1933011,1955576,893
"1998-03-24",1930504,1993183,1722411,1755004,1676
"1998-03-25",1830217,1865317,1755003,1830218,1046
"1998-03-26",1654717,1805146,1654717,1755004,1208
"1998-03-27",1770045,1815175,1729931,1729932,630
"1998-03-28",1729931,1842753,1729931,1729932,633
"1998-03-30",1729930,1755002,1529359,1571982,884
"1998-03-31",1521838,1627138,1504288,1516824,1212
"1998-04-01",1541894,1629645,1491752,1554433,882
"1998-04-02",1531866,1579502,1454146,1466682,731
"1998-04-03",1416536,1501780,1291179,1336310,791
"1998-04-04",1336309,1479216,1303716,1429075,582
"1998-04-06",1454146,1479216,1383945,1393975,488
"1998-04-07",1393972,1554431,1393972,1504290,902
"1998-04-08",1504287,1554430,1404002,1429075,595
"1998-04-09",1441610,1499273,1391467,1416539,641
"1998-04-10",1429072,1551923,1429072,1504290,1028
"1998-04-11",1509303,1571982,1509303,1551925,683
"1998-04-13",1551924,1599560,1519330,1529360,651
"1998-04-14",1529359,1566966,1429072,1429075,716
"1998-04-15",1459159,1526852,1416536,1441610,432
"1998-04-16",1404002,1439103,1381437,1404003,356
"1998-04-17",1419046,1429073,1378931,1386453,289
"1998-04-18",1391467,1416538,1328787,1328789,267
"1998-04-20",1303716,1328787,1256079,1276138,439
"1998-04-21",1256080,1348845,1246052,1316253,434
"1998-04-22",1318759,1429073,1316252,1328789,587
"1998-04-23",1306224,1326280,1203431,1210953,475
"1998-04-24",1130722,1130722,1068043,1068045,5102
"1998-04-25",940179,967757,940179,940180,586
"1998-04-27",839893,932657,827358,827359,3802
"1998-04-28",837386,864965,764679,769695,1849
"1998-04-29",779721,849921,732086,827359,2003
"1998-04-30",827359,922630,789750,857445,1657
"1998-05-02",877500,887530,817329,819838,680
"1998-05-04",779722,802286,739608,747131,917
"1998-05-06",727072,777215,659379,676930,753
"1998-05-07",681944,724564,651857,712030,938
"1998-05-08",689465,724565,661887,689465,730
"1998-05-09",669408,727072,669408,702002,536
"1998-05-11",679436,702001,654365,654365,498
"1998-05-12",576643,624278,576643,579151,1530
"1998-05-13",579150,614250,516470,596701,1219
"1998-05-14",621771,669408,589178,669408,1158
"1998-05-15",689464,737101,656871,702002,1451
"1998-05-16",702000,742113,664392,727073,537
"1998-05-18",727072,814822,727072,814823,1051
"1998-05-19",827359,910094,827359,910095,622
"1998-05-20",1020408,1020408,1020408,1020410,133
"1998-05-21",1140750,1140750,1052999,1140752,2956
"1998-05-22",1140751,1256081,1055507,1178360,2288
"1998-05-23",1150780,1213459,1053001,1053002,1219
"1998-05-25",1125708,1163314,1015394,1065538,2264
"1998-05-26",1053001,1063029,940179,952717,1897
"1998-05-27",1068043,1068043,1037957,1068045,1168
"1998-05-28",1195908,1195908,1195908,1195910,310
"1998-05-29",1336310,1336310,1133231,1225996,4066
"1998-05-30",1203430,1278645,1145766,1190896,1824
"1998-06-01",1203432,1241038,1078073,1078074,2268
"1998-06-02",1103144,1165823,1032944,1053002,2136
"1998-06-03",1080579,1100637,927643,1027931,2912
"1998-06-05",980293,1040465,952715,952717,1704
"1998-06-08",1002857,1068043,990321,1068045,1575
"1998-06-09",1070551,1128215,1068044,1083088,2048
"1998-06-10",1133231,1203432,1078073,1078074,2256
"1998-06-11",1002859,1100638,977787,990323,1266
"1998-06-12",1002858,1078074,952715,952717,1673
"1998-06-13",927643,977787,902573,915109,649
"1998-06-15",890037,950208,807300,807301,920
"1998-06-16",709522,789750,709522,709523,1484
"1998-06-17",784736,794765,742114,794766,961
"1998-06-18",877500,887530,827359,887530,868
"1998-06-19",902572,950207,877500,927645,1901
"1998-06-20",902573,967758,900065,920123,827
"1998-06-22",927643,952715,882515,902573,907
"1998-06-23",877500,902573,827359,857445,781
"1998-06-24",877500,900066,842400,852430,1103
"1998-06-25",857443,872486,789749,812316,663
"1998-06-26",812315,902572,812315,864966,1865
"1998-06-27",849922,864965,802286,819838,545
"1998-06-29",852430,852430,784736,789752,718
"1998-06-30",764680,812315,754650,779722,756
"1998-07-01",782228,802285,782228,794766,64
"1998-07-02",699492,699492,699492,699495,35
"1998-07-03",616757,616757,616757,616758,84
"1998-07-04",544050,544050,544050,544051,22
"1998-07-06",488892,606729,488892,606730,5332
"1998-07-07",654364,679435,619264,676930,2589
"1998-07-08",676928,689464,596700,596701,1709
"1998-07-09",584164,646843,541543,589180,2965
"1998-07-10",601715,624278,541543,574137,1292
"1998-07-11",539036,571628,539036,546558,807
"1998-07-13",546557,564107,526500,529008,858
"1998-07-14",591685,591685,591685,591687,375
"1998-07-15",661886,661886,606729,616758,1982
"1998-07-16",616756,616756,579149,601715,1198
"1998-07-18",634308,671914,629294,641830,1016
"1998-07-20",641829,641829,641829,641830,0
"1998-07-21",641829,641829,641829,641830,0
"1998-07-22",719551,719551,676929,684451,3921
"1998-07-23",626786,626786,604221,604224,344
"1998-07-24",531514,531514,531514,531516,141
"1998-07-25",506443,589179,503935,539037,2848
"1998-07-27",544050,559094,476356,503937,2030
"1998-07-28",506443,551571,491401,516473,2079
"1998-07-29",549064,566615,513964,536530,1685
"1998-07-30",586670,586670,539035,541543,1361
"1998-07-31",513964,529007,508950,516473,1324
"1998-08-01",516471,529007,503936,513965,568
"1998-08-03",503935,523993,496413,496416,586
"1998-08-04",451286,491401,451286,478865,890
"1998-08-05",481370,513963,451285,456301,691
"1998-08-06",458807,458807,421198,426215,864
"1998-08-07",438749,468835,436243,456301,632
"1998-08-08",488892,511457,463822,511458,572
"1998-08-10",511458,518978,451286,453794,1064
"1998-08-11",463822,468836,443764,451286,570
"1998-08-12",451285,501428,428721,501430,1208
"1998-08-13",561600,561600,561600,561601,410
"1998-08-14",629293,629293,629293,629294,249
"1998-08-17",704508,704508,679435,704508,5462
"1998-08-18",629293,777215,626786,696987,6518
"1998-08-19",702000,739608,631800,641830,4512
"1998-08-20",654364,676928,616757,624280,3633
"1998-08-21",614250,639321,569121,594194,3818
"1998-08-22",523993,523993,523993,523994,147
"1998-08-24",461314,461314,461314,461316,142
"1998-08-25",406156,406156,406156,406159,169
"1998-08-26",358521,423707,358521,376072,14264
"1998-08-27",401142,408664,383592,401144,3751
"1998-08-28",401142,448778,376071,448780,3287
"1998-08-29",496414,498922,451286,451286,2941
"1998-08-31",398635,438750,398635,398636,3115
"1998-09-01",406156,408663,376070,386101,1334
"1998-09-02",376071,401142,376071,378580,1228
"1998-09-03",383593,401142,381085,381086,1492
"1998-09-04",381085,393621,381085,381086,801
"1998-09-05",391113,396129,383592,388608,508
"1998-09-07",388607,436243,388607,421201,2771
"1998-09-08",421198,421198,388607,391115,1040
"1998-09-09",401142,406156,383592,393623,959
"1998-09-10",381085,393620,381085,386101,1079
"1998-09-11",381085,393621,381085,383593,928
"1998-09-12",376071,383592,376071,378580,576
"1998-09-14",378578,386099,363536,368551,877
"1998-09-15",368550,376070,358520,361029,394
"1998-09-16",350999,353506,328436,338466,1113
"1998-09-17",338463,338463,305871,318408,1326
"1998-09-18",305871,310885,285814,285815,867
"1998-09-19",288321,320914,285813,320915,992
"1998-09-21",313393,313393,283306,283308,1281
"1998-09-22",265757,288322,250713,250715,1043
"1998-09-23",255729,263250,228149,233165,859
"1998-09-24",223135,258235,223135,250715,1308
"1998-09-25",250713,275785,240685,250715,1145
"1998-09-26",248206,263249,248206,250715,358
"1998-09-28",245699,258235,243192,243194,499
"1998-09-29",238178,250712,238178,238179,461
"1998-09-30",238178,238178,223135,230658,708
"1998-10-01",225642,235671,225642,233165,689
"1998-10-02",233163,235671,230656,233165,479
"1998-10-07",243191,260742,243191,260744,929
"1998-10-08",263249,285814,263249,268265,2661
"1998-10-09",268264,268264,248206,250715,1202
"1998-10-10",253221,260743,250713,250715,543
"1998-10-12",280799,280799,278292,280801,734
"1998-10-13",310885,313393,280799,313393,2733
"1998-10-14",313393,330943,303363,313393,1818
"1998-10-15",318406,318406,298349,308379,1474
"1998-10-16",300857,313393,275785,283308,928
"1998-10-17",283306,305871,283306,305872,645
"1998-10-19",283306,313393,283306,313393,736
"1998-10-20",300857,335957,300857,315901,2410
"1998-10-21",320915,320915,303363,303365,1114
"1998-10-22",313393,330943,310885,310887,1627
"1998-10-23",310885,318406,308379,315901,1072
"1998-10-24",310885,328436,308379,315901,948
"1998-10-26",315899,315899,298349,300858,748
"1998-10-27",265756,275785,265756,265758,329
"1998-10-28",245699,275785,243191,265758,1149
"1998-10-29",265757,288322,265757,283308,472
"1998-10-30",288322,290829,275785,280801,589
"1998-10-31",270770,313392,268263,293336,690
"1998-11-02",293336,305872,280799,303365,1273
"1998-11-03",300857,310885,298349,305872,1142
"1998-11-04",300857,325928,300857,308379,1082
"1998-11-05",315899,330942,313392,320915,1654
"1998-11-06",338463,358520,330942,358523,1072
"1998-11-07",401142,401142,376070,401144,2200
"1998-11-09",401143,446271,366043,418693,1935
"1998-11-10",438749,443763,388607,388608,1452
"1998-11-11",388607,423707,363535,396129,1607
"1998-11-12",396129,413678,396129,401144,1199
"1998-11-13",391114,401142,353506,366044,1037
"1998-11-14",368550,383592,350999,366044,864
"1998-11-16",386099,396129,368550,376072,801
"1998-11-17",381086,398637,371057,371058,986
"1998-11-18",388607,416186,376071,416186,1941
"1998-11-19",366042,376070,366042,366044,2128
"1998-11-20",333449,386099,328436,343479,7614
"1998-11-21",350999,353506,338463,343479,1334
"1998-11-23",345984,373563,345984,361029,1840
"1998-11-24",376070,403650,376070,403650,3118
"1998-11-25",426214,451286,416186,451286,3202
"1998-11-26",463821,503935,451285,468837,3431
"1998-11-27",468835,468835,418692,428723,1476
"1998-11-28",378578,413678,378578,378580,4268
"1998-11-30",378578,378578,378578,378580,0
"1998-12-01",378578,378578,378578,378580,0
"1998-12-02",378578,378578,378578,378580,0
"1998-12-03",378578,378578,378578,378580,0
"1998-12-04",378578,378578,378578,378580,0
"1998-12-05",378578,378578,378578,378580,0
"1998-12-07",378578,378578,378578,378580,0
"1998-12-08",378578,378578,378578,378580,0
"1998-12-09",378578,378578,378578,378580,0
"1998-12-10",378578,378578,378578,378580,0
"1998-12-11",378578,378578,378578,378580,0
"1998-12-14",378578,378578,378578,378580,0
"1998-12-15",378578,378578,378578,378580,0
"1998-12-16",378578,378578,378578,378580,0
"1998-12-17",378578,378578,378578,378580,0
"1998-12-18",378578,378578,378578,378580,0
"1998-12-21",321791,348410,321791,321792,3489
"1998-12-22",275060,275060,273878,273878,986
"1998-12-23",233062,236610,233062,233063,5220
"1998-12-24",207035,236611,207035,224782,2860
"1998-12-28",224188,224188,207034,207036,1544
"1999-01-04",195203,195203,178641,180417,1052
"1999-01-05",180415,207626,180415,207627,492
"1999-01-06",216499,221823,207626,221824,1225
"1999-01-07",218865,218865,207034,207036,611
"1999-01-08",207034,212357,201119,207036,723
"1999-01-11",205852,236611,205852,224782,791
"1999-01-12",227739,229513,207035,212951,522
"1999-01-13",211767,224780,211767,224782,679
"1999-01-14",224779,230695,212950,230697,1785
"1999-01-15",230104,241935,218865,240161,978
"1999-01-18",225964,242527,225964,239570,1041
"1999-01-19",242526,242526,230695,230697,537
"1999-01-20",236611,236611,223005,223007,335
"1999-01-21",223005,223005,207034,207036,580
"1999-01-22",207034,207034,195203,201120,233
"1999-01-25",195203,195795,177458,193431,233
"1999-01-26",189289,198161,189289,192247,281
"1999-01-27",186330,188697,177458,188698,315
"1999-01-28",177458,201119,177458,201120,211
"1999-01-29",189880,207035,189880,202894,136
"1999-02-01",215907,233062,215907,233063,507
"1999-02-02",241935,241935,218274,218866,654
"1999-02-03",218865,218865,204077,207036,350
"1999-02-04",201119,218865,201119,218866,224
"1999-02-05",218866,227738,218274,224782,211
"1999-02-08",236610,236610,207626,227739,133
"1999-02-09",207626,219456,207626,208219,324
"1999-02-10",195203,209991,195203,204078,40
"1999-02-11",212950,218865,205852,205852,163
"1999-02-12",207035,217682,207035,208810,128
"1999-02-18",218866,218866,207626,207627,111
"1999-02-19",207626,207626,198161,207627,182
"1999-02-22",207034,207034,201710,201712,98
"1999-02-23",198753,198753,195203,195205,133
"1999-02-24",195204,195796,192838,192839,162
"1999-02-25",201120,201120,184556,184558,169
"1999-02-26",183964,206443,183964,201120,122
"1999-03-02",205851,205851,190472,198755,31
"1999-03-03",186923,195203,186923,195205,51
"1999-03-04",189880,195203,189880,192247,74
"1999-03-05",189289,196386,189289,196389,76
"1999-03-08",198161,202302,195203,197571,151
"1999-03-09",198161,198161,195203,195205,117
"1999-03-10",195203,195203,190472,191064,309
"1999-03-11",195203,196978,190472,195205,307
"1999-03-12",201120,201711,195796,198163,232
"1999-03-15",201119,207626,201119,207627,284
"1999-03-16",218275,218275,202894,212951,394
"1999-03-17",212950,212950,196386,198755,141
"1999-03-18",201120,201120,192838,192839,188
"1999-03-19",194021,196387,190472,195205,108
"1999-03-22",192838,194612,189289,189289,223
"1999-03-23",189289,194021,189289,192247,105
"1999-03-24",194612,194612,189289,189289,123
"1999-03-25",189289,194612,189289,193431,113
"1999-03-26",195203,195203,192246,193431,143
"1999-03-29",193430,200527,192247,197571,155
"1999-03-30",201710,201710,196386,196389,141
"1999-03-31",195795,207035,193430,197571,127
"1999-04-01",197569,201119,190472,190472,126
"1999-04-02",191063,201119,191063,194022,142
"1999-04-06",195203,195203,191063,191064,101
"1999-04-07",191063,195203,191063,195205,399
"1999-04-08",195203,204077,195203,198163,258
"1999-04-09",201119,201711,199936,199937,160
"1999-04-12",201119,207034,201119,207036,289
"1999-04-13",215908,221823,212950,221824,590
"1999-04-14",222414,254356,222414,254358,824
"1999-04-15",247851,247851,216499,218866,611
"1999-04-16",218865,230695,207034,207036,391
"1999-04-19",212950,218865,212950,218866,432
"1999-04-20",218865,236611,218865,236612,463
"1999-04-21",208217,241935,208217,221824,227
"1999-04-22",224779,242526,224779,242527,418
"1999-04-23",242526,266188,242526,266189,1298
"1999-04-26",278017,286891,243117,259682,1362
"1999-04-27",225371,236611,225371,233655,496
"1999-04-28",236611,248441,230695,236021,307
"1999-04-29",224779,236611,224779,236612,432
"1999-04-30",266187,266187,239569,240161,291
"1999-05-03",242526,242526,236611,236612,178
"1999-05-04",236612,236612,227738,234246,231
"1999-05-06",236610,260272,236610,254358,648
"1999-05-07",254356,254948,216498,254358,793
"1999-05-10",240160,251398,236611,251401,86
"1999-05-11",250216,250216,227146,236612,248
"1999-05-12",236611,236611,227146,227148,277
"1999-05-13",227146,236611,214724,215317,300
"1999-05-14",218866,236611,217091,224782,259
"1999-05-17",224780,224780,215907,223599,52
"1999-05-18",215908,224780,212950,224190,65
"1999-05-19",230696,230696,220048,220641,56
"1999-05-20",214725,214725,207626,207627,137
"1999-05-21",207035,207035,201120,202894,57
"1999-05-24",198161,202894,198161,202894,15
"1999-05-25",202894,202894,198161,202894,136
"1999-05-26",193429,201119,193429,196389,20
"1999-05-27",196386,207035,196386,205261,132
"1999-05-28",212950,212950,205851,209994,70
"1999-05-31",209991,209991,198161,209994,50
"1999-06-01",212951,218866,212951,212951,131
"1999-06-02",212949,212949,201710,206445,41
"1999-06-03",215907,215907,195795,201120,93
"1999-06-04",202893,202893,198752,198755,114
"1999-06-07",218865,218865,198753,201712,195
"1999-06-08",202302,204077,202302,204078,159
"1999-06-09",201119,207034,201119,204078,228
"1999-06-10",204078,206444,196387,196980,121
"1999-06-11",201119,201119,198753,199937,84
"1999-06-14",199936,199936,194612,194614,55
"1999-06-15",195204,195204,184557,186332,166
"1999-06-16",189289,194612,189289,192247,94
"1999-06-17",201711,221231,195203,221232,501
"1999-06-18",229512,253174,229512,253175,1678
"1999-06-21",235428,291032,221823,291033,2619
"1999-06-22",319425,319425,260864,295765,2069
"1999-06-23",289849,289849,266188,278020,649
"1999-06-24",261456,272103,248441,255541,988
"1999-06-25",266187,283934,266187,272104,948
"1999-06-28",278017,312919,278017,312919,1445
"1999-06-29",312919,319424,295172,295174,1156
"1999-06-30",295173,314693,295173,314694,1046
"1999-07-01",295763,337171,295763,337172,2034
"1999-07-02",347818,387451,347818,387452,2574
"1999-07-05",419985,445421,419985,445423,1656
"1999-07-06",470265,490377,443646,473225,1807
"1999-07-07",431815,489785,431815,467309,1495
"1999-07-08",455477,479139,425901,479139,1368
"1999-07-09",485053,508715,485053,508716,1291
"1999-07-12",479139,514630,476182,479139,985
"1999-07-13",470265,470265,414070,414072,1064
"1999-07-14",419985,464350,396324,402241,644
"1999-07-15",414070,431224,414070,414072,339
"1999-07-16",354917,414070,354917,414072,319
"1999-07-19",414070,414070,385676,392776,157
"1999-07-20",393366,414070,393366,412888,331
"1999-07-21",390409,414070,390409,397508,247
"1999-07-22",391000,391000,366748,384494,188
"1999-07-23",378578,378578,349593,354918,362
"1999-07-26",355509,357875,314693,314694,315
"1999-07-27",293397,361423,293397,361426,154
"1999-07-28",372663,384494,354917,381537,140
"1999-07-29",380945,380945,357875,357876,75
"1999-07-30",343087,349593,331256,331257,240
"1999-08-02",307594,360240,307594,325341,217
"1999-08-03",319425,351959,308777,351960,212
"1999-08-04",354917,354917,337762,337764,123
"1999-08-05",337762,346043,325339,325341,85
"1999-08-06",373845,373845,308776,325341,84
"1999-08-09",314101,346044,314101,343088,193
"1999-08-10",349001,354917,330664,351960,210
"1999-08-11",330664,349001,325340,349003,64
"1999-08-12",349001,349593,346044,349595,374
"1999-08-13",383902,401647,383902,401649,499
"1999-08-16",431815,431815,417027,422353,794
"1999-08-17",402830,402830,360832,396325,452
"1999-08-18",396324,396324,337172,376213,193
"1999-08-19",325932,402239,325932,367932,93
"1999-08-20",366747,366747,364972,366749,93
"1999-08-23",384494,384494,366749,367340,162
"1999-08-24",372662,372662,354917,360833,74
"1999-08-25",360832,366156,340129,340129,318
"1999-08-26",367339,369706,337172,354918,164
"1999-08-27",343086,396324,331256,396325,478
"1999-08-30",390409,390409,367931,367932,253
"1999-08-31",351958,366748,337762,337764,134
"1999-09-01",351958,388042,351367,388044,1290
"1999-09-02",337762,407563,337762,390411,752
"1999-09-03",393367,393367,337172,354918,687
"1999-09-06",360833,366749,346044,346046,237
"1999-09-07",354917,378578,354917,366749,267
"1999-09-08",354917,372663,354917,354918,202
"1999-09-09",372663,372663,354917,363791,166
"1999-09-10",358466,366156,354325,366157,240
"1999-09-13",360832,366747,330072,338946,65
"1999-09-14",343086,354916,325339,325341,195
"1999-09-15",349001,366748,340720,354327,737
"1999-09-16",337171,354325,337171,353735,51
"1999-09-17",331256,354917,331256,351960,34
"1999-09-20",349001,354917,337171,349003,34
"1999-09-21",337171,354917,337171,340129,75
"1999-09-22",343087,354917,343087,346637,73
"1999-09-27",349001,349593,343087,349003,203
"1999-09-28",349001,349001,336580,336581,123
"1999-09-29",366748,366748,289849,354327,136
"1999-09-30",359649,359649,301679,301681,219
"1999-10-01",295763,325339,283933,325341,101
"1999-10-04",302272,313511,301680,303455,48
"1999-10-05",266187,269145,258498,258498,346
"1999-10-06",220640,258498,220640,253767,136
"1999-10-07",256130,259088,215907,259090,143
"1999-10-08",260272,260272,237202,249035,59
"1999-10-11",248442,269145,242526,269146,154
"1999-10-12",309368,309368,273287,300497,161
"1999-10-13",304636,304636,286892,295765,124
"1999-10-14",307002,307002,280975,295765,133
"1999-10-15",295173,295173,280976,285709,55
"1999-10-18",276835,283934,276835,283934,98
"1999-10-19",283934,283934,265596,282751,97
"1999-10-20",266188,273878,266188,272696,88
"1999-10-21",275060,275060,260273,260273,175
"1999-10-22",260273,265004,242526,260273,50
"1999-10-25",262046,262046,243117,247260,57
"1999-10-26",242526,248441,222414,236612,133
"1999-10-27",220640,236611,220640,236612,84
"1999-10-28",242526,248442,236611,248443,77
"1999-10-29",236020,251399,236020,239570,96
"1999-11-01",237202,242526,236611,242527,208
"1999-11-02",242526,242526,233653,233655,157
"1999-11-03",230696,231879,229512,231879,126
"1999-11-04",230695,236611,230695,236021,201
"1999-11-05",236611,256131,236611,256132,202
"1999-11-08",265596,267961,254356,254358,105
"1999-11-09",243709,248442,236611,242527,354
"1999-11-10",243709,262638,236610,254358,257
"1999-11-11",257314,257314,237202,237204,181
"1999-11-12",242526,242526,223597,230697,384
"1999-11-15",196978,224780,196978,224782,202
"1999-11-16",224779,236611,224779,230697,253
"1999-11-17",230696,236611,224780,224782,220
"1999-11-18",230697,230697,196386,218274,197
"1999-11-19",218866,218866,212951,212951,106
"1999-11-22",201710,212950,201710,204078,208
"1999-11-23",202303,202303,195203,198163,405
"1999-11-24",198161,204077,195203,195205,92
"1999-11-25",184557,188698,183965,186332,218
"1999-11-26",201119,201119,176866,177459,56
"1999-11-29",171542,195203,165628,195205,105
"1999-11-30",195203,207034,177458,207036,138
"1999-12-01",201119,201119,181006,189289,90
"1999-12-02",200527,200527,175092,175093,208
"1999-12-03",171542,200527,166219,177459,380
"1999-12-06",186331,186331,153796,159713,817
"1999-12-07",159120,159120,136642,147882,265
"1999-12-08",146698,146698,125994,125996,344
"1999-12-09",114164,123037,107065,114758,1006
"1999-12-10",111206,121263,111206,121263,405
"1999-12-13",121263,139008,117712,130137,352
"1999-12-14",130727,149656,130727,149657,315
"1999-12-15",149656,167402,144924,144925,535
"1999-12-16",141966,141966,130136,131319,186
"1999-12-17",131318,136050,121263,131911,382
"1999-12-20",146699,146699,125994,133094,121
"1999-12-21",125994,125994,113573,115349,92
"1999-12-22",115346,115346,101741,109433,209
"1999-12-23",108841,109432,101150,102335,310
"1999-12-24",89320,117713,89320,117714,194
"1999-12-27",118305,134276,115346,115349,271
"1999-12-28",98192,109433,98192,98194,231
"2000-01-04",112389,112980,112389,112982,75
"2000-01-05",129544,129544,129544,129545,75
"2000-01-06",149065,149065,130135,136643,827
"2000-01-07",139008,140783,131318,131319,223
"2000-01-10",136050,136050,119488,124221,210
"2000-01-11",121264,121264,114164,118306,229
"2000-01-12",112981,120671,112981,120672,188
"2000-01-13",115346,115346,112389,115349,107
"2000-01-14",112981,120080,112981,118306,89
"2000-01-17",124221,136050,124221,129545,428
"2000-01-18",136050,136050,121263,121263,285
"2000-01-19",121264,121264,115940,118306,112
"2000-01-20",115346,115346,107066,115349,46
"2000-01-21",107657,124812,107657,121263,151
"2000-01-24",124221,128952,124221,124221,245
"2000-01-25",126586,126586,112980,121263,25
"2000-01-26",121264,121264,109432,110025,188
"2000-01-27",120079,120079,112389,113574,127
"2000-01-28",115940,118306,110023,111800,300
"2000-01-31",118305,128360,118305,128363,405
"2000-02-01",128952,141965,128952,140193,877
"2000-02-02",126586,134868,126586,126588,157
"2000-02-03",124221,124221,114755,120672,1001
"2000-02-07",115346,118305,115346,118306,434
"2000-02-08",121264,121264,115346,115349,553
"2000-02-09",114164,114755,106474,107067,1021
"2000-02-10",106474,106474,99967,99969,839
"2000-02-11",97009,97009,89320,93462,536
"2000-02-14",91685,105883,83996,102927,1137
"2000-02-15",92278,99968,92278,92870,236
"2000-02-16",92278,92278,85770,85772,291
"2000-02-17",82814,94052,82814,91687,350
"2000-02-18",91094,92278,91094,91096,296
"2000-02-21",87546,88137,86361,86364,15
"2000-02-22",83405,84588,83405,83406,217
"2000-02-23",80447,91685,80447,87547,437
"2000-02-24",87546,87546,81038,81040,396
"2000-02-25",91685,91685,85770,88139,114
"2000-02-28",83404,87545,82813,87547,413
"2000-02-29",88728,90503,83996,86364,668
"2000-03-02",86954,88728,82813,88730,520
"2000-03-03",89320,100559,88137,97011,610
"2000-03-06",109433,109433,98192,101152,290
"2000-03-07",106474,107065,98784,100560,391
"2000-03-08",100559,110615,99375,110616,513
"2000-03-09",109431,114754,109431,112982,566
"2000-03-10",107657,107657,102332,103518,412
"2000-03-13",100559,118896,100559,118897,976
"2000-03-14",118896,118896,118896,118897,0
"2000-03-15",118896,118896,118896,118897,0
"2000-03-16",118896,118896,118896,118897,0
"2000-03-17",118896,118896,118896,118897,0
"2000-03-20",118896,118896,118896,118897,0
"2000-03-21",118896,118896,118896,118897,0
"2000-03-22",118896,118896,118896,118897,0
"2000-03-23",118896,118896,118896,118897,0
"2000-03-24",118896,118896,118896,118897,0
"2000-03-27",118896,118896,118896,118897,0
"2000-03-28",118896,118896,118896,118897,0
"2000-03-29",118896,118896,118896,118897,0
"2000-03-30",118896,118896,118896,118897,0
"2000-03-31",118896,118896,118896,118897,0
"2000-04-03",118896,118896,118896,118897,0
"2000-04-04",118896,118896,118896,118897,0
"2000-04-06",118896,118896,118896,118897,0
"2000-04-07",118896,118896,118896,118897,0
"2000-04-10",118896,118896,118896,118897,0
"2000-04-11",120967,136643,120967,136643,782
"2000-04-12",157051,157051,157051,157051,926
"2000-04-14",180415,180415,180415,180417,1527
"2000-04-17",207330,207330,207330,207331,1127
"2000-04-18",238385,238385,238385,238387,524
"2000-04-19",273878,273878,273878,273878,309
"2000-04-20",313510,313510,233062,233063,7900
"2000-04-21",202006,267962,198160,267964,3247
"2000-04-24",267666,267666,228034,228035,1566
"2000-04-25",210288,224485,194021,194022,1767
"2000-04-26",180416,186331,165037,165037,1068
"2000-04-27",161190,161190,143740,161192,1332
"2000-04-28",147882,185148,147882,173909,1464
"2000-05-02",173908,173908,147882,150840,1152
"2000-05-03",139896,162669,139896,162671,854
"2000-05-04",144923,162669,144923,150840,526
"2000-05-08",153796,173317,146402,173318,943
"2000-05-09",169767,169767,150839,150840,399
"2000-05-10",148177,151431,147882,151432,465
"2000-05-12",154388,173909,151135,173909,1436
"2000-05-15",181895,181895,153796,156756,1140
"2000-05-16",153797,171542,149656,168586,1106
"2000-05-17",165330,165330,145220,145220,759
"2000-05-18",146993,146993,123629,124517,913
"2000-05-19",128065,128065,118601,125700,143
"2000-05-22",118008,128656,112980,124221,195
"2000-05-23",115644,126883,115644,126291,221
"2000-05-24",126883,126883,118305,120968,266
"2000-05-25",115346,135755,115346,135757,698
"2000-05-26",132502,132502,117122,118306,325
"2000-05-29",118601,124221,118601,120968,65
"2000-05-30",124221,137530,121263,136052,411
"2000-05-31",127178,151135,127178,138714,269
"2000-06-01",152317,152317,127474,128066,125
"2000-06-02",135164,135164,121855,125996,190
"2000-06-05",125994,133389,125994,133094,385
"2000-06-07",133094,133094,122741,127771,447
"2000-06-08",130135,135754,118304,118897,391
"2000-06-09",118304,122740,118304,121560,248
"2000-06-12",132502,132502,118305,118306,319
"2000-06-13",123629,123629,115346,115349,231
"2000-06-14",125699,125699,115346,115644,309
"2000-06-15",121263,121263,110911,110911,161
"2000-06-16",100855,103812,97306,97306,434
"2000-06-19",93461,94645,89616,91096,218
"2000-06-20",91982,96122,89912,96124,112
"2000-06-21",97897,99081,94940,98489,185
"2000-06-22",102037,113277,102037,113278,299
"2000-06-23",128359,128359,107657,107955,175
"2000-06-26",97897,112389,97897,109433,49
"2000-06-27",112389,112389,106475,106476,86
"2000-06-28",109432,109432,103517,104109,83
"2000-06-29",103813,104995,99080,99081,125
"2000-06-30",99080,105883,99080,103518,175
"2000-07-03",103517,104404,100855,104405,182
"2000-07-04",105292,120080,105292,115644,917
"2000-07-05",118009,118009,104404,118010,481
"2000-07-06",118009,118305,107066,115053,355
"2000-07-07",115939,119192,108250,115053,1081
"2000-07-10",106474,130136,106474,118010,221
"2000-07-11",117713,117713,112389,117714,565
"2000-07-12",129840,132501,118304,126588,353
"2000-07-13",132501,132501,118304,124221,401
"2000-07-14",130136,130136,124221,128658,280
"2000-07-18",128655,128655,112980,112982,132
"2000-07-19",118600,118600,113572,113574,61
"2000-07-20",118009,122149,104404,122151,175
"2000-07-21",126586,126586,118304,121263,32
"2000-07-24",121263,121263,103221,103222,410
"2000-07-25",93164,103516,93164,103518,102
"2000-07-26",102037,102037,99080,99081,90
"2000-07-27",99079,113869,97601,113869,515
"2000-07-28",131023,131023,109432,131024,1792
"2000-07-31",121558,126290,111798,121263,998
"2000-08-01",112389,118305,112389,118010,233
"2000-08-02",109432,135460,104404,118306,1041
"2000-08-03",116826,134573,116826,119786,848
"2000-08-04",120079,120079,110023,112686,433
"2000-08-07",107065,115643,107065,109433,422
"2000-08-08",116827,116827,108250,112391,538
"2000-08-09",125107,125107,113572,118602,791
"2000-08-10",124221,127177,118305,127179,222
"2000-08-11",130136,131615,118009,118010,364
"2000-08-14",118304,126586,118304,124221,257
"2000-08-16",124221,134572,119191,134573,380
"2000-08-17",134572,147882,134572,139305,1051
"2000-08-18",142263,144924,128952,133094,1226
"2000-08-21",135755,141670,132797,139601,1462
"2000-08-22",141966,141966,130726,130728,427
"2000-08-23",130727,139008,128360,139010,777
"2000-08-24",156754,156754,141966,141968,2883
"2000-08-25",150839,150839,139304,145812,1628
"2000-08-28",153796,167401,153796,167404,1977
"2000-08-29",191654,191654,162669,177459,3128
"2000-08-30",171542,180415,159712,171544,2211
"2000-08-31",163262,163262,151431,162376,1820
"2000-09-01",162965,162965,147882,147882,1007
"2000-09-04",147882,161190,144923,147882,1793
"2000-09-05",153797,153797,139600,144629,1041
"2000-09-06",147882,148177,140191,140488,1778
"2000-09-07",137531,137531,119488,119488,2324
"2000-09-08",121263,121263,108249,108546,1305
"2000-09-14",115346,124221,110911,124221,1148
"2000-09-15",122150,124221,115346,115349,1010
"2000-09-18",116826,116826,98192,100264,1084
"2000-09-19",97897,109432,97601,103518,591
"2000-09-20",104995,109431,104995,105588,346
"2000-09-21",102630,113868,102630,108250,356
"2000-09-22",107066,112389,104404,112391,506
"2000-09-25",122741,122741,112389,112391,930
"2000-09-26",114164,114460,110023,114165,343
"2000-09-27",107065,110911,107065,108546,586
"2000-09-28",118305,118305,110023,110025,372
"2000-09-29",109431,112389,108544,110911,278
"2000-10-02",103516,109431,103516,105588,481
"2000-10-04",106475,106475,104995,104997,293
"2000-10-05",103813,103813,100856,101152,403
"2000-10-06",98192,98192,89023,90208,2478
"2000-10-09",92573,101741,92278,93462,1001
"2000-10-10",93460,96122,93460,94941,1110
"2000-10-11",88727,99079,88727,97602,1479
"2000-10-12",97601,97601,92278,97306,968
"2000-10-13",93165,94941,90207,93166,444
"2000-10-16",93164,103812,93164,97306,1588
"2000-10-17",96122,100263,92278,92278,652
"2000-10-18",94940,99080,90207,90208,1159
"2000-10-19",93165,93165,85770,87842,670
"2000-10-20",87841,92278,87841,89617,993
"2000-10-23",90503,90503,86066,86068,412
"2000-10-24",88433,88728,83405,83406,687
"2000-10-25",83699,85770,81334,82815,427
"2000-10-26",79856,84588,79856,80745,367
"2000-10-27",81335,82814,77193,79856,410
"2000-10-30",79855,79855,75714,76898,431
"2000-10-31",79855,79855,65954,70984,405
"2000-11-01",68025,68025,62405,63293,604
"2000-11-02",63293,72756,63293,72759,632
"2000-11-03",73940,81334,73940,73942,1297
"2000-11-06",73941,76899,71871,71870,444
"2000-11-07",67728,82518,66546,82519,2437
"2000-11-08",74237,78081,70391,70392,3130
"2000-11-09",72461,79560,65363,67731,1436
"2000-11-10",68025,70982,68025,68026,542
"2000-11-13",70983,70983,65067,65068,538
"2000-11-14",65066,74236,63884,73942,1841
"2000-11-15",73348,73940,69503,69504,851
"2000-11-16",69504,72461,69504,72463,1732
"2000-11-17",72461,83405,72461,83406,1978
"2000-11-20",95828,95828,95828,95827,1883
"2000-11-21",106178,110023,106178,110025,8342
"2000-11-22",109431,114755,94644,97602,5495
"2000-11-23",97601,102037,94645,99081,3550
"2000-11-24",110911,110911,99375,103518,1460
"2000-11-27",89320,101741,89320,99969,1547
"2000-11-28",94940,97602,88728,88730,1190
"2000-11-29",88727,94644,81631,94645,1552
"2000-11-30",88728,97602,88728,94350,566
"2000-12-01",97601,97601,88727,97602,1008
"2000-12-04",97601,106474,97601,100560,628
"2000-12-05",100855,101150,95827,97898,622
"2000-12-06",101150,101150,95531,97602,373
"2000-12-07",103221,103221,96418,97602,601
"2000-12-08",100559,103516,100264,100560,1349
"2000-12-11",97602,99375,91685,91687,1003
"2000-12-12",88728,88728,82518,82519,2443
"2000-12-13",81334,88728,81334,88730,589
"2000-12-14",87842,88728,86954,87842,324
"2000-12-15",84883,85770,76898,76898,798
"2000-12-18",76898,82813,76898,82815,287
"2000-12-19",85769,85769,78672,78673,257
"2000-12-20",76602,77489,73941,75420,275
"2000-12-21",73940,86658,68321,86659,750
"2000-12-22",78080,88728,78080,88730,955
"2000-12-26",88728,91094,82813,91096,364
"2001-01-02",83996,94940,83996,91687,185
"2001-01-03",100559,100559,88728,91096,393
"2001-01-04",92574,92574,86066,88730,447
"2001-01-05",91390,91685,86658,88730,367
"2001-01-08",86066,91685,82813,82815,344
"2001-01-09",84293,88728,84293,88434,246
"2001-01-10",88137,91390,87250,91392,939
"2001-01-11",94645,104995,94645,104997,1159
"2001-01-12",120671,120671,112389,120672,4197
"2001-01-15",115051,138121,115051,138122,3968
"2001-01-16",138121,141670,125994,125996,2866
"2001-01-17",114164,118601,107066,107067,3974
"2001-01-18",107065,116826,94645,109433,1811
"2001-01-19",109432,117712,109432,113869,1358
"2001-01-22",104108,118305,104108,118306,439
"2001-01-26",118897,118897,107066,115349,197
"2001-01-29",115346,115346,107954,112095,381
"2001-01-30",112389,114755,109432,110320,388
"2001-01-31",112684,112684,105291,105292,773
"2001-02-01",105292,105292,100855,100855,1188
"2001-02-02",115939,115939,115939,115940,1781
"2001-02-05",130136,130136,115346,119786,2924
"2001-02-06",117122,117122,109727,109729,782
"2001-02-07",105883,107953,100559,100560,1166
"2001-02-08",101150,108249,101150,106179,563
"2001-02-09",106178,106178,100559,103222,843
"2001-02-12",100559,105883,100559,100560,679
"2001-02-13",100559,106474,100559,100855,637
"2001-02-14",104108,104108,101741,101744,546
"2001-02-15",102038,102333,98784,99377,1001
"2001-02-16",98488,101151,97601,101152,649
"2001-02-19",98489,99671,97601,99081,786
"2001-02-20",97897,103516,97897,103518,915
"2001-02-21",103516,103516,97601,97602,1096
"2001-02-22",95235,98488,95235,97602,829
"2001-02-23",97898,99080,95236,99081,453
"2001-02-26",96122,99080,94645,96124,900
"2001-02-27",97601,97601,91685,92574,501
"2001-02-28",90207,94645,90207,91096,957
"2001-03-02",94347,94347,91094,91392,778
"2001-03-05",91094,91094,87250,87250,472
"2001-03-06",87250,92573,86658,89617,395
"2001-03-07",89616,94347,89616,94053,482
"2001-03-08",95235,95235,93164,94645,293
"2001-03-09",96122,96122,93165,94053,76
"2001-03-12",91685,94644,91390,94645,529
"2001-03-13",92870,92870,91390,91392,652
"2001-03-14",91390,104995,91390,97602,1204
"2001-03-15",94939,103516,94939,100560,1098
"2001-03-16",100559,103812,100559,100560,456
"2001-03-19",99968,103221,97897,103222,547
"2001-03-20",103517,103517,100559,102039,409
"2001-03-21",100559,103222,97601,98786,438
"2001-03-22",97306,102332,94644,94941,593
"2001-03-23",93460,98784,93460,94941,136
"2001-03-26",94644,94644,92278,92278,505
"2001-03-27",92278,92278,89912,90800,183
"2001-03-28",90502,90502,88727,89617,778
"2001-03-29",91390,91390,89616,89617,272
"2001-03-30",91390,91390,89616,91096,194
"2001-04-02",93461,93461,89024,91096,1133
"2001-04-03",93164,93164,77489,81336,4490
"2001-04-04",81334,81334,77784,80745,538
"2001-04-06",81335,81335,78672,79856,593
"2001-04-09",73940,77784,73940,76898,421
"2001-04-10",76898,78080,74237,78082,303
"2001-04-11",78080,78080,73940,73942,1339
"2001-04-12",74236,74236,73052,73942,1710
"2001-04-13",73940,76602,73348,76603,402
"2001-04-16",77193,78376,73940,73942,1333
"2001-04-17",73940,75713,73940,73942,3003
"2001-04-18",76602,76602,73645,75420,1418
"2001-04-19",76306,76306,74236,76012,1920
"2001-04-20",76011,81334,76011,79561,2038
"2001-04-23",81334,81334,78376,78378,1156
"2001-04-24",78080,78080,75713,76307,877
"2001-04-25",75714,76898,75714,76898,465
"2001-04-26",76898,76898,75418,76307,610
"2001-04-27",75418,79559,75418,79561,827
"2001-04-30",76602,79560,76602,77194,628
"2001-05-02",77489,78376,77489,78378,672
"2001-05-03",78672,83996,78672,79856,879
"2001-05-04",79560,79560,77489,78378,510
"2001-05-07",79264,79264,77489,77490,553
"2001-05-08",81334,81334,73940,73942,1692
"2001-05-09",74236,76898,73940,76898,1620
"2001-05-10",74237,78673,74237,78082,775
"2001-05-11",78376,78376,76898,77490,151
"2001-05-14",76897,78376,75713,76012,1621
"2001-05-15",76011,77194,74827,77194,1295
"2001-05-16",77193,77193,76306,76307,794
"2001-05-17",75419,76898,75419,75420,538
"2001-05-18",74237,76602,74237,75716,774
"2001-05-21",77489,77489,76602,76898,1074
"2001-05-22",76602,82814,76602,79856,1730
"2001-05-23",82813,91982,82813,91983,4141
"2001-05-24",88728,90503,84884,85476,2805
"2001-05-25",85770,88728,83108,83110,1230
"2001-05-28",83404,87250,81631,85772,752
"2001-05-29",85770,86361,83108,85476,1445
"2001-05-30",82813,86658,82813,84293,1064
"2001-05-31",87250,87250,84293,86068,1535
"2001-06-01",86066,86361,85179,86068,862
"2001-06-04",86066,89911,86066,89617,1329
"2001-06-05",90207,97601,90207,92574,1439
"2001-06-07",92573,99967,92573,97602,2176
"2001-06-08",92869,102925,91685,94645,1945
"2001-06-11",94645,97601,92573,96124,734
"2001-06-12",94346,97601,93755,94645,624
"2001-06-13",94645,97307,94645,97011,536
"2001-06-14",103517,103517,92574,97011,266
"2001-06-15",93461,94645,93165,94053,792
"2001-06-18",94347,94347,89320,90208,890
"2001-06-19",90207,94644,87841,94645,1435
"2001-06-20",94644,104403,94644,97602,1482
"2001-06-21",103516,103516,96418,97602,485
"2001-06-22",97601,100263,96418,97306,391
"2001-06-25",92870,97010,92870,94350,415
"2001-06-26",95531,95531,88728,88730,637
"2001-06-27",90207,90207,85770,85772,754
"2001-06-28",84292,86361,84292,84589,592
"2001-06-29",82813,86361,82813,83110,622
"2001-07-02",85770,87841,83404,87250,304
"2001-07-03",87841,91685,87250,89912,410
"2001-07-04",87250,89911,87250,89617,173
"2001-07-05",87250,102925,87250,102927,1753
"2001-07-06",116235,116235,94644,94645,7906
"2001-07-09",94644,97306,80742,87250,1713
"2001-07-10",85770,97009,85770,92870,865
"2001-07-11",90208,90208,88728,88730,619
"2001-07-12",87250,90207,87250,89025,698
"2001-07-13",87250,88728,86066,86068,1409
"2001-07-16",85770,89912,85770,88434,385
"2001-07-18",88728,88728,84884,85772,447
"2001-07-19",85770,88136,82813,82815,957
"2001-07-20",85770,87250,84587,84589,687
"2001-07-23",84884,84884,80151,80448,583
"2001-07-24",79560,79560,76011,78082,735
"2001-07-25",78376,88727,78376,87250,652
"2001-07-26",94645,94645,85180,85180,1006
"2001-07-27",91390,91390,87250,89025,366
"2001-07-30",87250,91685,87250,89617,436
"2001-07-31",90207,90207,88136,89912,707
"2001-08-01",85770,91685,85770,88730,528
"2001-08-02",88727,88727,87250,87250,310
"2001-08-03",87841,90207,87250,90208,460
"2001-08-06",91094,94346,88727,92278,994
"2001-08-07",88728,95827,88728,93462,784
"2001-08-08",92573,94051,92573,92870,344
"2001-08-09",92869,106769,92869,106772,1847
"2001-08-10",107954,118602,103813,103814,8217
"2001-08-13",106770,109433,101446,103814,1967
"2001-08-14",106178,106178,102038,102039,1022
"2001-08-16",103516,103516,97306,100855,1058
"2001-08-17",99967,107953,99967,107955,1674
"2001-08-20",107954,115346,107954,115349,3354
"2001-08-21",115644,128360,112389,118306,2513
"2001-08-22",118305,124221,115346,118306,1692
"2001-08-23",115346,122741,115346,116827,1695
"2001-08-24",116827,120375,116827,118306,1112
"2001-08-27",118305,121264,112389,112391,975
"2001-08-28",112389,112389,106770,107363,906
"2001-08-29",107953,121263,107953,114165,1754
"2001-08-30",114460,114460,104108,112391,916
"2001-08-31",111798,115346,110615,111207,717
"2001-09-03",112389,118305,111798,115644,433
"2001-09-04",115643,118305,109432,109433,1387
"2001-09-05",106474,107954,102038,102039,1292
"2001-09-06",100559,109433,100559,106476,779
"2001-09-07",103516,106178,100855,100855,777
"2001-09-10",91685,100559,91685,94053,1301
"2001-09-11",91685,94939,91685,94645,1241
"2001-09-12",80447,80447,80447,80448,313
"2001-09-13",74236,88432,74236,84293,628
"2001-09-14",85770,85770,75714,78378,1490
"2001-09-17",73940,73940,66546,66842,1787
"2001-09-18",68912,75418,68912,73942,1081
"2001-09-19",76898,79856,74828,78082,606
"2001-09-20",78080,78080,75713,76603,566
"2001-09-21",75419,80743,75419,79856,338
"2001-09-24",79856,79856,76011,78378,344
"2001-09-25",76898,79559,76306,76307,399
"2001-09-26",76898,80743,76898,79856,160
"2001-09-27",79264,80151,78376,80153,251
"2001-09-28",85771,85771,79856,79856,452
"2001-10-04",76898,82813,76898,82222,766
"2001-10-05",83996,88136,81926,84293,1289
"2001-10-08",80151,82813,80151,82815,249
"2001-10-09",83108,88727,83108,87547,328
"2001-10-10",85770,89024,85770,85772,450
"2001-10-11",84292,88727,84292,84589,428
"2001-10-12",87250,88727,86954,87250,364
"2001-10-15",86066,87545,86066,87547,275
"2001-10-16",88728,88728,87842,87842,329
"2001-10-17",88136,88727,84292,87250,369
"2001-10-18",85769,85769,84292,84293,411
"2001-10-19",85770,87545,83404,87547,220
"2001-10-22",88727,89320,86065,89321,757
"2001-10-23",91390,100558,91390,91983,1510
"2001-10-24",100559,101150,96122,97602,3053
"2001-10-25",91685,96122,90207,90208,1318
"2001-10-26",88727,89911,86658,86659,648
"2001-10-29",89320,89320,85475,88730,777
"2001-10-30",85770,85770,82222,82815,1121
"2001-10-31",82517,83996,82517,83997,337
"2001-11-01",82814,85770,82814,83701,498
"2001-11-02",83109,87250,83109,83701,687
"2001-11-05",85770,86361,85770,85772,303
"2001-11-06",88728,93165,85770,88730,953
"2001-11-07",88727,94644,88727,92278,1152
"2001-11-08",88727,94051,88727,89321,657
"2001-11-09",91094,91094,88433,88730,575
"2001-11-12",87250,90799,87250,90800,424
"2001-11-13",91390,91982,84293,88730,505
"2001-11-14",88727,91390,87841,90208,1454
"2001-11-15",89913,89913,85180,85180,979
"2001-11-16",85770,87250,84587,84589,607
"2001-11-19",84588,85770,83108,83110,978
"2001-11-20",83404,84883,82813,84884,879
"2001-11-21",84292,84587,82813,84293,315
"2001-11-22",85179,85770,84293,85772,762
"2001-11-23",87250,88728,86361,86364,1427
"2001-11-26",87250,87250,86361,86659,516
"2001-11-27",86658,87250,82813,87250,1387
"2001-11-28",87250,88136,82813,82815,1010
"2001-11-29",83996,84293,82813,82815,630
"2001-11-30",83108,84293,82813,82815,471
"2001-12-03",88727,95236,88727,90208,3331
"2001-12-04",85770,89320,84883,84884,1032
"2001-12-05",85771,85771,83699,85180,700
"2001-12-06",83996,85769,83108,83997,1156
"2001-12-07",83108,84293,82813,82815,1152
"2001-12-10",82813,83108,81333,81336,1140
"2001-12-11",79856,82518,79856,82519,629
"2001-12-12",82813,82813,80742,82222,672
"2001-12-13",79856,81631,79856,80153,717
"2001-12-14",80150,82813,78672,81631,1327
"2001-12-17",81334,93756,81334,83110,835
"2001-12-18",83404,83404,81631,82222,447
"2001-12-19",81927,81927,78672,79856,1312
"2001-12-20",79559,79559,78376,79561,272
"2001-12-21",79265,79265,77785,77787,563
"2001-12-24",74828,76898,74828,75125,422
"2001-12-26",75714,76011,75419,75716,831
"2001-12-27",75714,80151,75714,80153,259
"2001-12-28",76307,82813,76307,82815,486
"2002-01-02",83108,83996,81926,81927,1021
"2002-01-03",82813,82813,81334,81927,758
"2002-01-04",82517,82813,77785,79561,618
"2002-01-07",79856,79856,76898,78378,611
"2002-01-08",79856,79856,77194,77194,786
"2002-01-09",81038,81038,75123,78378,1408
"2002-01-10",78376,79559,78376,79561,262
"2002-01-11",79560,81038,78376,81040,413
"2002-01-14",79856,81038,79856,81040,186
"2002-01-15",81333,81333,78968,78969,667
"2002-01-16",78968,78968,77489,77490,209
"2002-01-17",78376,78672,76898,77787,203
"2002-01-18",77489,78376,76898,77787,326
"2002-01-21",78376,78376,76898,77787,257
"2002-01-22",77784,77784,76898,76898,192
"2002-01-23",76899,77194,76307,77194,447
"2002-01-24",76898,77489,76307,76898,382
"2002-01-25",76898,77785,76898,77787,414
"2002-01-28",77489,80447,77489,79561,1206
"2002-01-29",80151,83996,79856,83110,2597
"2002-01-30",82813,83108,81333,81336,1347
"2002-01-31",81038,81038,78376,81040,1161
"2002-02-01",81038,81334,78376,78378,1307
"2002-02-04",78376,78376,76898,77490,1305
"2002-02-05",77489,77784,75714,76898,816
"2002-02-06",76897,76897,76010,76012,520
"2002-02-07",76011,76011,75419,75420,625
"2002-02-08",75419,75419,73940,75125,411
"2002-02-14",75123,76602,74532,75716,731
"2002-02-15",74828,76307,74828,75125,308
"2002-02-18",76306,76306,73348,73645,889
"2002-02-19",73348,73348,71278,71279,757
"2002-02-20",70983,71870,69504,70096,575
"2002-02-21",73052,73052,69503,69504,283
"2002-02-22",69503,70982,68617,70984,401
"2002-02-25",68617,69208,68617,68913,218
"2002-02-26",68913,70687,68617,69209,415
"2002-02-27",69208,70686,65659,68026,456
"2002-02-28",69504,69504,66547,66547,988
"2002-03-04",66545,69208,66250,68617,781
"2002-03-05",68912,70983,66842,66842,488
"2002-03-06",68617,68617,67137,67140,372
"2002-03-07",68025,69799,67433,68913,772
"2002-03-08",68617,69504,68025,69209,228
"2002-03-11",69208,69208,67137,67140,369
"2002-03-12",67137,67433,66842,67140,821
"2002-03-13",66546,68025,66546,67731,813
"2002-03-14",68025,68025,67433,67731,348
"2002-03-15",67728,67728,65955,67435,616
"2002-03-18",65659,68025,65659,67140,778
"2002-03-19",67138,67434,65659,66547,680
"2002-03-20",66251,72461,66251,69801,2331
"2002-03-21",70982,70982,68321,68322,682
"2002-03-22",69504,70687,66547,66547,1816
"2002-03-25",66842,66842,56785,56787,3856
"2002-03-26",56785,57080,49392,49393,2678
"2002-03-27",45842,56490,45842,56491,5407
"2002-03-28",57377,57377,51757,54421,6389
"2002-03-29",53532,55603,52348,52351,2725
"2002-04-01",53237,53237,50279,50280,1318
"2002-04-02",48800,51461,48800,50280,1416
"2002-04-03",50279,53237,50279,50280,1970
"2002-04-04",50279,57376,50279,57379,2136
"2002-04-08",56786,56786,53238,53237,1519
"2002-04-09",53237,54123,50870,50871,2084
"2002-04-10",50280,52349,49984,51759,883
"2002-04-11",49984,55899,49984,54421,1190
"2002-04-12",54715,55011,53237,55012,1380
"2002-04-15",55012,55012,52941,54421,900
"2002-04-16",54419,54419,53237,54126,657
"2002-04-17",55307,55603,54123,55012,1625
"2002-04-18",55011,55603,54123,55308,1155
"2002-04-19",55307,60632,55011,58561,1877
"2002-04-22",58561,61815,57969,58561,2056
"2002-04-23",59151,59151,56194,56195,1315
"2002-04-24",56785,64771,56194,63885,4235
"2002-04-25",62997,62997,57376,57379,2862
"2002-04-26",57672,59151,57672,57674,840
"2002-04-29",57673,57673,56490,56491,610
"2002-04-30",56194,57969,56194,56491,1366
"2002-05-02",56785,56785,54715,55012,1130
"2002-05-03",55012,56194,53238,53237,1883
"2002-05-06",52053,53532,52053,52942,398
"2002-05-07",52941,52941,49095,49984,419
"2002-05-08",52942,52942,49983,50576,450
"2002-05-09",50871,51462,50279,51167,922
"2002-05-10",51165,52349,50279,50280,422
"2002-05-13",50870,53828,50870,52942,507
"2002-05-14",53829,53829,52054,53237,779
"2002-05-15",52054,53238,52054,53237,791
"2002-05-16",53236,53236,52053,52055,701
"2002-05-17",52053,52348,52053,52351,840
"2002-05-20",53532,53532,51757,51759,595
"2002-05-21",53237,59447,52054,59449,4066
"2002-05-22",61813,61813,54715,54717,8217
"2002-05-23",56489,62997,56489,62998,3529
"2002-05-24",68025,72166,59447,69209,14154
"2002-05-27",68025,68025,63884,64181,4393
"2002-05-28",62405,68913,59743,59745,2218
"2002-05-29",57969,68617,57969,59154,8237
"2002-05-30",63588,67728,63588,67731,4700
"2002-05-31",62404,65066,60039,60040,2306
"2002-06-03",60039,63588,59447,60040,2680
"2002-06-04",60632,60632,59151,59154,1495
"2002-06-05",61518,62109,59151,59449,878
"2002-06-07",60927,62109,58856,58857,450
"2002-06-10",59151,62109,59151,59154,1537
"2002-06-11",60631,61814,58265,58265,580
"2002-06-12",58265,60040,58265,59745,800
"2002-06-14",62701,63588,60039,63293,1605
"2002-06-17",65067,65067,59742,61223,377
"2002-06-18",62109,62109,61223,61519,371
"2002-06-19",62108,62108,57672,57674,1077
"2002-06-20",57673,58265,55898,58265,778
"2002-06-21",56194,57673,53237,55604,706
"2002-06-24",55603,55603,53237,53534,390
"2002-06-25",53237,53828,52941,52942,786
"2002-06-26",52941,52941,47618,47618,683
"2002-06-27",43180,50279,43180,49688,529
"2002-06-28",51461,53237,51461,52942,299
"2002-07-02",51461,56194,50574,52055,903
"2002-07-03",53237,55603,52053,52646,450
"2002-07-04",52646,57377,50870,53534,2479
"2002-07-05",55898,55898,52940,54717,776
"2002-07-08",54715,59151,54123,54717,2355
"2002-07-09",54715,56785,54419,56195,785
"2002-07-10",59152,59152,55603,57083,972
"2002-07-11",55603,60927,55603,58857,2656
"2002-07-12",58560,59151,56785,59154,1586
"2002-07-15",60926,60926,56194,58265,862
"2002-07-16",58266,58266,55011,55899,1518
"2002-07-18",56194,59447,55307,57674,1398
"2002-07-19",55011,57081,53237,56195,1346
"2002-07-22",53828,56194,52349,55899,1026
"2002-07-23",52940,55898,52940,54717,508
"2002-07-24",54715,62701,53828,59154,2807
"2002-07-25",59151,61517,55011,60337,2335
"2002-07-26",60631,69503,59742,69504,17840
"2002-07-29",69503,69503,62108,65660,7088
"2002-07-30",67728,68321,61222,63589,4537
"2002-07-31",63884,66251,61518,61519,2566
"2002-08-01",60334,70687,60039,60928,11398
"2002-08-02",61223,65067,60927,62111,2587
"2002-08-05",63588,64179,60632,62111,2449
"2002-08-06",60926,65362,60334,65364,2006
"2002-08-07",65362,73349,63588,66547,6323
"2002-08-08",66546,70687,64475,67140,4633
"2002-08-09",70982,70982,65954,66251,2536
"2002-08-12",63588,65954,61517,63293,2585
"2002-08-13",61517,64179,60334,62998,1808
"2002-08-14",63884,63884,59151,61815,1623
"2002-08-16",62997,62997,59151,60040,1128
"2002-08-19",60039,60039,56785,58857,2347
"2002-08-20",58856,58856,53532,55604,2832
"2002-08-21",55603,57673,54420,57083,1244
"2002-08-22",56490,57969,55603,56787,883
"2002-08-23",56785,57673,55011,56787,532
"2002-08-26",53828,57377,53828,55012,730
"2002-08-27",54123,55898,53237,55308,1452
"2002-08-28",54419,57377,54419,55308,1238
"2002-08-29",54715,56785,54715,54717,908
"2002-08-30",55011,57377,54123,56787,817
"2002-09-02",56194,58857,55899,55899,1310
"2002-09-03",56194,57969,55011,56195,1292
"2002-09-04",56194,57377,55308,56787,945
"2002-09-05",57080,62700,54715,57674,5360
"2002-09-06",56490,58265,54123,57083,1246
"2002-09-09",55011,56194,49687,53829,1472
"2002-09-10",51165,55898,51165,52942,161
"2002-09-11",52940,55011,52348,52351,769
"2002-09-12",52349,53238,50574,53237,687
"2002-09-13",53532,54419,50574,52646,813
"2002-09-16",53828,53828,50575,51463,972
"2002-09-17",54420,54420,50871,51759,480
"2002-09-18",51166,53237,51166,51463,618
"2002-09-19",53237,53237,51461,52646,125
"2002-09-23",53237,53237,50279,52351,376
"2002-09-24",52349,52349,50871,51759,809
"2002-09-25",49392,52646,46433,47618,1303
"2002-09-26",52646,54715,50574,52942,5206
"2002-09-27",52941,53828,50574,52942,678
"2002-09-30",52942,52942,47914,47914,334
"2002-10-01",47913,52941,42589,48802,970
"2002-10-02",49687,51756,47025,49393,755
"2002-10-04",50279,50279,47912,49688,411
"2002-10-07",49392,50575,45842,45843,460
"2002-10-08",48800,48800,44363,46435,702
"2002-10-09",47618,47618,44660,45843,160
"2002-10-10",43771,50280,43771,46435,209
"2002-10-11",47322,49687,44660,48209,146
"2002-10-14",48799,48799,45546,46732,961
"2002-10-15",47618,47618,44363,45843,334
"2002-10-16",45842,46434,44363,45843,930
"2002-10-17",45842,45842,44068,45843,657
"2002-10-18",45546,48800,44363,48505,1464
"2002-10-21",47026,49687,45546,45548,525
"2002-10-22",45546,47322,44363,45548,666
"2002-10-23",44955,46729,44068,44956,620
"2002-10-24",46137,46137,44068,44365,709
"2002-10-25",45251,45251,43771,44365,528
"2002-10-28",46137,46137,43475,44069,615
"2002-10-29",44363,46138,44068,46140,906
"2002-10-30",44955,52941,43771,50871,4967
"2002-10-31",50279,58560,47026,51167,11924
"2002-11-01",51462,51462,45842,45843,833
"2002-11-04",44955,47322,44955,46140,1131
"2002-11-05",44955,47322,44660,46435,673
"2002-11-06",47026,49687,45252,49097,894
"2002-11-07",48800,54716,46138,46435,4634
"2002-11-08",48209,48209,45842,45843,764
"2002-11-11",45842,48800,45251,48209,620
"2002-11-12",47617,49687,43180,46732,931
"2002-11-13",47025,47025,44660,44956,1222
"2002-11-14",44955,46433,44363,44660,481
"2002-11-15",44660,45842,44363,44660,1081
"2002-11-18",44660,45843,44660,45252,147
"2002-11-19",46138,46138,44660,46140,756
"2002-11-20",45251,48504,45251,47323,1047
"2002-11-21",47618,47618,45546,45548,460
"2002-11-22",47617,47617,45842,47027,507
"2002-11-25",45842,47025,44660,44956,867
"2002-11-26",44955,49095,44955,49097,1301
"2002-11-27",49095,50279,47026,48209,2046
"2002-11-28",48504,50870,46137,50871,2412
"2002-11-29",52053,54419,49687,52055,1246
"2002-12-02",51756,54123,50574,52942,399
"2002-12-03",52941,54419,48209,50280,1945
"2002-12-04",51757,52647,47618,47914,1022
"2002-12-05",47618,50280,47618,47914,6107
"2002-12-06",49095,49687,46729,47618,7674
"2002-12-09",47617,48800,47321,47323,4613
"2002-12-10",47912,47912,46433,47027,2221
"2002-12-11",47025,48208,47025,47027,1397
"2002-12-12",47912,49983,47321,47323,1605
"2002-12-13",48504,48504,47025,47323,2302
"2002-12-16",47321,48209,44955,47323,1108
"2002-12-17",47321,49095,45842,46732,2347
"2002-12-18",45842,47321,45546,47323,1074
"2002-12-20",46137,47321,46137,46732,1257
"2002-12-23",47025,47912,44660,44660,1145
"2002-12-24",43475,45251,38151,41703,3383
"2002-12-26",38151,39927,35490,36083,4565
"2002-12-27",38447,39927,36082,36083,2839
"2002-12-30",36082,36969,34012,36971,902
"2003-01-02",35786,40224,35786,38450,396
"2003-01-03",38447,40223,35490,39041,877
"2003-01-06",39632,44660,38744,44660,3316
"2003-01-07",45546,46138,42885,43181,4541
"2003-01-08",43180,44068,41406,43181,2283
"2003-01-09",44068,46730,41998,45252,4566
"2003-01-10",40223,45842,40223,44069,1403
"2003-01-13",44955,45546,43180,44365,3413
"2003-01-14",44363,45842,43771,44660,3852
"2003-01-15",44660,46137,41406,45548,1527
"2003-01-16",45546,50279,44363,46732,13554
"2003-01-17",45546,53828,45546,52646,11793
"2003-01-20",52645,56194,52348,54717,9403
"2003-01-21",55898,55898,53236,54717,3396
"2003-01-22",62108,62108,46729,46732,38601
"2003-01-23",42885,46138,39632,39632,9251
"2003-01-24",40223,41109,34012,34013,7670
"2003-01-27",31054,33420,29871,31647,5260
"2003-01-28",31646,36082,31646,34900,5064
"2003-01-29",34012,35786,32533,32830,2431
"2003-01-30",33124,35490,32829,34900,1661
"2003-02-03",36377,36377,33715,36379,1014
"2003-02-04",35786,38448,35786,37562,740
"2003-02-05",38448,38448,35490,36971,1834
"2003-02-06",36673,36969,35786,36083,820
"2003-02-07",35490,35490,33420,34309,943
"2003-02-10",34308,34899,32533,34900,1183
"2003-02-11",34604,35786,32829,34900,1246
"2003-02-12",33421,35490,33421,35492,446
"2003-02-13",35490,36377,33124,35196,327
"2003-02-14",34308,34308,30166,32238,8377
"2003-02-17",33124,33124,31054,31943,2482
"2003-02-18",32238,33124,31054,32534,3314
"2003-02-19",34012,34012,30758,32238,3527
"2003-02-20",32238,33124,31349,32534,1906
"2003-02-21",32533,32829,31054,32238,2384
"2003-02-24",31941,32237,31349,31943,1295
"2003-02-25",31941,32237,31054,31351,2204
"2003-02-26",32532,32532,31054,31055,1757
"2003-02-27",31647,31647,30462,30464,1687
"2003-02-28",31646,34899,30462,34900,14142
"2003-03-03",38152,40223,36969,40224,7434
"2003-03-04",46138,46138,39040,43181,55460
"2003-03-05",43180,43180,37266,37562,12076
"2003-03-06",38744,42885,34899,38450,17227
"2003-03-07",36083,38448,32829,32830,6374
"2003-03-10",35195,37857,35195,37857,3626
"2003-03-11",35490,36082,32237,32238,10674
"2003-03-12",28097,34012,27505,27802,26949
"2003-03-13",28688,29575,23956,23957,7837
"2003-03-14",24547,25138,22772,23661,9058
"2003-03-17",23955,24251,20111,20704,8949
"2003-03-18",21294,21590,19518,20704,9948
"2003-03-19",21294,22477,20702,22478,6794
"2003-03-20",22476,24251,21590,23070,9883
"2003-03-21",23363,23363,22181,22774,6480
"2003-03-24",22476,24843,22181,24252,7380
"2003-03-25",23661,24252,22181,22182,7144
"2003-03-26",22477,23069,21885,21886,7211
"2003-03-27",22181,22477,21885,21886,3396
"2003-03-28",21590,22181,20998,21886,2040
"2003-03-31",21294,22477,21294,22478,3916
"2003-04-01",22477,23069,21886,22478,3450
"2003-04-02",23069,24547,21294,22182,16833
"2003-04-03",23661,23661,21885,21886,6429
"2003-04-04",22773,23069,21885,21886,13682
"2003-04-07",22035,22779,21588,21886,13626
"2003-04-08",21738,21886,19519,19520,15185
"2003-04-09",19660,21596,19212,20704,21193
"2003-04-10",20279,21472,17744,17746,43188
"2003-04-11",17597,19371,17152,18338,43216
"2003-04-14",18927,18927,18188,18338,12707
"2003-04-15",18632,19228,18483,18633,21554
"2003-04-16",18780,20407,18633,18929,22653
"2003-04-17",19503,21885,19205,21886,68379
"2003-04-18",25138,25138,25138,25141,25348
"2003-04-21",27800,27800,23808,23957,149266
"2003-04-22",24102,24549,22465,24252,64979
"2003-04-23",24414,24563,22181,22182,42175
"2003-04-24",22181,22181,19223,20112,42317
"2003-04-25",19371,19815,17300,18042,27979
"2003-04-28",17301,20702,17301,20704,32794
"2003-04-29",20702,22329,19371,21591,63228
"2003-04-30",20999,24696,20702,22478,41914
"2003-05-02",22476,22476,19814,20408,42935
"2003-05-06",17449,17449,17449,17450,11549
"2003-05-07",16703,18194,16703,17450,107176
"2003-05-09",17301,17450,16415,16858,45612
"2003-05-12",16986,19519,16837,19520,120797
"2003-05-13",19668,21294,18633,19817,91549
"2003-05-14",19962,22942,19515,20112,283479
"2003-05-15",20262,21007,19815,19817,34322
"2003-05-16",19518,20702,19518,20704,29410
"2003-05-19",21292,22037,20845,21591,24429
"2003-05-20",20999,21442,20553,20999,26647
"2003-05-21",21442,21442,20258,20408,20817
"2003-05-22",20702,20999,19223,20408,15412
"2003-05-23",20407,20702,20258,20704,7947
"2003-05-26",20850,22181,20259,22182,31844
"2003-05-27",22476,22772,21590,22774,24446
"2003-05-28",22772,23955,22181,23661,37076
"2003-05-29",23216,25435,23069,24844,33553
"2003-05-30",25314,25314,21294,21295,49185
"2003-06-02",21294,21294,21294,21295,0
"2003-06-03",21294,21294,21294,21295,0
"2003-06-04",21294,21294,21294,21295,0
"2003-06-05",21294,21294,21294,21295,0
"2003-06-09",21294,21294,21294,21295,0
"2003-06-10",21294,21294,21294,21295,0
"2003-06-11",21294,21294,21294,21295,0
"2003-06-12",21294,21294,21294,21295,0
"2003-06-13",21294,21294,21294,21295,0
"2003-06-16",21294,21294,21294,21295,0
"2003-06-17",21294,21294,21294,21295,0
"2003-06-18",21294,23423,18100,18100,51800
"2003-06-19",16871,17935,15396,17282,78292
"2003-06-20",18017,18509,17280,17609,32669
"2003-06-23",16871,18100,16871,17609,28359
"2003-06-24",18304,20229,17322,17528,184432
"2003-06-25",18017,18017,16461,18019,166336
"2003-06-26",18017,18017,15561,17773,125680
"2003-06-27",17608,18386,17322,18388,136731
"2003-06-30",19369,20475,17526,18592,740387
"2003-07-01",18263,19246,18100,18592,253532
"2003-07-02",18591,19328,18017,18674,408872
"2003-07-03",18017,18591,17362,18019,1625533
"2003-07-04",17691,17935,17362,17446,500548
"2003-07-07",17280,17485,14864,14866,256551
"2003-07-08",12653,12653,12653,12655,10842
"2003-07-09",10769,10769,10769,10771,2357734
"2003-07-10",9172,9172,9172,9173,972554
"2003-07-11",7943,8639,7821,7945,7227768
"2003-07-14",8353,8558,7738,7945,3549047
"2003-07-15",7943,8066,6879,7044,2787656
"2003-07-16",7206,7452,6879,7412,3066875
"2003-07-18",7164,7370,6674,6675,1952532
"2003-07-21",6469,7001,6387,6470,2316797
"2003-07-22",6469,7165,6469,6635,5378674
"2003-07-23",6879,7084,6592,6635,2604064
"2003-07-24",6674,6755,5854,5979,3471005
"2003-07-25",5937,6019,5323,5324,3728507
"2003-07-28",5486,5650,5363,5447,1784830
"2003-07-29",5363,5609,4873,4997,1974123
"2003-07-30",5036,5732,4912,5447,3928634
"2003-07-31",5486,5691,5118,5119,2143621
"2003-08-01",5118,5200,4994,5037,1014919
"2003-08-04",4994,5323,4994,5078,1205098
"2003-08-05",5158,5774,5118,5406,4220136
"2003-08-06",5404,5527,5282,5406,1440210
"2003-08-07",5527,5774,4994,5119,3200488
"2003-08-08",5158,5200,4912,4956,1163751
"2003-08-11",4994,4994,4626,4628,1470874
"2003-08-12",4667,4749,4503,4545,1162468
"2003-08-13",4503,4708,4381,4464,1267280
"2003-08-14",4462,4667,4422,4628,1350110
"2003-08-18",4626,4667,4381,4505,1047486
"2003-08-19",4503,4585,4094,4095,1276250
"2003-08-20",4094,4299,4011,4177,1397630
"2003-08-21",4216,4258,4052,4055,1021795
"2003-08-22",4011,4094,3643,3686,1486080
"2003-08-25",3684,3725,3521,3563,927213
"2003-08-26",3562,4094,3521,3686,2741112
"2003-08-27",3766,3889,3602,3686,1008479
"2003-08-28",3684,3766,3521,3563,717564
"2003-08-29",3602,3931,3602,3768,1661247
"2003-09-01",3807,3931,3725,3768,1128092
"2003-09-02",3766,3807,3643,3686,520501
"2003-09-03",3684,3807,3643,3686,741246
"2003-09-04",3725,3931,3684,3727,2217768
"2003-09-05",3766,4258,3725,4259,2346006
"2003-09-08",4422,4873,3971,4055,6082448
"2003-09-09",4052,4585,3931,4382,4113452
"2003-09-15",4544,5036,4422,5037,5409839
"2003-09-16",5118,5363,4873,5078,4270227
"2003-09-17",5077,5527,4912,5406,2455625
"2003-09-18",5323,5486,4790,4791,2347607
"2003-09-19",4749,4912,4503,4545,2550800
"2003-09-22",4667,4912,4340,4423,3048992
"2003-09-23",4422,5077,4299,4873,4535992
"2003-09-24",4790,5118,4503,4505,2503989
"2003-09-25",4462,4626,4299,4382,2092392
"2003-09-26",4422,4667,4299,4300,2617126
"2003-09-29",4340,4381,3889,3972,1708084
"2003-09-30",4011,4094,3807,3849,1741408
"2003-10-01",3848,4011,3807,3808,1255667
"2003-10-02",3931,3971,3807,3849,966050
"2003-10-06",3889,4011,3766,3768,775719
"2003-10-07",3807,3931,3807,3890,1407084
"2003-10-08",3931,3971,3807,3849,574552
"2003-10-09",3848,4052,3807,3931,1589291
"2003-10-10",3931,4011,3848,3890,502073
"2003-10-13",3931,4216,3931,4055,2179757
"2003-10-14",4094,4176,3971,4136,1178548
"2003-10-15",4216,4340,4094,4136,1384826
"2003-10-16",4135,4176,3971,3972,616444
"2003-10-17",3971,4094,3889,3931,626188
"2003-10-20",3889,4011,3848,3890,736678
"2003-10-21",3931,3931,3848,3890,348072
"2003-10-22",3889,3971,3807,3931,527566
"2003-10-23",3848,3931,3684,3686,503093
"2003-10-24",3684,3766,3643,3686,300615
"2003-10-27",3602,3766,3602,3604,367560
"2003-10-28",3602,3684,3439,3522,470132
"2003-10-29",3521,3643,3439,3481,589101
"2003-10-30",3521,3562,3357,3358,459083
"2003-10-31",3357,3398,3274,3358,471338
"2003-11-03",3398,3562,3357,3522,726517
"2003-11-04",3521,3562,3439,3481,434678
"2003-11-05",3480,3848,3480,3686,1013807
"2003-11-06",3684,3889,3562,3563,685375
"2003-11-07",3602,3807,3521,3563,560303
"2003-11-10",3521,3684,3439,3604,527639
"2003-11-11",3562,3684,3521,3563,247476
"2003-11-12",3562,3684,3521,3645,449620
"2003-11-13",3684,3807,3602,3645,581999
"2003-11-14",3684,3807,3602,3727,845053
"2003-11-17",3807,4258,3766,4259,1475766
"2003-11-18",4585,4832,4258,4505,3059338
"2003-11-19",4462,4749,4216,4751,1431859
"2003-11-20",4873,5158,4052,4055,1889315
"2003-11-21",3848,4052,3766,3931,875844
"2003-11-24",4011,4135,3725,3768,758840
"2003-11-25",3807,3889,3602,3604,675989
"2003-11-26",3643,3725,3562,3686,712929
"2003-11-27",3684,3725,3562,3645,669257
"2003-11-28",3602,4011,3602,3931,1588408
"2003-12-01",3889,4052,3807,4055,783019
"2003-12-02",4094,4135,3931,3931,468465
"2003-12-03",3971,4094,3848,3849,814485
"2003-12-04",3807,4052,3807,3890,813231
"2003-12-05",3889,3971,3766,3849,637842
"2003-12-08",3848,3971,3807,3931,342219
"2003-12-09",3971,3971,3848,3931,288719
"2003-12-10",3931,4299,3889,4177,1332892
"2003-12-11",4135,4216,4052,4219,522998
"2003-12-12",4258,4299,4052,4136,448563
"2003-12-15",4135,4216,4094,4177,502337
"2003-12-16",4094,4176,3971,4095,751141
"2003-12-17",4052,4176,3807,3808,572242
"2003-12-18",3766,3848,3684,3686,537878
"2003-12-19",3684,3848,3643,3686,438613
"2003-12-22",3684,3807,3643,3727,291628
"2003-12-23",3725,3807,3602,3604,344202
"2003-12-24",3643,3684,3439,3522,275740
"2003-12-26",3480,3562,3480,3481,180570
"2003-12-29",3480,3602,3480,3563,127124
"2003-12-30",3521,3684,3521,3645,166571
"2004-01-02",3643,3684,3562,3645,151419
"2004-01-05",3684,3766,3602,3686,191141
"2004-01-06",3684,3766,3643,3727,204463
"2004-01-07",3725,3766,3602,3645,203379
"2004-01-08",3602,3725,3602,3604,281012
"2004-01-09",3643,3684,3562,3645,376604
"2004-01-12",3602,3643,3562,3563,116001
"2004-01-13",3602,3684,3562,3604,124997
"2004-01-14",3562,3643,3480,3481,143572
"2004-01-15",3480,3562,3439,3481,213986
"2004-01-16",3480,3766,3480,3604,379405
"2004-01-19",3643,3684,3562,3604,145947
"2004-01-20",3602,3684,3521,3522,172488
"2004-01-26",3521,3684,3480,3686,210729
"2004-01-27",3725,3766,3643,3768,168668
"2004-01-28",3725,3971,3725,3931,385028
"2004-01-29",3931,3971,3766,3931,219752
"2004-01-30",3889,3931,3725,3849,200711
"2004-02-02",3766,3889,3684,3686,282313
"2004-02-03",3725,4216,3643,4219,1013362
"2004-02-04",4503,4626,4011,4055,2714294
"2004-02-05",4011,4340,3848,4014,1451570
"2004-02-06",4052,4052,3684,3686,426227
"2004-02-09",3684,3766,3643,3645,395014
"2004-02-10",3643,3766,3602,3686,425213
"2004-02-11",3766,4216,3725,4095,1282859
"2004-02-12",4094,4135,3848,3890,570373
"2004-02-13",3931,4462,3931,4177,1709156
"2004-02-16",4176,4381,4052,4259,1251559
"2004-02-17",4299,4340,4052,4095,529416
"2004-02-18",4011,4176,3971,4014,574328
"2004-02-19",4052,4135,3931,3931,417693
"2004-02-20",3971,4258,3971,4177,1373529
"2004-02-23",4176,4503,4094,4095,1406621
"2004-02-24",4135,4176,3766,3849,772753
"2004-02-25",3848,4011,3848,3931,313982
"2004-02-26",3889,4011,3807,3890,480061
"2004-02-27",3848,3931,3725,3727,664853
"2004-03-02",3807,3848,3725,3808,302595
"2004-03-03",3766,3807,3725,3727,201066
"2004-03-04",3725,3848,3725,3808,226017
"2004-03-05",3848,3931,3807,3890,201612
"2004-03-08",3889,3931,3766,3768,233621
"2004-03-09",3766,3848,3725,3768,203164
"2004-03-10",3766,3848,3725,3727,240985
"2004-03-11",3725,3889,3725,3808,177329
"2004-03-12",3807,3848,3439,3686,241324
"2004-03-15",3643,3725,3602,3645,129844
"2004-03-16",3643,3725,3602,3604,206771
"2004-03-17",3602,3684,3602,3686,107627
"2004-03-18",3684,3848,3684,3768,209388
"2004-03-19",3766,3931,3725,3890,221015
"2004-03-22",3848,3889,3725,3727,138483
"2004-03-23",3684,3725,3602,3604,203883
"2004-03-24",3602,3684,3602,3604,104340
"2004-03-25",3602,3684,3562,3563,129949
"2004-03-26",3562,3643,3562,3604,72700
"2004-03-29",3684,3725,3602,3645,71285
"2004-03-30",3643,4011,3602,3808,448869
"2004-03-31",3807,3807,3643,3686,125950
"2004-04-01",3725,3766,3643,3686,91204
"2004-04-02",3684,3725,3643,3645,107748
"2004-04-06",3643,3725,3643,3686,158899
"2004-04-07",3725,3766,3684,3768,134928
"2004-04-08",3766,3807,3684,3686,126889
"2004-04-09",3725,3931,3684,3727,449282
"2004-04-12",3766,3807,3725,3727,120088
"2004-04-13",3766,3848,3725,3768,235203
"2004-04-14",3766,3848,3684,3727,217969
"2004-04-16",3725,3848,3725,3768,168610
"2004-04-19",3807,3931,3766,3808,246235
"2004-04-20",3807,3807,3684,3727,219156
"2004-04-21",3684,3684,3521,3563,446744
"2004-04-22",3562,3562,3562,3563,0
"2004-04-23",3562,3562,3562,3563,0
"2004-04-26",3562,3562,3562,3563,0
"2004-04-27",3562,3562,3562,3563,0
"2004-04-28",3562,3562,3562,3563,0
"2004-04-29",3562,3562,3562,3563,0
"2004-04-30",3562,3562,3562,3563,0
"2004-05-03",3562,3562,3562,3563,0
"2004-05-04",3562,3562,3562,3563,0
"2004-05-06",3766,3799,3283,3457,379114
"2004-05-07",3357,3439,3274,3383,82782
"2004-05-10",3274,3315,2889,2892,242829
"2004-05-11",2497,2718,2497,2682,204520
"2004-05-12",2644,2758,2644,2715,100919
"2004-05-13",2677,2841,2505,2609,209122
"2004-05-14",2612,2701,2468,2494,76778
"2004-05-17",2443,2456,2120,2146,131996
"2004-05-18",1923,2161,1923,2129,87011
"2004-05-19",2091,2210,2088,2162,66358
"2004-05-20",2103,2128,2022,2113,76528
"2004-05-21",2071,2276,2071,2268,63843
"2004-05-24",2251,2337,2210,2240,58352
"2004-05-25",2198,2259,2133,2179,56969
"2004-05-27",2140,2227,2140,2187,68580
"2004-05-28",2193,2513,2177,2515,208338
"2004-05-31",2607,2607,2390,2539,167564
"2004-06-01",2538,2919,2476,2920,209782
"2004-06-02",2919,3315,2870,2870,287822
"2004-06-03",2865,3029,2731,2801,124097
"2004-06-04",2709,3210,2628,3194,224628
"2004-06-07",3238,3250,3033,3121,184747
"2004-06-08",3070,3152,2960,3071,70034
"2004-06-09",3029,3091,2809,2826,125312
"2004-06-10",2771,2824,2636,2703,98710
"2004-06-11",2661,2701,2578,2695,76994
"2004-06-14",2578,2701,2578,2588,36688
"2004-06-15",2476,2578,2456,2497,78873
"2004-06-16",2505,2620,2484,2568,140421
"2004-06-17",2529,2701,2526,2703,96636
"2004-06-18",2677,2865,2661,2723,80313
"2004-06-21",2664,2849,2538,2539,72792
"2004-06-22",2538,2546,2373,2456,77654
"2004-06-23",2386,2456,2349,2379,63563
"2004-06-24",2341,2604,2341,2404,42727
"2004-06-25",2448,2570,2423,2478,89474
"2004-06-28",2432,2497,2432,2432,64283
"2004-06-29",2451,2488,2362,2417,53923
"2004-06-30",2398,2497,2398,2482,46327
"2004-07-01",2497,2513,2460,2482,39384
"2004-07-02",2497,2849,2464,2703,398490
"2004-07-05",2701,2792,2620,2675,140249
"2004-07-06",2706,2824,2706,2727,177672
"2004-07-07",2681,2755,2636,2670,97052
"2004-07-08",2668,2742,2636,2637,56040
"2004-07-09",2546,2653,2468,2556,95380
"2004-07-12",2497,2546,2456,2469,50547
"2004-07-13",2427,2526,2427,2461,64426
"2004-07-14",2464,2538,2456,2456,31660
"2004-07-15",2456,2583,2443,2519,88335
"2004-07-16",2480,2510,2439,2510,42333
"2004-07-19",2460,2534,2427,2429,66936
"2004-07-20",2456,2521,2427,2429,34388
"2004-07-21",2432,2521,2432,2490,49375
"2004-07-22",2432,2616,2432,2510,110218
"2004-07-23",2480,2546,2456,2456,32881
"2004-07-26",2398,2439,2300,2326,64774
"2004-07-27",2235,2373,2005,2318,87870
"2004-07-28",2210,2329,2210,2293,16956
"2004-07-29",2222,2313,2222,2293,45712
"2004-07-30",2296,2587,2296,2383,52247
"2004-08-02",2341,2443,2341,2376,22014
"2004-08-03",2373,2456,2373,2383,27495
"2004-08-04",2390,2415,2332,2376,16922
"2004-08-05",2460,2701,2460,2572,103768
"2004-08-06",2468,2562,2468,2564,16226
"2004-08-09",2497,2538,2448,2465,34760
"2004-08-10",2423,2538,2423,2534,18937
"2004-08-11",2513,2620,2493,2494,42952
"2004-08-12",2464,2529,2460,2497,26226
"2004-08-13",2476,2517,2427,2497,44077
"2004-08-16",2505,2505,2432,2456,91922
"2004-08-17",2436,2497,2436,2456,30608
"2004-08-18",2456,2488,2443,2445,22407
"2004-08-19",2451,2534,2451,2469,38338
"2004-08-20",2419,2456,2407,2449,28586
"2004-08-23",2419,2497,2419,2424,16293
"2004-08-24",2402,2493,2402,2465,33771
"2004-08-25",2464,2510,2451,2490,65222
"2004-08-26",2510,2620,2488,2494,178334
"2004-08-27",2578,2578,2476,2486,49924
"2004-08-30",2480,2521,2464,2490,15507
"2004-08-31",2460,2510,2460,2465,55211
"2004-09-01",2415,2464,2415,2465,37188
"2004-09-02",2436,2480,2436,2456,38771
"2004-09-03",2443,2510,2432,2454,30060
"2004-09-06",2488,2488,2419,2449,44638
"2004-09-07",2423,2456,2423,2437,37690
"2004-09-08",2427,2473,2410,2417,54864
"2004-09-09",2382,2460,2382,2408,50690
"2004-09-10",2448,2616,2410,2506,284979
"2004-09-13",2505,2505,2439,2465,48545
"2004-09-14",2443,2488,2423,2441,86162
"2004-09-15",2427,2473,2427,2441,29168
"2004-09-16",2427,2473,2423,2432,26667
"2004-09-17",2456,2460,2427,2461,59949
"2004-09-20",2427,2488,2427,2461,41133
"2004-09-21",2464,2493,2432,2482,38178
"2004-09-22",2460,2538,2460,2482,89971
"2004-09-23",2476,2644,2473,2497,304440
"2004-09-24",2620,2861,2538,2744,345850
"2004-09-30",2811,3152,2784,3153,241121
"2004-10-01",3430,3578,3070,3358,937427
"2004-10-04",3274,3332,3132,3251,291987
"2004-10-05",3315,3549,2865,2944,558262
"2004-10-06",2857,2989,2784,2965,420089
"2004-10-07",2997,3013,2811,2822,154283
"2004-10-08",2816,2914,2726,2908,180876
"2004-10-11",2980,3193,2845,2850,464768
"2004-10-12",2865,2906,2701,2744,145225
"2004-10-13",2784,2878,2668,2686,108395
"2004-10-14",2631,2775,2620,2629,77285
"2004-10-15",2562,2636,2558,2580,108762
"2004-10-18",2546,2640,2546,2605,51659
"2004-10-19",2578,2718,2578,2699,99152
"2004-10-20",2668,2726,2628,2703,52074
"2004-10-21",2824,2857,2709,2712,102471
"2004-10-22",2604,2738,2604,2645,30653
"2004-10-25",2624,2734,2570,2575,38618
"2004-10-26",2464,2562,2460,2461,92878
"2004-10-27",2480,2497,2415,2429,85795
"2004-10-28",2432,2488,2419,2456,79813
"2004-10-29",2456,2493,2407,2408,122484
"2004-11-01",2419,2448,2415,2420,33696
"2004-11-02",2423,2456,2415,2429,57811
"2004-11-03",2423,2570,2423,2523,60351
"2004-11-04",2566,2566,2464,2473,20463
"2004-11-05",2497,2546,2423,2510,65808
"2004-11-08",2510,2517,2456,2461,38129
"2004-11-09",2456,2480,2423,2441,65076
"2004-11-10",2419,2484,2419,2424,31946
"2004-11-11",2419,2480,2415,2456,60143
"2004-11-12",2488,2501,2439,2456,63366
"2004-11-15",2456,2526,2395,2510,83328
"2004-11-16",2510,2538,2480,2494,26738
"2004-11-17",2456,2538,2456,2469,61293
"2004-11-18",2419,2480,2410,2429,66822
"2004-11-19",2456,2484,2423,2432,73150
"2004-11-22",2432,2432,2358,2404,56591
"2004-11-23",2358,2443,2358,2383,49661
"2004-11-24",2358,2423,2358,2395,30060
"2004-11-25",2373,2432,2373,2379,47079
"2004-11-26",2373,2436,2373,2392,38571
"2004-11-29",2390,2484,2390,2456,58789
"2004-11-30",2423,2488,2423,2456,51878
"2004-12-01",2473,2546,2456,2456,41781
"2004-12-02",2464,2513,2423,2424,38240
"2004-12-03",2398,2456,2398,2432,40243
"2004-12-06",2432,2443,2390,2395,33307
"2004-12-07",2407,2443,2358,2363,75967
"2004-12-08",2349,2395,2349,2392,12368
"2004-12-09",2373,2407,2332,2392,59985
"2004-12-10",2354,2402,2349,2387,12514
"2004-12-13",2390,2390,2349,2371,30710
"2004-12-14",2308,2448,2308,2379,79572
"2004-12-15",2390,2443,2362,2379,40568
"2004-12-16",2324,2427,2324,2359,16443
"2004-12-17",2373,2423,2373,2376,51755
"2004-12-20",2373,2427,2373,2383,31430
"2004-12-21",2378,2415,2358,2371,42929
"2004-12-22",2373,2407,2332,2359,23290
"2004-12-23",2341,2382,2317,2351,30976
"2004-12-24",2300,2341,2300,2318,22465
"2004-12-27",2332,2407,2292,2404,37947
"2004-12-28",2292,2407,2284,2376,29694
"2004-12-29",2271,2358,2271,2293,17242
"2004-12-30",2373,2373,2308,2318,8632
"2005-01-03",2321,2402,2321,2404,38765
"2005-01-04",2407,2443,2382,2400,38980
"2005-01-05",2436,2439,2382,2429,32607
"2005-01-06",2419,2451,2386,2432,41514
"2005-01-07",2448,2448,2373,2417,28338
"2005-01-10",2423,2505,2398,2482,67347
"2005-01-11",2493,2497,2423,2441,94794
"2005-01-12",2456,2501,2358,2359,37861
"2005-01-13",2341,2382,2332,2383,44304
"2005-01-14",2341,2415,2329,2417,60973
"2005-01-17",2415,2493,2382,2424,76577
"2005-01-18",2415,2448,2370,2376,75870
"2005-01-19",2346,2402,2346,2363,80020
"2005-01-20",2362,2373,2317,2339,49137
"2005-01-21",2349,2365,2321,2335,45248
"2005-01-24",2304,2373,2304,2330,67133
"2005-01-25",2337,2370,2321,2326,31351
"2005-01-26",2317,2354,2296,2298,80886
"2005-01-27",2346,2346,2292,2293,70723
"2005-01-28",2292,2313,2251,2276,88176
"2005-01-31",2280,2349,2280,2322,88115
"2005-02-01",2304,2332,2280,2281,73274
"2005-02-02",2300,2300,2271,2281,25823
"2005-02-03",2280,2313,2259,2261,47426
"2005-02-04",2247,2296,2247,2257,33417
"2005-02-07",2268,2292,2255,2276,51059
"2005-02-11",2308,2313,2276,2302,59631
"2005-02-14",2304,2382,2292,2376,208268
"2005-02-15",2386,2714,2362,2670,314251
"2005-02-16",2668,2706,2570,2707,170529
"2005-02-17",2690,2742,2640,2744,150320
"2005-02-18",2706,2787,2677,2719,121630
"2005-02-21",2722,3045,2722,2916,268807
"2005-02-22",3193,3193,2849,2887,158795
"2005-02-23",2792,2906,2620,2780,142703
"2005-02-24",2841,2972,2787,2858,164679
"2005-02-25",2870,2947,2865,2879,107297
"2005-02-28",2898,2938,2758,2822,74990
"2005-03-02",2865,2898,2804,2858,83020
"2005-03-03",2898,2960,2784,2785,89745
"2005-03-04",2784,2809,2731,2744,47006
"2005-03-07",2709,3144,2709,2998,195597
"2005-03-08",2923,3188,2923,3019,216625
"2005-03-09",2989,3091,2960,3047,114220
"2005-03-10",3067,3181,3045,3047,153452
"2005-03-11",2955,3160,2955,3071,103853
"2005-03-14",3025,3160,3025,3145,81582
"2005-03-15",3127,3164,3086,3145,76869
"2005-03-16",3111,3144,3029,3071,62708
"2005-03-17",3070,3094,2989,3030,47389
"2005-03-18",3000,3033,2865,2941,48605
"2005-03-21",2955,2997,2701,2727,107760
"2005-03-22",2722,2784,2709,2712,32660
"2005-03-23",2706,2734,2570,2695,47255
"2005-03-24",2653,2784,2570,2744,66297
"2005-03-25",2734,3013,2718,2920,163301
"2005-03-28",2947,3099,2947,3096,145696
"2005-03-29",3099,3099,2914,3092,142886
"2005-03-30",3045,3091,3013,3092,105340
"2005-03-31",3118,3193,3029,3194,235178
"2005-04-01",3210,3210,3025,3030,198814
"2005-04-04",3029,3144,3013,3014,66493
"2005-04-06",3021,3463,3021,3235,510939
"2005-04-07",3234,3259,3082,3169,150774
"2005-04-08",3188,3193,3086,3116,87095
"2005-04-11",3070,3152,3070,3129,67335
"2005-04-12",3127,3349,3127,3293,200916
"2005-04-13",3349,3562,3266,3481,181981
"2005-04-14",3439,3545,3324,3509,157839
"2005-04-15",3430,3521,3402,3522,129248
"2005-04-18",3418,3480,3299,3301,104610
"2005-04-19",3234,3390,3234,3269,135928
"2005-04-20",3274,3414,3274,3284,79862
"2005-04-21",3210,3307,3205,3296,93463
"2005-04-22",3315,3357,3283,3309,32675
"2005-04-25",3271,3668,3271,3358,100695
"2005-04-26",3381,3390,3336,3358,49845
"2005-04-27",3349,3349,3222,3227,84645
"2005-04-28",3193,3274,3111,3113,100313
"2005-04-29",3013,3152,3013,3063,55406
"2005-05-02",3118,3118,3045,3063,47189
"2005-05-03",3062,3148,3062,3149,23259
"2005-05-04",3177,3296,3152,3194,51365
"2005-05-06",3193,3247,3070,3104,58251
"2005-05-09",3185,3185,3094,3096,25786
"2005-05-10",3111,3177,3094,3149,77786
"2005-05-11",3078,3127,3037,3113,88042
"2005-05-12",3078,3144,3070,3104,34989
"2005-05-13",3103,3349,3103,3272,111252
"2005-05-16",3291,3595,3247,3514,188366
"2005-05-17",3512,3651,3468,3554,254651
"2005-05-18",3562,3595,3439,3440,77982
"2005-05-19",3447,3537,3439,3440,91546
"2005-05-20",3374,3439,3357,3391,56212
"2005-05-23",3361,3439,3315,3415,43601
"2005-05-24",3418,3471,3374,3395,62566
"2005-05-25",3398,3471,3398,3407,27498
"2005-05-26",3406,3447,3406,3436,48349
"2005-05-27",3414,3521,3398,3398,73537
"2005-05-30",3402,3439,3315,3318,45798
"2005-05-31",3320,3398,3320,3358,63737
"2005-06-01",3361,3422,3357,3415,72780
"2005-06-02",3414,3512,3369,3514,74005
"2005-06-03",3500,3537,3495,3522,42464
"2005-06-07",3468,3521,3454,3522,56896
"2005-06-08",3480,3602,3480,3534,77712
"2005-06-09",3521,3627,3495,3554,92780
"2005-06-10",3521,3766,3521,3719,102022
"2005-06-13",3766,3766,3684,3694,27165
"2005-06-14",3684,3684,3487,3506,52183
"2005-06-15",3517,3521,3406,3498,72329
"2005-06-16",3454,3586,3439,3563,26250
"2005-06-17",3529,3602,3521,3522,35334
"2005-06-20",3562,3675,3521,3522,44907
"2005-06-21",3521,3586,3439,3481,38276
"2005-06-22",3484,3549,3447,3481,63113
"2005-06-23",3447,3521,3447,3517,53624
"2005-06-24",3480,3562,3414,3563,73171
"2005-06-27",3521,3602,3495,3514,32953
"2005-06-28",3480,3545,3463,3473,26385
"2005-06-29",3480,3554,3459,3468,58695
"2005-06-30",3451,3521,3406,3517,29617
"2005-07-01",3545,3545,3451,3468,28155
"2005-07-04",3443,3495,3443,3465,70998
"2005-07-05",3471,3562,3451,3481,48043
"2005-07-06",3468,3521,3430,3468,58007
"2005-07-07",3406,3471,3398,3452,68971
"2005-07-08",3430,3463,3320,3358,72414
"2005-07-11",3315,3422,3283,3354,47641
"2005-07-12",3324,3402,3213,3342,111483
"2005-07-13",3279,3357,3152,3157,177163
"2005-07-14",3218,3218,3152,3157,53965
"2005-07-15",3152,3262,3152,3251,72329
"2005-07-18",3266,3376,3266,3309,74051
"2005-07-19",3340,3381,3299,3309,84623
"2005-07-20",3279,3357,3152,3194,110254
"2005-07-21",3144,3242,3118,3182,73568
"2005-07-22",3234,3274,3132,3191,72671
"2005-07-25",3177,3266,3118,3194,93024
"2005-07-26",3152,3234,3029,3162,66736
"2005-07-27",3111,3172,3029,3063,119224
"2005-07-28",3070,3144,3067,3104,80241
"2005-07-29",3070,3127,3050,3080,43440
"2005-08-01",3078,3127,3054,3055,42766
"2005-08-02",2997,3082,2964,3030,71595
"2005-08-03",2989,3067,2989,3067,70399
"2005-08-04",3099,3135,3037,3038,61120
"2005-08-05",3033,3033,2882,2883,39862
"2005-08-08",2938,2938,2865,2883,10419
"2005-08-09",2849,3041,2824,3006,58947
"2005-08-10",3029,3067,2997,3067,42160
"2005-08-11",3070,3070,2989,3030,40945
"2005-08-12",3013,3144,2997,3104,53055
"2005-08-16",3058,3123,3054,3096,21891
"2005-08-17",3033,3103,3029,3035,39105
"2005-08-18",3033,3094,2989,3063,61279
"2005-08-19",3004,3094,3004,3038,40425
"2005-08-22",3016,3078,2947,2989,66103
"2005-08-23",3021,3025,2980,2981,44527
"2005-08-24",2980,3000,2943,2952,16215
"2005-08-25",2889,2980,2870,2936,33075
"2005-08-26",2870,2984,2853,2900,39211
"2005-08-29",2833,2887,2787,2789,21549
"2005-08-30",2824,2828,2784,2826,27116
"2005-08-31",2804,2914,2804,2842,49228
"2005-09-01",2828,3082,2828,2900,16201
"2005-09-02",2870,3021,2870,2892,10451
"2005-09-05",2865,2923,2820,2924,38822
"2005-09-06",2865,2947,2865,2908,41353
"2005-09-07",2906,2943,2882,2924,49999
"2005-09-08",2947,3164,2911,3113,71706
"2005-09-09",3067,3144,3067,3129,26873
"2005-09-12",3067,3201,3067,3169,88444
"2005-09-13",3234,3234,3127,3153,20341
"2005-09-14",3152,3242,3152,3218,28424
"2005-09-15",3193,3222,3115,3191,42232
"2005-09-16",3181,3188,3118,3186,42146
"2005-09-20",3107,3185,2947,3169,41219
"2005-09-21",3123,3169,3033,3104,50241
"2005-09-22",3045,3169,3045,3089,56309
"2005-09-23",3062,3103,3045,3096,40487
"2005-09-26",3074,3111,3054,3113,60083
"2005-09-27",3144,3152,3050,3080,63709
"2005-09-28",3078,3099,3067,3089,54247
"2005-09-29",3086,3086,3016,3063,96100
"2005-09-30",3029,3062,3021,3047,87517
"2005-10-04",3008,3050,2938,3051,75784
"2005-10-05",3041,3225,3041,3227,202017
"2005-10-06",3193,3697,3181,3522,396988
"2005-10-07",3521,3521,3374,3522,156793
"2005-10-10",3512,3643,3487,3591,188489
"2005-10-11",3529,3623,3512,3571,102037
"2005-10-12",3537,3979,3517,3661,1199193
"2005-10-13",3643,3725,3508,3559,147294
"2005-10-14",3558,3558,3430,3452,161640
"2005-10-17",3365,3435,3193,3194,165706
"2005-10-18",3201,3266,3185,3194,92835
"2005-10-19",3201,3357,3188,3277,120998
"2005-10-20",3283,3352,3213,3277,95611
"2005-10-21",3210,3315,3210,3277,132923
"2005-10-24",3274,3328,3274,3277,62646
"2005-10-25",3315,3406,3315,3374,105110
"2005-10-26",3374,3524,3332,3517,116497
"2005-10-27",3521,3558,3422,3457,79251
"2005-10-28",3398,3504,3315,3379,48399
"2005-10-31",3327,3684,3327,3493,236154
"2005-11-01",3495,3570,3454,3506,115489
"2005-11-02",3447,3537,3447,3506,75027
"2005-11-03",3495,3570,3476,3506,118455
"2005-11-04",3463,3675,3463,3604,170947
"2005-11-07",3573,3692,3573,3686,126151
"2005-11-08",3660,3758,3648,3727,125720
"2005-11-09",3684,3746,3668,3734,66151
"2005-11-10",3701,3807,3692,3768,79886
"2005-11-11",3750,3840,3750,3812,62378
"2005-11-14",3803,3889,3799,3845,64087
"2005-11-15",3848,3918,3778,3878,115635
"2005-11-16",3816,4233,3816,4128,206400
"2005-11-17",4151,4741,4151,4676,462650
"2005-11-18",4782,4782,4503,4676,160908
"2005-11-21",4749,4749,4462,4587,167330
"2005-11-22",4544,5085,4544,4914,297457
"2005-11-23",4912,5158,4798,4832,283368
"2005-11-24",4832,4839,4626,4628,222284
"2005-11-25",4626,4856,4544,4717,131299
"2005-11-28",4651,5003,4651,5005,166326
"2005-11-29",4929,5093,4873,4914,147693
"2005-11-30",4912,5233,4912,5160,185985
"2005-12-01",5200,5224,4912,4922,179212
"2005-12-02",4946,5085,4847,4897,153167
"2005-12-05",4717,4888,4692,4791,152093
"2005-12-06",4790,4839,4544,4668,160981
"2005-12-07",4635,4741,4364,4423,184887
"2005-12-08",4381,4429,4176,4340,139419
"2005-12-09",4216,4462,4216,4300,131163
"2005-12-12",4307,4561,4307,4562,74025
"2005-12-13",4585,4724,4455,4472,167341
"2005-12-14",4438,4667,4438,4472,95600
"2005-12-15",4503,4569,4446,4447,56371
"2005-12-16",4413,4413,4176,4259,73401
"2005-12-19",4160,4413,4151,4391,62476
"2005-12-20",4340,4455,4282,4284,49655
"2005-12-21",4266,4422,4176,4300,78591
"2005-12-22",4274,4405,4176,4185,83146
"2005-12-23",4216,4216,4135,4136,59657
"2005-12-26",4135,4274,4094,4177,59326
"2005-12-27",4111,4208,4052,4082,63135
"2005-12-28",4036,4143,4036,4144,72683
"2005-12-29",4078,4216,4052,4169,47506
"2006-01-02",4143,4340,4143,4340,39033
"2006-01-03",4307,4422,4291,4423,50717
"2006-01-04",4422,4503,4340,4447,56151
"2006-01-05",4446,4471,4258,4267,72585
"2006-01-06",4225,4307,4192,4308,44174
"2006-01-09",4274,4413,4258,4374,72023
"2006-01-10",4429,4479,4274,4284,92914
"2006-01-11",4249,4331,4192,4259,74573
"2006-01-12",4192,4299,4192,4219,80886
"2006-01-13",4216,4291,4176,4219,43563
"2006-01-16",4192,4225,4151,4194,49082
"2006-01-17",4176,4258,4143,4194,53525
"2006-01-18",4135,4192,3931,3972,89422
"2006-01-19",3987,4011,3898,3964,35932
"2006-01-20",3901,4052,3742,3825,93646
"2006-01-23",3807,4052,3602,3751,14834
"2006-01-24",3709,3820,3480,3620,64051
"2006-01-25",3562,3889,3562,3792,48593
"2006-01-26",3734,3803,3673,3759,28008
"2006-01-27",3766,3971,3758,3849,32966
"2006-01-31",3709,4036,3709,3858,42281
"2006-02-01",3816,3922,3610,3734,60034
"2006-02-02",3758,3799,3643,3727,30840
"2006-02-03",3668,3692,3565,3624,31196
"2006-02-06",3586,3656,3480,3563,68922
"2006-02-07",3521,3562,3454,3506,41047
"2006-02-08",3487,3554,3454,3530,24370
"2006-02-09",3500,3554,3500,3530,9596
"2006-02-10",3521,3558,3512,3522,10207
"2006-02-13",3524,3578,3495,3546,22225
"2006-02-14",3517,3602,3484,3563,19047
"2006-02-15",3598,3598,3492,3522,17520
"2006-02-16",3443,3582,3406,3522,46469
"2006-02-17",3463,4049,3463,3522,188526
"2006-02-20",3545,3684,3480,3522,44821
"2006-02-21",3554,3554,3471,3489,45907
"2006-02-22",3487,3602,3487,3587,73782
"2006-02-23",3610,3660,3524,3624,66351
"2006-02-24",3590,3673,3537,3579,59973
"2006-02-27",3578,3602,3545,3604,24040
"2006-02-28",3619,3872,3545,3673,273221
"2006-03-02",3750,3926,3673,3747,101838
"2006-03-03",3746,3750,3602,3612,78811
"2006-03-06",3562,3623,3558,3604,91411
"2006-03-07",3554,3598,3315,3522,81278
"2006-03-08",3447,3521,3447,3506,49534
"2006-03-09",3484,3554,3484,3546,30720
"2006-03-10",3492,3521,3439,3493,39537
"2006-03-13",3492,3558,3480,3522,30645
"2006-03-14",3484,3558,3484,3559,76470
"2006-03-15",3562,3635,3532,3539,45883
"2006-03-16",3521,3578,3492,3522,64269
"2006-03-17",3484,3554,3447,3498,66310
"2006-03-20",3468,3487,3430,3440,36970
"2006-03-21",3435,3468,3365,3383,61129
"2006-03-22",3374,3381,3259,3293,76223
"2006-03-23",3299,3320,3266,3305,39514
"2006-03-24",3234,3315,3152,3174,61365
"2006-03-27",3172,3242,3169,3178,57494
"2006-03-28",3152,3210,3070,3089,36408
"2006-03-29",3111,3234,3091,3194,43307
"2006-03-30",3160,3250,3160,3235,29851
"2006-03-31",3307,3357,3222,3337,48129
"2006-04-03",3332,3374,3296,3354,18930
"2006-04-04",3303,3369,3296,3318,35211
"2006-04-05",3352,3352,3299,3301,23381
"2006-04-06",3299,3435,3299,3407,55601
"2006-04-07",3365,3414,3324,3407,32196
"2006-04-10",3398,3439,3344,3358,31073
"2006-04-11",3332,3471,3315,3318,65345
"2006-04-12",3357,3357,3291,3318,26959
"2006-04-13",3315,3376,3299,3318,49551
"2006-04-14",3315,3401,3315,3337,54344
"2006-04-17",3340,3340,3274,3284,63526
"2006-04-18",3287,3340,3274,3309,28973
"2006-04-19",3332,3332,3259,3260,48373
"2006-04-20",3234,3303,3188,3191,92921
"2006-04-21",3152,3312,3152,3223,67706
"2006-04-24",3271,3271,3152,3223,69899
"2006-04-25",3172,3234,3111,3174,66016
"2006-04-26",3160,3196,3111,3194,89638
"2006-04-27",3160,3225,3111,3182,45773
"2006-04-28",3152,3222,3094,3153,21954
"2006-05-02",3118,3177,3118,3162,38571
"2006-05-03",3152,3271,3152,3235,39925
"2006-05-04",3234,3291,3201,3203,21477
"2006-05-08",3193,3225,3169,3203,46505
"2006-05-09",3234,3266,3177,3218,47018
"2006-05-10",3193,3315,3193,3293,41658
"2006-05-11",3242,3349,3234,3277,30414
"2006-05-12",3188,3521,3188,3281,77591
"2006-05-15",3315,3315,3152,3182,32832
"2006-05-16",3169,3283,3111,3153,80435
"2006-05-17",3135,3193,3074,3121,66395
"2006-05-18",3074,3103,2989,3080,48300
"2006-05-19",3033,3144,3033,3137,17655
"2006-05-22",3135,3169,3029,3030,48141
"2006-05-23",3004,3094,2964,3006,23259
"2006-05-24",3004,3037,2980,3006,20304
"2006-05-25",3004,3094,2952,2965,22899
"2006-05-26",2923,3008,2865,2989,31268
"2006-05-29",2989,3058,2955,3030,28519
"2006-05-30",3029,3029,2955,3006,12038
"2006-06-01",2972,3016,2923,2981,18277
"2006-06-02",2989,3004,2906,2973,11770
"2006-06-05",2980,3193,2906,2973,45638
"2006-06-07",3054,3054,2792,2809,25441
"2006-06-08",2742,2800,2620,2736,29767
"2006-06-09",2726,2734,2640,2695,35248
"2006-06-12",2694,2726,2620,2670,33980
"2006-06-13",2668,2742,2612,2645,15921
"2006-06-14",2595,2673,2587,2675,41256
"2006-06-15",2673,2734,2620,2695,24407
"2006-06-16",2701,2734,2677,2686,19242
"2006-06-19",2685,2685,2612,2612,16104
"2006-06-20",2587,2631,2513,2605,20622
"2006-06-21",2604,2775,2604,2662,1978
"2006-06-22",2661,2694,2661,2662,2564
"2006-06-23",2620,2694,2620,2662,10390
"2006-06-26",2677,2677,2583,2658,4628
"2006-06-27",2620,2661,2553,2650,11415
"2006-06-28",2604,2701,2538,2703,11501
"2006-06-29",2701,2701,2553,2645,27165
"2006-06-30",2690,2775,2620,2756,14737
"2006-07-03",2771,2771,2653,2703,27508
"2006-07-04",2701,2714,2661,2699,16470
"2006-07-05",2628,2664,2620,2658,5795
"2006-07-06",2656,2656,2562,2653,8291
"2006-07-07",2583,2661,2583,2662,8962
"2006-07-10",2661,2947,2661,2904,62646
"2006-07-11",2930,2930,2767,2838,8743
"2006-07-12",2833,2849,2685,2719,25749
"2006-07-13",2701,2758,2701,2753,8485
"2006-07-14",2758,2775,2701,2753,854
"2006-07-18",2701,2701,2590,2621,29156
"2006-07-19",2701,2734,2668,2703,76395
"2006-07-20",2701,2771,2701,2753,5507
"2006-07-21",2746,3107,2631,2645,85331
"2006-07-24",2636,2681,2578,2588,30720
"2006-07-25",2566,2661,2566,2617,7949
"2006-07-26",2644,2644,2590,2634,17557
"2006-07-27",2653,2653,2620,2634,15188
"2006-07-28",2661,2668,2578,2662,14664
"2006-07-31",2690,2779,2656,2690,15995
"2006-08-01",2734,2734,2648,2690,26556
"2006-08-02",2578,2664,2578,2662,3395
"2006-08-03",2661,2698,2590,2666,20450
"2006-08-04",2668,2709,2664,2712,9328
"2006-08-07",2685,2726,2653,2703,11452
"2006-08-08",2701,2701,2578,2686,11147
"2006-08-09",2604,2694,2604,2662,26751
"2006-08-10",2590,2701,2590,2653,13357
"2006-08-11",2616,2694,2612,2642,21549
"2006-08-14",2553,2604,2553,2556,35505
"2006-08-16",2562,2562,2510,2515,35383
"2006-08-17",2538,2570,2513,2539,28680
"2006-08-18",2510,2538,2476,2519,24738
"2006-08-21",2517,2526,2493,2523,10814
"2006-08-22",2488,2538,2488,2494,11953
"2006-08-23",2493,2521,2423,2515,16604
"2006-08-24",2460,2538,2460,2539,13540
"2006-08-25",2553,2558,2497,2551,26482
"2006-08-28",2550,2738,2505,2637,18522
"2006-08-29",2694,2694,2595,2597,19681
"2006-08-30",2595,2661,2595,2621,7179
"2006-08-31",2620,2620,2578,2609,13394
"2006-09-01",2583,2607,2578,2580,42391
"2006-09-04",2578,2620,2578,2612,36359
"2006-09-05",2620,2661,2604,2605,16740
"2006-09-06",2607,2612,2578,2580,25188
"2006-09-07",2583,2636,2583,2605,9621
"2006-09-08",2644,2644,2587,2588,8023
"2006-09-11",2604,2636,2578,2612,18644
"2006-09-12",2612,2636,2575,2580,32124
"2006-09-13",2587,2656,2587,2629,29925
"2006-09-14",2636,2709,2604,2670,35139
"2006-09-15",2718,2718,2640,2690,14370
"2006-09-18",2661,2820,2661,2772,32001
"2006-09-19",2779,2841,2750,2785,28521
"2006-09-20",2784,2800,2681,2736,15847
"2006-09-21",2775,2775,2690,2736,14529
"2006-09-22",2690,2734,2620,2678,35468
"2006-09-25",2636,2694,2628,2634,22645
"2006-09-26",2690,2690,2624,2629,13907
"2006-09-27",2656,2681,2578,2642,14749
"2006-09-28",2906,3033,2784,3035,611046
"2006-09-29",3201,3357,2930,2933,572873
"2006-10-02",2930,2964,2742,2744,186022
"2006-10-04",2734,2800,2701,2801,45969
"2006-10-09",2784,2820,2382,2497,122461
"2006-10-10",2464,2685,2464,2621,33649
"2006-10-11",2620,2784,2538,2736,62463
"2006-10-12",2767,2767,2661,2703,29632
"2006-10-13",2709,2738,2620,2670,26140
"2006-10-16",2668,2694,2644,2686,30131
"2006-10-17",2677,2694,2599,2609,25848
"2006-10-18",2620,2668,2616,2634,16770
"2006-10-19",2599,2690,2599,2642,25420
"2006-10-20",2694,2694,2624,2629,12503
"2006-10-23",2685,2701,2653,2695,10744
"2006-10-24",2731,2775,2677,2719,48740
"2006-10-25",2701,2938,2701,2924,119555
"2006-10-26",2902,2976,2824,2846,26470
"2006-10-27",2845,2865,2750,2846,26726
"2006-10-30",2784,2841,2746,2768,25506
"2006-10-31",2734,2809,2685,2793,39374
"2006-11-01",2787,2870,2784,2867,29694
"2006-11-02",2865,2882,2811,2855,23624
"2006-11-03",2853,2984,2853,2965,59924
"2006-11-06",2930,3029,2930,3030,40353
"2006-11-07",2997,3344,2997,3215,93133
"2006-11-08",3266,3324,3188,3199,74037
"2006-11-09",3218,3250,3156,3194,32648
"2006-11-10",3193,3234,3078,3186,40034
"2006-11-13",3210,3225,3172,3210,32660
"2006-11-14",3172,3210,3074,3174,30829
"2006-11-15",3111,3349,3111,3337,98994
"2006-11-16",3336,3376,3250,3293,55761
"2006-11-17",3234,3247,3127,3166,44100
"2006-11-20",3193,3393,3193,3269,81644
"2006-11-21",3307,3340,3218,3223,31586
"2006-11-22",3193,3250,3177,3203,28766
"2006-11-23",3234,3340,3210,3333,77310
"2006-11-24",3332,3562,3279,3423,143996
"2006-11-27",3422,3521,3324,3498,58154
"2006-11-28",3427,3471,3390,3473,38557
"2006-11-29",3545,3545,3427,3489,30756
"2006-11-30",3517,3517,3374,3387,42166
"2006-12-01",3291,3398,3291,3350,76760
"2006-12-04",3349,3381,3234,3354,58519
"2006-12-05",3393,3393,3255,3354,19950
"2006-12-06",3296,3349,3210,3235,42720
"2006-12-07",3115,3222,3078,3113,39497
"2006-12-08",3111,3111,2997,3026,57116
"2006-12-11",3029,3193,2955,3030,57139
"2006-12-12",3070,3091,2947,2948,41636
"2006-12-13",2926,2997,2923,2989,25115
"2006-12-14",3029,3107,2976,3108,29730
"2006-12-15",3103,3140,3062,3113,20622
"2006-12-18",3103,3148,3070,3137,18070
"2006-12-19",3135,3242,3062,3063,14810
"2006-12-20",3054,3094,3037,3096,15304
"2006-12-21",3013,3177,2972,3030,30890
"2006-12-22",3029,3029,2906,3014,30146
"2006-12-26",2967,3004,2887,2892,15225
"2006-12-27",2955,2955,2878,2908,6838
"2006-12-28",2930,3067,2865,3067,12381
"2007-01-02",3013,3177,2989,3178,16604
"2007-01-03",3177,3177,3082,3108,23039
"2007-01-04",3185,3185,3029,3030,12551
"2007-01-05",3067,3067,2997,3030,12124
"2007-01-08",3210,3210,2992,3047,1893
"2007-01-09",2955,3029,2947,3006,3834
"2007-01-10",3067,3067,2911,3006,1965
"2007-01-11",2887,3013,2887,2948,2235
"2007-01-12",2911,3029,2911,2973,19596
"2007-01-15",3067,3067,2947,2952,5042
"2007-01-16",2967,3021,2952,2952,10927
"2007-01-17",2947,3070,2870,2948,29426
"2007-01-18",3086,3086,2914,3030,20720
"2007-01-19",3033,3033,2828,2831,20050
"2007-01-22",2874,2874,2784,2842,4896
"2007-01-23",2792,2849,2734,2801,17851
"2007-01-24",2800,2841,2767,2822,8706
"2007-01-25",2784,2989,2784,2989,12649
"2007-01-26",2938,2947,2828,2916,7986
"2007-01-29",2857,2926,2857,2867,5556
"2007-01-30",2943,2943,2849,2908,3126
"2007-01-31",2938,2938,2828,2867,4531
"2007-02-01",2865,2930,2800,2908,4823
"2007-02-02",2919,2923,2787,2924,31293
"2007-02-05",2906,3307,2853,3011,164460
"2007-02-06",3000,3033,2955,2981,76040
"2007-02-07",2980,3070,2955,3063,23624
"2007-02-08",3029,3118,3029,3063,11501
"2007-02-09",3062,3074,2964,3014,36616
"2007-02-12",2989,2989,2898,2948,22746
"2007-02-13",2938,2938,2889,2895,14041
"2007-02-14",2845,2930,2833,2916,30499
"2007-02-15",2919,2980,2919,2981,8680
"2007-02-16",2926,2989,2926,2989,19644
"2007-02-20",2989,3029,2952,2989,23672
"2007-02-21",2952,3025,2952,2960,23526
"2007-02-22",2989,2989,2787,2944,24516
"2007-02-23",2989,2997,2889,2924,16568
"2007-02-26",2947,2955,2874,2892,29792
"2007-02-27",2857,2930,2857,2892,10086
"2007-02-28",2882,2923,2800,2831,6351
"2007-03-02",2828,2902,2784,2831,14097
"2007-03-05",2833,2841,2792,2826,31879
"2007-03-06",2841,2861,2784,2817,5776
"2007-03-07",2828,2894,2787,2789,7949
"2007-03-08",2792,2833,2767,2789,12319
"2007-03-09",2824,2828,2758,2801,13467
"2007-03-12",2758,2811,2758,2793,20708
"2007-03-13",2792,2792,2758,2780,31782
"2007-03-14",2734,2816,2734,2793,11123
"2007-03-15",2771,2820,2771,2805,15615
"2007-03-16",2763,2894,2763,2855,28278
"2007-03-19",2828,3111,2828,3014,78066
"2007-03-20",3008,3033,2947,3014,18167
"2007-03-21",2952,3021,2865,2948,38178
"2007-03-22",2930,3029,2923,3030,44711
"2007-03-23",3021,3021,2947,3014,28935
"2007-03-26",2952,3016,2935,2973,16470
"2007-03-27",2923,2989,2914,2948,19975
"2007-03-28",2955,2955,2857,2933,15677
"2007-03-29",2887,3025,2887,2933,17802
"2007-03-30",2947,2976,2870,2965,33161
"2007-04-02",3016,3016,2914,2916,9426
"2007-04-03",2930,2976,2865,2936,27801
"2007-04-04",2938,2980,2865,2981,6728
"2007-04-05",2898,2955,2878,2948,45907
"2007-04-06",2894,2943,2882,2936,14163
"2007-04-09",2947,2989,2923,2981,12869
"2007-04-10",2947,3029,2923,2994,40142
"2007-04-11",2984,3406,2984,3194,247277
"2007-04-12",3193,3255,3086,3108,73488
"2007-04-13",3144,3205,3058,3162,80289
"2007-04-16",3132,3229,3118,3162,56605
"2007-04-17",3160,3201,3115,3162,41438
"2007-04-18",3238,3414,3193,3358,285550
"2007-04-19",3357,3508,3307,3481,160894
"2007-04-20",3521,4000,3487,3849,619503
"2007-04-23",3938,3971,3660,3751,292240
"2007-04-24",3783,3783,3570,3591,143900
"2007-04-25",3643,3766,3537,3563,139199
"2007-04-26",3595,3643,3414,3457,133302
"2007-04-27",3529,3529,3332,3333,63513
"2007-04-30",3332,3418,3279,3346,80789
"2007-05-02",3357,3418,3324,3374,26714
"2007-05-03",3381,3495,3357,3468,73553
"2007-05-04",3468,3660,3451,3661,108814
"2007-05-07",3673,3816,3660,3661,197706
"2007-05-08",3668,3729,3602,3686,77673
"2007-05-09",3692,3872,3664,3834,92133
"2007-05-10",3831,4405,3831,4406,447656
"2007-05-11",4503,4626,4216,4415,289398
"2007-05-14",4446,4749,4216,4391,229088
"2007-05-15",4282,4462,4176,4399,125051
"2007-05-16",4479,4503,4274,4382,98957
"2007-05-17",4544,4561,4291,4382,97042
"2007-05-18",4388,4455,4307,4406,148394
"2007-05-21",4422,4864,4381,4776,513724
"2007-05-22",4773,5486,4724,5488,540680
"2007-05-23",5511,6248,5282,6053,851130
"2007-05-25",5895,6010,5732,6012,226362
"2007-05-28",6059,6535,5822,6389,285273
"2007-05-29",6379,6633,6215,6307,231453
"2007-05-30",6387,6387,5781,5881,286698
"2007-05-31",5969,6305,5895,6183,334158
"2007-06-01",6224,6428,5854,5856,161384
"2007-06-04",5847,5962,5462,5865,232898
"2007-06-05",5895,6051,5609,5856,115027
"2007-06-07",5732,6224,5609,6143,163312
"2007-06-08",6183,6183,5937,6028,76186
"2007-06-11",6043,6387,6002,6224,126064
"2007-06-12",6224,6526,6183,6356,156158
"2007-06-13",6387,6387,6100,6331,99333
"2007-06-14",6331,6551,6256,6504,147111
"2007-06-15",6640,7288,6640,6954,374150
"2007-06-18",7124,7124,6640,6716,212053
"2007-06-19",6715,6723,6346,6389,248131
"2007-06-20",6387,6551,6142,6200,154667
"2007-06-21",6183,6469,6059,6307,128040
"2007-06-22",6494,6494,6158,6208,100246
"2007-06-25",6134,6379,6059,6208,97751
"2007-06-26",6224,6224,5798,5898,122033
"2007-06-27",5920,5978,5740,5971,79826
"2007-06-28",6051,6092,5969,6061,40401
"2007-06-29",6142,6428,6059,6307,115408
"2007-07-02",6551,6551,6142,6274,57335
"2007-07-03",6305,6305,6142,6307,58324
"2007-07-04",6305,6649,6183,6543,237050
"2007-07-05",6796,6920,6551,6610,221933
"2007-07-06",6781,6781,6395,6552,88005
"2007-07-09",6404,6723,6404,6552,116063
"2007-07-10",6575,6707,6511,6560,64112
"2007-07-11",6560,6560,6469,6511,69621
"2007-07-12",6543,6764,6469,6740,169162
"2007-07-13",6887,7084,6305,6552,344793
"2007-07-16",6592,6699,6469,6470,171663
"2007-07-18",6469,6551,6297,6299,109494
"2007-07-19",6190,6600,6190,6569,102901
"2007-07-20",6633,6633,6469,6569,73708
"2007-07-23",6551,6551,6346,6511,114096
"2007-07-24",6592,6592,6387,6504,62709
"2007-07-25",6428,7477,6428,7297,452802
"2007-07-26",7436,8074,7256,7421,267860
"2007-07-27",7256,7853,6961,7437,187170
"2007-07-30",7272,7771,7272,7773,136525
"2007-07-31",7943,8312,7738,8142,266746
"2007-08-01",8230,8435,7616,8313,494053
"2007-08-02",8475,8967,8189,8395,273892
"2007-08-03",8435,9336,8353,9132,350531
"2007-08-06",8926,9541,8763,9378,204656
"2007-08-07",9500,9500,8639,8928,224377
"2007-08-08",8926,9213,8639,8763,179720
"2007-08-09",8885,9008,8516,8763,133717
"2007-08-10",8680,9008,8181,8436,186217
"2007-08-13",8353,8516,8107,8272,76712
"2007-08-14",8271,8639,7762,7986,153653
"2007-08-16",7452,7485,6788,6790,249689
"2007-08-17",6837,7256,6755,6970,102937
"2007-08-20",7370,7862,7100,7437,120885
"2007-08-21",7452,7452,7239,7364,76065
"2007-08-22",7222,7574,7222,7371,66310
"2007-08-23",7567,7616,7411,7494,80875
"2007-08-24",7493,7493,7272,7371,60120
"2007-08-27",7444,7493,7124,7175,83881
"2007-08-28",7173,7485,6976,7453,94324
"2007-08-29",7337,7697,7206,7699,61133
"2007-08-30",7706,7862,7534,7535,75735
"2007-08-31",7493,7755,7493,7544,147762
"2007-09-03",7657,7657,7534,7617,60082
"2007-09-04",7616,7762,7280,7453,76284
"2007-09-05",7411,7444,7247,7265,57397
"2007-09-06",7264,7370,7165,7297,43429
"2007-09-07",7297,7452,7288,7355,25555
"2007-09-10",7157,7337,7124,7338,61793
"2007-09-11",7370,7582,7288,7371,73477
"2007-09-12",7370,7444,7312,7331,36616
"2007-09-13",7337,7378,7280,7371,51825
"2007-09-14",7378,8025,7378,7855,120046
"2007-09-17",7903,8099,7796,7797,71353
"2007-09-18",7862,7927,7624,7691,36369
"2007-09-19",7574,7862,7550,7699,38312
"2007-09-20",7829,7829,7534,7724,26152
"2007-09-21",7723,7738,7493,7741,42220
"2007-09-27",7779,7829,7574,7741,55748
"2007-09-28",7738,7862,7624,7658,39058
"2007-10-01",7657,7723,7542,7560,30048
"2007-10-02",7517,7641,7386,7412,72658
"2007-10-04",7526,7526,7051,7125,114573
"2007-10-05",7124,7222,6952,7134,55015
"2007-10-08",7165,7206,6772,6896,159637
"2007-10-09",6796,6896,6640,6684,48894
"2007-10-10",6674,6707,6469,6610,143936
"2007-10-11",6633,6633,6428,6504,80472
"2007-10-12",6543,6551,5978,6078,112756
"2007-10-15",6117,6117,5904,6019,59900
"2007-10-16",6019,6239,5937,6143,44502
"2007-10-17",6149,6149,5854,6086,65467
"2007-10-18",5904,6224,5854,6134,71052
"2007-10-19",6134,6387,5904,5995,27374
"2007-10-22",5486,5814,5478,5651,32038
"2007-10-23",5666,5887,5421,5847,89386
"2007-10-24",5748,5895,5659,5725,24284
"2007-10-25",5666,5854,5527,5718,49082
"2007-10-26",5748,5814,5494,5618,46763
"2007-10-29",5527,5732,5527,5733,50071
"2007-10-30",5954,5954,5674,5791,25395
"2007-10-31",5765,5814,5568,5774,67481
"2007-11-01",5732,5774,5568,5618,49571
"2007-11-02",5413,6452,5330,5635,71523
"2007-11-05",5732,5806,5347,5635,41744
"2007-11-06",5437,5633,5429,5504,35010
"2007-11-07",5527,5527,5241,5258,101070
"2007-11-08",5077,5233,4880,5144,107845
"2007-11-09",5134,5134,4396,5005,81523
"2007-11-12",4832,5077,4790,4873,36909
"2007-11-13",4790,4912,4692,4808,141043
"2007-11-14",4880,4912,4528,4587,295821
"2007-11-15",4585,4659,4176,4611,190808
"2007-11-16",4635,4635,4462,4587,21794
"2007-11-19",4651,4651,4381,4382,18108
"2007-11-20",4216,4569,4176,4571,44039
"2007-11-21",4626,4626,4381,4415,14310
"2007-11-22",4299,4552,4258,4382,19572
"2007-11-23",4266,4503,4176,4374,19718
"2007-11-26",4422,4503,4307,4316,15531
"2007-11-27",4176,4315,4016,4111,44735
"2007-11-28",4233,4233,3931,4079,56871
"2007-11-29",4078,4176,3979,4079,57397
"2007-11-30",4069,4331,4011,4267,58227
"2007-12-03",4340,4340,4167,4267,13039
"2007-12-04",4315,4503,4160,4505,44149
"2007-12-05",4503,4749,4364,4685,75332
"2007-12-06",4823,4823,4602,4701,76301
"2007-12-07",4659,4814,4626,4734,30950
"2007-12-10",4676,4724,4307,4661,13540
"2007-12-11",4544,4692,4512,4661,28838
"2007-12-12",4659,4814,4503,4668,57713
"2007-12-13",4700,4798,4593,4644,24846
"2007-12-14",4749,4749,4258,4668,30414
"2007-12-17",4471,4667,4462,4464,16946
"2007-12-18",4307,4626,4307,4628,13480
"2007-12-20",4626,4626,4462,4505,25725
"2007-12-21",4503,4692,4429,4644,18119
"2007-12-24",4782,4782,4544,4603,11136
"2007-12-26",4659,4659,4503,4562,69654
"2007-12-27",4512,4684,4512,4628,36981
"2007-12-28",4626,4873,4602,4751,12734
"2008-01-02",4757,4912,4757,4865,5408
"2008-01-03",4839,4839,4667,4717,13028
"2008-01-04",4717,4773,4667,4668,11184
"2008-01-07",4626,4667,4455,4455,11001
"2008-01-08",4388,4593,4388,4579,12038
"2008-01-09",4422,4626,4381,4464,43051
"2008-01-10",4438,4626,4438,4505,2235
"2008-01-11",4429,4873,4356,4562,7321
"2008-01-14",4561,4561,4396,4406,5811
"2008-01-15",4405,4773,4208,4300,10097
"2008-01-16",4258,4331,4102,4300,18707
"2008-01-17",4119,4258,4094,4144,15931
"2008-01-18",4011,4225,4011,4202,16215
"2008-01-21",4200,4200,4094,4202,11305
"2008-01-22",4052,4126,3987,4095,34284
"2008-01-23",4192,4299,3971,3980,24505
"2008-01-24",3906,4020,3881,3980,45650
"2008-01-25",3979,4011,3889,3915,37495
"2008-01-28",3914,3914,3554,3665,84135
"2008-01-29",3610,3664,3545,3546,16991
"2008-01-30",3578,3758,3398,3481,19376
"2008-01-31",3307,3521,3307,3473,16190
"2008-02-01",3480,3766,3480,3579,50022
"2008-02-04",3578,3725,3524,3678,11355
"2008-02-05",3766,3766,3468,3759,18999
"2008-02-11",3758,3766,3623,3654,10779
"2008-02-12",3684,3684,3639,3678,10536
"2008-02-13",3684,3775,3684,3686,6803
"2008-02-14",3758,3766,3619,3759,26458
"2008-02-15",3734,3840,3643,3825,34442
"2008-02-18",3877,3877,3783,3825,12637
"2008-02-19",3914,3983,3824,3829,8034
"2008-02-20",3848,3872,3684,3834,32404
"2008-02-21",3807,3877,3807,3834,46543
"2008-02-22",3831,3831,3712,3784,2442
"2008-02-25",3709,3816,3709,3808,5055
"2008-02-26",3766,3889,3648,3886,7558
"2008-02-27",3938,4176,3828,4177,16493
"2008-02-28",4216,4741,4216,4685,45064
"2008-02-29",4667,5118,4667,4841,44553
"2008-03-03",4741,4741,4536,4587,25884
"2008-03-04",4585,4585,4307,4562,12002
"2008-03-05",4732,4749,4446,4587,25492
"2008-03-06",4897,4897,4471,4668,17496
"2008-03-07",4446,4667,4446,4668,19510
"2008-03-10",4626,4626,4340,4340,18094
"2008-03-11",4340,4585,4299,4579,8120
"2008-03-12",4832,4832,4576,4717,37532
"2008-03-13",4626,4684,4422,4505,28942
"2008-03-14",4544,4790,4340,4791,59044
"2008-03-17",4749,4749,4503,4661,18399
"2008-03-18",4864,4880,4602,4881,21171
"2008-03-19",4905,4978,4847,4873,30435
"2008-03-20",5036,5036,4839,4997,24358
"2008-03-21",5200,5282,5158,5233,33917
"2008-03-24",5347,5347,5158,5274,30132
"2008-03-25",5355,5363,5068,5193,19010
"2008-03-26",5216,5216,4847,4947,24212
"2008-03-27",4700,4946,4700,4767,16852
"2008-03-28",4912,4912,4676,4890,14236
"2008-03-31",5183,5183,4765,4808,46481
"2008-04-01",5020,5053,4757,4791,20866
"2008-04-02",4790,4912,4593,4661,53294
"2008-04-03",4585,4757,4585,4587,25738
"2008-04-04",4503,4717,4503,4603,34711
"2008-04-07",4544,4659,4462,4571,37007
"2008-04-08",4512,4888,4471,4832,55481
"2008-04-10",4814,5216,4814,5201,174497
"2008-04-11",5241,5445,5077,5422,181703
"2008-04-14",5363,5462,5118,5119,89399
"2008-04-15",5077,5077,4717,4832,142584
"2008-04-16",4912,4994,4839,4956,65467
"2008-04-17",4953,5241,4912,5233,116893
"2008-04-18",5233,5397,5233,5274,106160
"2008-04-21",5347,5404,5249,5389,63794
"2008-04-22",5397,5937,5380,5742,726898
"2008-04-23",5830,6600,5830,6601,809716
"2008-04-24",6592,6796,6314,6552,223944
"2008-04-25",6551,6567,6289,6404,159737
"2008-04-28",6469,6469,6100,6224,125012
"2008-04-29",6224,6256,6059,6200,75027
"2008-04-30",6100,6436,5895,6307,191505
"2008-05-02",6346,6633,6248,6528,154589
"2008-05-06",6633,6633,6338,6339,179972
"2008-05-07",6224,6469,6224,6454,100142
"2008-05-08",6469,6674,6404,6643,133193
"2008-05-09",6707,6796,6616,6732,101475
"2008-05-13",6731,6731,6485,6552,69386
"2008-05-14",6477,6715,6248,6389,107489
"2008-05-15",6502,6592,6305,6593,95844
"2008-05-16",6592,6691,6519,6569,58760
"2008-05-19",6567,6567,6264,6307,61535
"2008-05-20",6387,6511,6305,6430,48240
"2008-05-21",6428,6633,6305,6584,65764
"2008-05-22",6584,6715,6460,6716,76329
"2008-05-23",6707,7444,6707,7281,361849
"2008-05-26",7288,7370,6969,6995,141836
"2008-05-27",6993,7256,6928,7249,181015
"2008-05-28",7361,7534,7214,7470,329553
"2008-05-29",7461,7468,7124,7429,147086
"2008-05-30",7370,7370,7124,7249,71778
"2008-06-02",7132,7231,7051,7167,47078
"2008-06-03",7157,7181,6879,7035,76906
"2008-06-04",7034,7034,6821,6872,101975
"2008-06-05",6837,6854,6477,6543,117687
"2008-06-09",6322,6395,5995,6200,106675
"2008-06-10",6199,6256,5895,6028,113230
"2008-06-11",6068,6224,5978,6224,105538
"2008-06-12",6142,6289,6142,6258,46872
"2008-06-13",6256,6862,6256,6635,104952
"2008-06-16",6665,6665,6452,6470,68409
"2008-06-17",6452,6551,6387,6487,41781
"2008-06-18",6452,6772,6395,6511,48166
"2008-06-19",6625,6748,6428,6716,77432
"2008-06-20",6715,6796,6224,6266,69520
"2008-06-23",6059,6142,5527,5995,160007
"2008-06-24",6142,6142,5323,5839,30805
"2008-06-25",5748,5854,5650,5667,45834
"2008-06-26",5494,5895,5494,5733,17509
"2008-06-27",5609,5740,5527,5709,31245
"2008-06-30",5707,5774,5478,5479,18998
"2008-07-01",5371,5503,5134,5201,48533
"2008-07-02",5200,5306,4749,4988,55943
"2008-07-03",4749,4929,4749,4776,45819
"2008-07-04",4757,4953,4757,4776,11577
"2008-07-07",4717,5306,4717,4742,18754
"2008-07-08",4773,4978,4585,4693,28546
"2008-07-09",4626,4773,4626,4709,10372
"2008-07-10",4700,4798,4512,4759,18131
"2008-07-11",4832,5134,4790,4997,26732
"2008-07-14",4880,5068,4814,4988,19291
"2008-07-15",4873,4912,4496,4505,53853
"2008-07-16",4544,4643,4503,4587,18184
"2008-07-17",4732,5158,4593,4595,52964
"2008-07-18",4626,4873,4626,4717,30976
"2008-07-21",4757,4978,4757,4956,17666
"2008-07-22",5036,5036,4847,4873,28473
"2008-07-23",4912,4912,4832,4832,22502
"2008-07-24",4798,5142,4798,5136,28912
"2008-07-25",5012,5183,4994,5086,21195
"2008-07-28",5044,5233,5044,5086,12966
"2008-07-29",5077,5142,4994,5086,23232
"2008-07-30",5183,5282,5158,5233,9742
"2008-07-31",5323,5363,5257,5324,9192
"2008-08-01",5282,5363,5249,5365,10304
"2008-08-04",5273,5282,4569,5258,21842
"2008-08-05",5118,5306,5068,5160,30682
"2008-08-06",5209,5273,5126,5177,13857
"2008-08-07",5118,5224,5012,5160,7205
"2008-08-08",4929,5183,4929,5160,18973
"2008-08-11",5224,5224,4953,5078,13940
"2008-08-12",4994,5077,4897,4997,14456
"2008-08-13",4912,5158,4912,5119,8918
"2008-08-14",4970,5118,4970,5078,11856
"2008-08-18",5077,5077,4864,5005,27068
"2008-08-19",4880,5020,4873,5005,15396
"2008-08-20",4953,5036,4953,4997,13345
"2008-08-21",5012,5020,4832,4914,11220
"2008-08-22",4832,4912,4667,4865,16604
"2008-08-25",4782,4946,4651,4652,13297
"2008-08-26",4576,4667,4438,4652,15970
"2008-08-27",4512,4700,4512,4676,9925
"2008-08-28",4667,4814,4544,4717,14151
"2008-08-29",4635,4798,4544,4767,11917
"2008-09-01",4626,4749,4364,4628,34284
"2008-09-02",4626,4626,4340,4595,32818
"2008-09-03",4340,4593,4299,4496,17105
"2008-09-04",4496,4576,4405,4496,28500
"2008-09-05",5068,5068,4274,4275,23984
"2008-09-08",4422,4569,4307,4562,9303
"2008-09-09",4503,4708,4422,4709,14625
"2008-09-10",4643,4684,4503,4685,40718
"2008-09-11",4528,4823,4528,4751,12795
"2008-09-12",4610,5200,4610,5037,22625
"2008-09-16",4536,4986,4536,4890,29254
"2008-09-17",4798,5200,4798,4947,6361
"2008-09-18",4757,4962,4757,4964,16470
"2008-09-19",4962,5036,4912,4914,7532
"2008-09-22",5077,5077,4839,4873,5787
"2008-09-23",5036,5036,4602,4873,10757
"2008-09-24",4684,4905,4684,4693,10355
"2008-09-25",4692,4692,4585,4668,6910
"2008-09-26",4602,4659,4585,4587,5567
"2008-09-29",4552,4635,4274,4382,8169
"2008-09-30",4381,4381,3725,4340,32049
"2008-10-01",4462,4496,4233,4267,7704
"2008-10-02",4331,4331,3934,4095,25078
"2008-10-06",4052,4052,3848,3931,9011
"2008-10-07",3349,4052,3349,4055,36104
"2008-10-08",3938,3938,3664,3678,41814
"2008-10-09",3675,3675,3398,3604,52903
"2008-10-10",3365,3487,3062,3489,93475
"2008-10-13",3487,3684,3487,3595,10158
"2008-10-14",3675,3709,3595,3617,53684
"2008-10-15",3459,3554,3369,3481,16995
"2008-10-16",3480,3529,3201,3203,9523
"2008-10-17",3205,3349,3118,3194,27495
"2008-10-20",3390,3390,3074,3218,57922
"2008-10-21",3398,3422,3111,3113,27801
"2008-10-22",3193,3193,2882,3022,11544
"2008-10-23",2976,2976,2570,2572,151109
"2008-10-24",2587,2587,2222,2456,42769
"2008-10-27",2373,2497,2091,2212,67067
"2008-10-28",2059,2373,1964,2212,36995
"2008-10-29",2332,2432,1923,1925,55858
"2008-10-30",2177,2210,1969,2212,107931
"2008-10-31",2332,2373,2128,2376,142825
"2008-11-03",2373,2698,2373,2612,75064
"2008-11-04",2824,2865,2636,2855,30876
"2008-11-05",3070,3193,2870,2870,51500
"2008-11-06",2661,2824,2497,2703,30597
"2008-11-07",2456,2775,2456,2777,31122
"2008-11-10",2861,2938,2706,2867,14847
"2008-11-11",2865,2947,2784,2785,6935
"2008-11-12",2865,2865,2620,2703,7595
"2008-11-13",2620,2701,2620,2703,10610
"2008-11-14",2709,2938,2709,2822,6459
"2008-11-17",2653,2784,2578,2580,8106
"2008-11-18",2578,2587,2476,2478,9584
"2008-11-19",2476,2501,2378,2478,9306
"2008-11-20",2251,2456,2251,2395,11110
"2008-11-21",2128,2456,2128,2456,12209
"2008-11-24",2456,2460,2308,2449,10841
"2008-11-25",2538,2538,2419,2449,5128
"2008-11-26",2317,2448,2317,2400,8720
"2008-11-27",2448,2488,2382,2490,13162
"2008-11-28",2488,2488,2423,2490,25578
"2008-12-01",2587,2587,2443,2490,44479
"2008-12-02",2456,2456,2349,2456,7680
"2008-12-03",2456,2476,2378,2456,13308
"2008-12-04",2460,2612,2415,2432,5494
"2008-12-05",2432,2456,2300,2456,8106
"2008-12-08",2497,2546,2456,2532,14956
"2008-12-09",2460,2529,2432,2523,10841
"2008-12-10",2538,2538,2373,2515,30597
"2008-12-11",2456,2604,2456,2519,17545
"2008-12-12",2517,2694,2497,2568,47788
"2008-12-15",2566,2742,2456,2568,125793
"2008-12-16",2607,2607,2513,2560,17277
"2008-12-17",2578,2583,2480,2486,38534
"2008-12-18",2480,2497,2423,2473,33417
"2008-12-19",2473,2505,2432,2506,36140
"2008-12-22",2578,2620,2497,2523,27508
"2008-12-23",2480,2521,2464,2482,45199
"2008-12-24",2464,2513,2439,2515,30206
"2008-12-26",2562,2562,2386,2429,44686
"2008-12-29",2456,2456,2332,2429,16812
"2008-12-30",2427,2497,2390,2429,20390
"2009-01-02",2538,2538,2390,2490,9022
"2009-01-05",2488,2488,2423,2456,16752
"2009-01-06",2460,2620,2439,2572,20158
"2009-01-07",2538,2604,2476,2588,59057
"2009-01-08",2583,2935,2546,2772,300985
"2009-01-09",2809,3152,2784,3059,179817
"2009-01-12",3054,3111,2870,2973,97926
"2009-01-13",2865,3021,2836,3022,75454
"2009-01-14",3013,3013,2889,2911,85686
"2009-01-15",2865,2865,2701,2712,81436
"2009-01-16",2784,2784,2624,2744,79752
"2009-01-19",2701,2857,2701,2814,79715
"2009-01-20",2865,2865,2701,2822,44381
"2009-01-21",2750,2820,2624,2817,77469
"2009-01-22",2828,2914,2767,2908,29888
"2009-01-23",2870,2930,2718,2850,34431
"2009-01-28",2849,2906,2787,2879,35176
"2009-01-29",2878,2926,2833,2924,25798
"2009-01-30",2874,3070,2809,3047,86503
"2009-02-02",3062,3152,2989,3104,64759
"2009-02-03",3054,3103,3021,3096,47076
"2009-02-04",3078,3414,3078,3398,114206
"2009-02-05",3398,3582,3320,3440,60278
"2009-02-06",3435,3602,3435,3604,40022
"2009-02-09",3537,3656,3532,3628,61339
"2009-02-10",3684,4167,3476,3604,665656
"2009-02-11",3521,3762,3406,3645,81118
"2009-02-12",3643,3766,3545,3764,49216
"2009-02-13",3668,3766,3660,3743,30866
"2009-02-16",3643,3742,3610,3612,55119
"2009-02-17",3606,3643,3349,3350,51365
"2009-02-18",3336,3349,3213,3346,45309
"2009-02-19",3439,3439,3123,3125,42764
"2009-02-20",3234,3234,2800,3022,23430
"2009-02-23",2955,3086,2865,3071,13565
"2009-02-24",2914,3029,2898,3022,18350
"2009-02-25",3029,3086,2989,3022,12686
"2009-02-26",2923,3218,2923,3038,13919
"2009-02-27",2992,3140,2992,3030,48568
"2009-03-02",3127,3127,2947,2985,2430
"2009-03-03",2898,3000,2865,2989,6728
"2009-03-04",3135,3135,2955,3071,7435
"2009-03-05",3078,3193,2947,3194,58251
"2009-03-06",3144,3259,3078,3260,36359
"2009-03-09",3357,3521,3201,3522,23368
"2009-03-10",3521,3598,3439,3514,16275
"2009-03-11",3562,3562,3463,3539,23259
"2009-03-12",3675,3675,3500,3641,26690
"2009-03-13",3565,3750,3565,3645,20158
"2009-03-16",3660,3660,3565,3567,12063
"2009-03-17",3602,3602,3410,3600,17741
"2009-03-18",3529,3643,3521,3637,12734
"2009-03-19",3492,3675,3492,3665,30706
"2009-03-20",3684,3725,3619,3641,12478
"2009-03-23",3512,3664,3512,3604,30198
"2009-03-24",3602,3824,3602,3706,8229
"2009-03-25",3635,3848,3635,3829,18688
"2009-03-26",3746,3963,3746,3915,22184
"2009-03-27",3931,3946,3807,3890,21745
"2009-03-30",4086,4094,3864,3944,20255
"2009-03-31",3856,3987,3856,3956,8461
"2009-04-01",4078,4078,3889,4009,10987
"2009-04-02",4069,4422,3971,4194,45995
"2009-04-03",4200,4315,4094,4211,17044
"2009-04-06",4208,4340,4135,4292,22904
"2009-04-07",4291,4381,4216,4382,33661
"2009-04-08",4340,4340,4225,4259,31134
"2009-04-09",4282,4790,4282,4709,63375
"2009-04-10",4832,4832,4643,4644,15637
"2009-04-13",4823,4832,4635,4832,22416
"2009-04-14",4986,4986,4724,4742,28816
"2009-04-15",4667,4773,4528,4668,52599
"2009-04-16",4610,4814,4536,4571,44142
"2009-04-17",4585,4659,4299,4423,59728
"2009-04-20",4503,4503,4266,4431,24456
"2009-04-21",4462,4462,4258,4431,28045
"2009-04-22",4659,4659,4348,4464,32733
"2009-04-23",4569,4569,4340,4505,63598
"2009-04-24",4659,4659,4405,4423,36445
"2009-04-27",4413,4503,4340,4481,50290
"2009-04-28",4503,4503,4020,4194,51914
"2009-04-29",4258,4438,4135,4267,63660
"2009-04-30",4274,4585,4274,4488,30507
"2009-05-04",4503,4667,4503,4661,12372
"2009-05-06",4667,4741,4520,4661,28155
"2009-05-07",4732,4732,4422,4529,32806
"2009-05-08",4405,4585,4356,4357,20190
"2009-05-11",4496,4569,4372,4481,39430
"2009-05-12",4569,4585,4471,4537,18008
"2009-05-13",4626,4749,4536,4734,66188
"2009-05-14",4732,4790,4626,4644,26655
"2009-05-15",4749,4970,4717,4865,136184
"2009-05-18",4946,4946,4732,4914,58824
"2009-05-19",4912,5077,4381,5078,111082
"2009-05-20",5257,5273,5068,5201,64063
"2009-05-21",5298,5298,4929,5037,30877
"2009-05-22",4953,5044,4912,4997,55089
"2009-05-25",4773,4912,4676,4791,48289
"2009-05-26",4897,4897,4659,4668,55174
"2009-05-27",4724,4847,4684,4776,29474
"2009-05-28",4757,4823,4552,4734,55064
"2009-05-29",4806,4806,4585,4742,34540
"2009-06-01",4773,4839,4635,4791,40006
"2009-06-02",4937,4937,4832,4890,34089
"2009-06-03",4832,5282,4832,5078,303771
"2009-06-04",5150,5363,5126,5217,119592
"2009-06-05",5363,5371,5209,5217,20023
"2009-06-08",5158,5216,5085,5119,42912
"2009-06-09",5053,5241,5053,5193,36506
"2009-06-10",5191,5323,5118,5324,72255
"2009-06-11",5241,5397,5158,5185,19047
"2009-06-12",5183,5183,4912,5111,101606
"2009-06-15",5241,5241,5077,5086,10628
"2009-06-16",5003,5142,4937,5144,20792
"2009-06-17",5142,5142,5053,5127,10855
"2009-06-18",5126,5126,4994,5078,18961
"2009-06-19",4962,4994,4873,4897,18728
"2009-06-22",4832,4921,4790,4849,8815
"2009-06-23",4873,4873,4741,4849,12051
"2009-06-24",4717,4905,4708,4897,34321
"2009-06-25",4888,4888,4724,4726,29516
"2009-06-26",4708,4806,4700,4709,18814
"2009-06-29",4790,4790,4667,4693,24068
"2009-06-30",4790,4790,4667,4751,27788
"2009-07-01",4676,4912,4667,4914,73159
"2009-07-02",4798,5036,4798,4947,11492
"2009-07-03",4937,4937,4790,4931,5675
"2009-07-06",4937,4994,4888,4890,21064
"2009-07-07",5028,5036,4888,4914,20227
"2009-07-08",4897,4946,4847,4906,11684
"2009-07-09",4912,4953,4847,4914,20927
"2009-07-10",4873,4937,4847,4849,10304
"2009-07-13",4912,4912,4847,4849,19707
"2009-07-14",4888,4897,4814,4873,42733
"2009-07-15",4847,5020,4832,5012,37737
"2009-07-16",5020,5044,4970,5021,30926
"2009-07-17",5068,5068,4978,5021,7912
"2009-07-20",4994,5061,4946,5037,41035
"2009-07-21",5036,5036,4873,4873,44153
"2009-07-22",4912,4912,4823,4881,61670
"2009-07-23",4873,5012,4839,5005,49119
"2009-07-24",5012,5101,4978,5053,26552
"2009-07-27",5077,5150,5077,5078,38094
"2009-07-28",5053,5158,5020,5160,35394
"2009-07-29",5158,5224,5077,5119,30292
"2009-07-30",5241,5568,5142,5569,264394
"2009-07-31",5568,5928,5560,5651,255131
"2009-08-03",5650,5691,5527,5545,53355
"2009-08-04",5543,5666,5404,5635,71076
"2009-08-05",5535,5633,5503,5529,26117
"2009-08-06",5445,6059,5404,5815,154553
"2009-08-07",5806,5806,5683,5733,62524
"2009-08-10",5740,5879,5691,5847,112229
"2009-08-11",5847,6175,5781,6127,119461
"2009-08-12",5954,6183,5887,6183,136908
"2009-08-13",6289,6363,6117,6363,125863
"2009-08-14",6297,6781,6289,6757,191903
"2009-08-17",6755,6928,6674,6798,190254
"2009-08-18",6723,6845,6657,6740,126379
"2009-08-19",6837,6862,6640,6651,137632
"2009-08-20",6691,6691,6280,6307,136138
"2009-08-21",6387,6445,6100,6159,96796
"2009-08-24",6175,6608,6175,6593,110027
"2009-08-25",6485,6961,6485,6880,191399
"2009-08-26",6821,6961,6772,6840,56485
"2009-08-27",6837,7117,6796,7044,95140
"2009-08-28",7206,7206,7026,7109,45322
"2009-08-31",6976,7256,6969,7125,90048
"2009-09-01",7165,7165,6920,7035,101934
"2009-09-02",6928,7017,6723,6872,81010
"2009-09-03",6879,6952,6731,6840,61685
"2009-09-04",6837,6837,6657,6740,68487
"2009-09-07",6715,7124,6715,7060,107840
"2009-09-08",7067,7689,7059,7617,248998
"2009-09-09",7574,7657,7297,7535,63024
"2009-09-10",7534,7870,7534,7568,154486
"2009-09-11",7534,7730,7452,7593,79558
"2009-09-14",7599,7771,7477,7617,87262
"2009-09-15",7582,7689,7157,7364,106996
"2009-09-16",7361,7493,7173,7224,67390
"2009-09-17",7231,7353,7149,7232,60777
"2009-09-18",7574,7574,6993,7158,73263
"2009-09-21",7124,7206,7010,7011,72610
"2009-09-22",7010,7034,6575,6880,98338
"2009-09-23",6879,6879,6640,6708,55555
"2009-09-24",6879,6879,6551,6725,41963
"2009-09-25",6854,6854,6575,6635,46872
"2009-09-28",6781,6781,6363,6438,42672
"2009-09-29",6314,6551,6314,6331,47519
"2009-09-30",6264,6445,6183,6266,73988
"2009-10-01",6142,6355,6019,6299,56847
"2009-10-05",6322,6543,6117,6438,23894
"2009-10-06",6494,6494,6248,6339,29864
"2009-10-07",6338,6460,6100,6151,42917
"2009-10-08",6068,6379,5928,5987,129939
"2009-10-09",6125,6452,6019,6290,148278
"2009-10-12",6314,6715,6314,6635,104073
"2009-10-13",6665,6682,6469,6504,96356
"2009-10-14",6511,6796,6511,6716,65486
"2009-10-15",6755,6920,6699,6920,53599
"2009-10-16",6764,6936,6633,6635,91503
"2009-10-19",6674,6699,6502,6659,37776
"2009-10-20",6674,6740,6551,6667,13759
"2009-10-21",6633,6740,6616,6667,28912
"2009-10-22",6575,6691,6526,6593,43615
"2009-10-23",6592,6592,6239,6241,66884
"2009-10-26",6404,6404,6142,6339,43774
"2009-10-27",6379,6543,6305,6389,31670
"2009-10-28",6314,6502,6190,6216,33948
"2009-10-29",6100,6239,5814,6061,48649
"2009-10-30",6248,6256,5937,6127,20883
"2009-11-02",6100,6100,5871,5906,15262
"2009-11-03",5969,5969,5650,5946,26533
"2009-11-04",5798,6068,5798,6061,21440
"2009-11-05",6142,6142,5912,6053,8461
"2009-11-06",5912,6075,5912,6053,16935
"2009-11-09",5986,6051,5839,5873,17254
"2009-11-10",5895,5895,5765,5889,16962
"2009-11-11",5887,5887,5659,5766,60177
"2009-11-12",5806,5854,5650,5856,29382
"2009-11-13",5814,5895,5724,5774,22038
"2009-11-16",5774,5806,5625,5733,30342
"2009-11-17",5732,5740,5568,5725,36966
"2009-11-18",5724,5732,5618,5701,22598
"2009-11-19",5650,5715,5609,5627,30005
"2009-11-20",5798,5847,5486,5757,42032
"2009-11-23",5732,5830,5650,5725,22562
"2009-11-24",5659,5724,5609,5651,16950
"2009-11-25",5715,5715,5551,5586,29162
"2009-11-26",5642,5642,5380,5397,29376
"2009-11-27",5397,5511,5200,5282,38690
"2009-11-30",5306,5380,5282,5282,35614
"2009-12-01",5249,5397,5249,5348,15750
"2009-12-02",5355,5543,5355,5521,16703
"2009-12-03",5429,5609,5429,5603,17509
"2009-12-04",5593,5904,5593,5889,108822
"2009-12-07",5969,5995,5806,5906,51912
"2009-12-08",5945,5978,5757,5873,35850
"2009-12-09",5847,5871,5798,5873,33858
"2009-12-10",5781,5969,5781,5873,32574
"2009-12-11",5814,5928,5774,5865,71658
"2009-12-14",5863,5945,5847,5898,29010
"2009-12-15",5895,5995,5839,5995,32612
"2009-12-16",6010,6142,5978,6134,40291
"2009-12-17",6134,6289,6092,6258,57135
"2009-12-18",6264,6289,6142,6290,16152
"2009-12-21",6289,6289,6125,6216,27836
"2009-12-22",6264,6264,6059,6086,28175
"2009-12-23",6142,6142,5904,5906,23143
"2009-12-24",6043,6043,5863,5865,33429
"2009-12-28",5895,5895,5732,5898,18462
"2009-12-29",5814,5814,5699,5774,20720
"2009-12-30",5789,5789,5683,5774,10451
"2010-01-04",5789,5789,5691,5774,15627
"2010-01-05",5774,5937,5707,5856,25529
"2010-01-06",5774,6051,5774,5963,38094
"2010-01-07",5863,6027,5863,5938,12209
"2010-01-08",5904,5928,5798,5839,8302
"2010-01-11",5962,5962,5659,5701,63088
"2010-01-12",5774,5774,5486,5537,37643
"2010-01-13",5535,5691,5421,5569,24493
"2010-01-14",5715,5715,5371,5537,53307
"2010-01-15",5421,5527,5273,5488,28531
"2010-01-18",5503,5650,5314,5479,79003
"2010-01-19",5486,5560,5413,5479,23577
"2010-01-20",5397,5543,5397,5447,21696
"2010-01-21",5543,5543,5338,5438,29878
"2010-01-22",5404,5453,5257,5341,52562
"2010-01-25",5429,5429,5012,5012,108156
"2010-01-26",5068,5118,4888,4914,89336
"2010-01-27",4921,4946,4749,4873,68031
"2010-01-28",4798,4986,4798,4947,12365
"2010-01-29",4873,4978,4782,4856,11466
"2010-02-01",4757,4880,4700,4832,29266
"2010-02-02",4873,4905,4773,4906,8717
"2010-02-03",4832,4912,4814,4873,8573
"2010-02-04",4921,4929,4832,4914,6190
"2010-02-05",4773,4847,4708,4849,26435
"2010-02-08",4897,4897,4717,4800,6286
"2010-02-09",4864,4897,4749,4751,7296
"2010-02-10",4798,4814,4749,4791,14311
"2010-02-11",4667,4814,4667,4791,18717
"2010-02-12",4880,5093,4749,5012,54136
"2010-02-16",5012,5142,4905,5102,25871
"2010-02-17",5101,5585,5101,5529,86579
"2010-02-18",5527,5568,5429,5513,10197
"2010-02-19",5527,5535,5241,5430,42818
"2010-02-22",5429,5445,5298,5422,19010
"2010-02-23",5421,5453,5282,5373,9048
"2010-02-24",5289,5355,5241,5324,16368
"2010-02-25",5397,5397,5209,5282,6729
"2010-02-26",5265,5265,5036,5078,44493
"2010-03-02",5134,5134,4953,5078,7449
"2010-03-03",5093,5200,4994,5078,19452
"2010-03-04",5150,5241,5077,5241,23564
"2010-03-05",5470,5470,5233,5316,4403
"2010-03-08",5380,5380,5241,5357,49716
"2010-03-09",5323,5330,5273,5324,11441
"2010-03-10",5437,5437,5200,5316,8522
"2010-03-11",5216,5371,5209,5241,11783
"2010-03-12",5323,5363,5167,5241,11407
"2010-03-15",5265,5314,5191,5241,14151
"2010-03-16",5282,5282,5150,5241,19730
"2010-03-17",5216,5241,5101,5226,18692
"2010-03-18",5282,5314,5118,5316,27873
"2010-03-19",5224,5363,5224,5291,12709
"2010-03-22",5200,5330,5200,5307,10147
"2010-03-23",5306,5560,5249,5529,53858
"2010-03-24",5560,5920,5560,5651,88298
"2010-03-25",5691,5691,5535,5651,40522
"2010-03-26",5650,5904,5568,5856,47145
"2010-03-29",5715,5814,5593,5742,20353
"2010-03-30",5732,5814,5659,5693,15025
"2010-03-31",5691,5757,5585,5693,14920
"2010-04-01",5650,5748,5601,5718,14793
"2010-04-02",5707,5707,5462,5462,33982
"2010-04-05",5593,5593,5363,5545,21183
"2010-04-06",5593,5593,5404,5513,9194
"2010-04-07",5503,5511,5323,5430,23624
"2010-04-08",5429,5486,5363,5414,28254
"2010-04-09",5323,5429,5323,5397,40901
"2010-04-12",5404,5527,5397,5406,15567
"2010-04-13",5568,5568,5413,5521,13822
"2010-04-14",5633,5633,5462,5521,23992
"2010-04-15",5518,5642,5429,5496,13493
"2010-04-16",5568,5568,5363,5447,9182
"2010-04-19",5404,5404,5314,5357,14973
"2010-04-20",5282,5363,5282,5332,20710
"2010-04-21",5404,5453,5265,5357,48274
"2010-04-22",5355,5445,5323,5422,33430
"2010-04-23",5347,5453,5338,5341,8743
"2010-04-26",5486,5486,5371,5479,20158
"2010-04-27",5527,5527,5429,5430,11624
"2010-04-28",5429,5732,5323,5659,80998
"2010-04-29",5650,5814,5609,5718,48777
"2010-04-30",5699,5789,5494,5643,48947
"2010-05-03",5568,5789,5470,5479,80312
"2010-05-04",5494,5543,5265,5291,46400
"2010-05-06",5158,5233,5036,5201,30023
"2010-05-07",4994,5118,4994,5094,34491
"2010-05-10",5068,5224,5068,5160,15738
"2010-05-11",5200,5200,5068,5111,17985
"2010-05-12",5044,5109,4921,5111,44553
"2010-05-13",5101,5158,5036,5119,39734
"2010-05-14",5174,5355,5077,5258,42903
"2010-05-17",5200,5282,5167,5241,18803
"2010-05-18",5249,5347,5061,5102,15690
"2010-05-19",5101,5183,4994,5177,15860
"2010-05-20",5216,5216,4921,5061,20563
"2010-05-24",4986,5068,4832,5070,17325
"2010-05-25",5109,5109,4757,4964,53477
"2010-05-26",4880,5093,4880,5078,5909
"2010-05-27",5126,5126,4937,5119,12026
"2010-05-28",5241,5273,5028,5029,12260
"2010-05-31",4962,5183,4946,5021,14593
"2010-06-01",5150,5150,4953,5021,16560
"2010-06-03",5020,5183,5020,5119,11612
"2010-06-04",5209,5209,4994,5045,6876
"2010-06-07",4921,5109,4921,4980,15126
"2010-06-08",5061,5061,4912,4931,9463
"2010-06-09",4937,4970,4847,4856,12332
"2010-06-10",4953,5020,4912,5021,9329
"2010-06-11",4986,5053,4937,5012,18627
"2010-06-14",5036,5036,4921,4997,16071
"2010-06-15",4962,4994,4873,4914,29986
"2010-06-16",4921,4978,4864,4914,43603
"2010-06-17",4953,4953,4912,4947,10367
"2010-06-18",4912,4962,4864,4947,5533
"2010-06-21",4921,4978,4873,4914,7399
"2010-06-22",4946,4946,4864,4914,21271
"2010-06-23",4912,4912,4847,4849,7070
"2010-06-24",4912,4912,4765,4865,15302
"2010-06-25",4823,4873,4749,4808,26032
"2010-06-28",4765,4814,4708,4751,20890
"2010-06-29",4749,4986,4749,4832,30035
"2010-06-30",4823,4832,4724,4751,17487
"2010-07-01",4757,4790,4708,4791,13491
"2010-07-02",4946,4946,4741,4800,16080
"2010-07-05",4847,4970,4773,4914,16898
"2010-07-06",4962,4994,4832,4922,17746
"2010-07-07",5012,5012,4888,4914,28179
"2010-07-08",4962,5003,4921,4939,19096
"2010-07-09",4953,4994,4847,4922,23848
"2010-07-12",4873,5093,4873,5086,31940
"2010-07-13",5077,5397,5077,5241,92082
"2010-07-14",5347,5404,5216,5316,56040
"2010-07-15",5241,5413,5241,5357,48497
"2010-07-16",5289,5937,5289,5718,238377
"2010-07-19",5659,5928,5642,5667,91831
"2010-07-20",5609,5814,5568,5693,78725
"2010-07-21",5707,6100,5707,5979,228472
"2010-07-22",5978,6248,5854,6102,135043
"2010-07-23",6142,6297,6059,6119,92656
"2010-07-26",6117,6166,5978,6019,69118
"2010-07-27",5920,6207,5920,6143,62255
"2010-07-28",6142,6305,6059,6086,70705
"2010-07-29",6010,6175,5912,5938,75141
"2010-07-30",5879,5962,5650,5684,82394
"2010-08-02",5698,5895,5698,5847,29303
"2010-08-03",5847,6027,5814,6028,56237
"2010-08-04",6059,6059,5854,6053,32014
"2010-08-05",6059,6075,5895,5963,32612
"2010-08-06",5954,5954,5798,5881,36346
"2010-08-09",5962,5962,5781,5798,29032
"2010-08-10",5871,5871,5650,5766,47031
"2010-08-11",5732,5732,5462,5529,64149
"2010-08-12",5347,5470,5314,5406,30132
"2010-08-13",5478,5551,5397,5455,19855
"2010-08-16",5389,5593,5363,5562,17630
"2010-08-17",5715,5928,5618,5774,93965
"2010-08-18",5781,5904,5666,5709,33722
"2010-08-19",5642,5814,5633,5684,39915
"2010-08-20",5650,5879,5601,5742,51628
"2010-08-23",5732,6256,5683,6258,205929
"2010-08-24",6256,6820,6256,6692,488192
"2010-08-25",6592,6911,6592,6831,260962
"2010-08-26",6715,6903,6526,6569,188050
"2010-08-27",6551,6699,6502,6667,94985
"2010-08-30",6682,7100,6640,6961,184277
"2010-08-31",6944,7001,6829,6905,83036
"2010-09-01",6903,6903,6305,6504,224006
"2010-09-02",6502,6649,6346,6479,118187
"2010-09-03",6469,6649,6445,6593,91163
"2010-09-06",6608,6755,6387,6404,83647
"2010-09-07",6485,6723,6404,6536,109591
"2010-09-08",6665,6731,6535,6716,100216
"2010-09-09",6755,6862,6592,6675,88073
"2010-09-10",6691,6755,6494,6536,108687
"2010-09-13",6485,6625,6485,6577,78653
"2010-09-14",6551,6633,6355,6421,62073
"2010-09-15",6428,6469,6142,6282,87030
"2010-09-16",6199,6379,6199,6331,19438
"2010-09-17",6224,6338,6117,6233,96198
"2010-09-20",6436,6436,6142,6224,27093
"2010-09-24",6280,6363,6149,6307,36946
"2010-09-27",6322,6485,6322,6470,53538
"2010-09-28",6469,6526,6305,6339,43540
"2010-09-29",6363,6592,6305,6593,67798
"2010-09-30",6592,6961,6526,6765,121272
"2010-10-01",6845,6845,6674,6732,44870
"2010-10-04",6837,6871,6600,6667,45054
"2010-10-05",6707,6707,6526,6601,40927
"2010-10-06",6633,6715,6314,6339,124731
"2010-10-07",6363,6494,6305,6348,59960
"2010-10-08",6346,6387,6280,6307,32222
"2010-10-11",6411,6551,6297,6348,82865
"2010-10-12",6387,6387,5945,5987,146667
"2010-10-13",6027,6027,5854,5987,120486
"2010-10-14",6059,6264,5978,6208,67519
"2010-10-15",6264,6363,6142,6159,62560
"2010-10-18",6264,6272,6134,6192,73830
"2010-10-19",6190,6256,6117,6241,42367
"2010-10-20",6264,6297,6199,6299,40218
"2010-10-21",6355,6485,6289,6413,67288
"2010-10-22",6502,6502,6297,6413,48351
"2010-10-25",6494,6494,6158,6299,147615
"2010-10-26",6314,6331,5978,6094,158864
"2010-10-27",6092,6256,6075,6175,53165
"2010-10-28",6158,6272,6134,6216,59521
"2010-10-29",6199,6239,6084,6143,44405
"2010-11-01",6215,6665,6142,6356,152566
"2010-11-02",6363,6452,6272,6290,69520
"2010-11-03",6305,6560,6272,6511,101324
"2010-11-04",6649,6649,6469,6495,36471
"2010-11-05",6519,6592,6346,6389,43696
"2010-11-08",6411,6436,6289,6430,44442
"2010-11-09",6387,6707,6387,6675,149153
"2010-11-10",6715,6723,6551,6716,101566
"2010-11-11",6715,6740,6567,6635,48435
"2010-11-12",6657,6657,6231,6315,103336
"2010-11-15",6314,6314,5945,5954,108548
"2010-11-16",6059,6100,5954,6102,38765
"2010-11-17",6043,6100,5945,6102,33124
"2010-11-18",6027,6338,6027,6331,34052
"2010-11-19",6404,6404,6059,6134,57137
"2010-11-22",6142,6297,6051,6127,35457
"2010-11-23",6134,6134,5978,5995,42123
"2010-11-24",5732,6043,5732,5995,125305
"2010-11-25",5978,5995,5887,5938,18817
"2010-11-26",5937,5978,5691,5733,87157
"2010-11-29",5732,5871,5642,5774,38497
"2010-11-30",5732,5995,5732,5906,47067
"2010-12-01",6002,6059,5887,6053,18399
"2010-12-02",6051,6117,5986,6061,30735
"2010-12-03",6100,6100,5895,5898,43722
"2010-12-06",5978,5978,5765,5881,28729
"2010-12-07",5806,5887,5789,5807,27190
"2010-12-08",5847,5928,5798,5898,25945
"2010-12-09",5895,5937,5724,5839,29620
"2010-12-10",5839,5895,5774,5823,23491
"2010-12-13",5781,5879,5781,5791,17789
"2010-12-14",5798,5847,5789,5831,23845
"2010-12-15",5806,5895,5806,5898,34906
"2010-12-16",5887,5937,5814,5913,32049
"2010-12-17",5863,5969,5863,5898,18119
"2010-12-20",5854,5854,5707,5750,46872
"2010-12-21",5757,5912,5757,5873,17783
"2010-12-22",5871,5928,4994,5127,588201
"2010-12-23",5191,5191,4847,5012,193836
"2010-12-24",5012,5265,4921,5078,117908
"2010-12-27",5003,5183,5003,5078,34606
"2010-12-28",5061,5134,4912,4931,128370
"2010-12-29",4929,5134,4929,5127,31588
"2010-12-30",5126,5142,4953,5037,42878
"2011-01-03",5044,5174,4978,5160,53655
"2011-01-04",5241,5445,5167,5406,81305
"2011-01-05",5397,5445,5306,5365,36729
"2011-01-06",5355,5437,5257,5397,53185
"2011-01-07",5453,5470,5347,5447,25908
"2011-01-10",5347,5518,5347,5373,29432
"2011-01-11",5363,5462,5289,5357,33784
"2011-01-12",5330,5421,5241,5291,35658
"2011-01-13",5265,5371,4912,5078,247998
"2011-01-14",5077,5093,4912,4997,91925
"2011-01-17",5036,5061,4953,4988,53563
"2011-01-18",4986,5036,4929,4988,74111
"2011-01-19",4962,5053,4962,4988,39998
"2011-01-20",4986,5109,4986,5102,41133
"2011-01-21",5077,5109,4888,4997,39676
"2011-01-24",5061,5061,4962,5005,36612
"2011-01-25",5003,5061,4962,5037,48251
"2011-01-26",5036,5191,5036,5119,58174
"2011-01-27",5174,5486,5150,5455,158993
"2011-01-28",5503,5535,5338,5447,56347
"2011-01-31",5338,5429,5323,5348,54221
"2011-02-01",5404,5453,5257,5406,76101
"2011-02-07",5724,5732,5568,5651,100891
"2011-02-08",5650,5707,5470,5701,121954
"2011-02-09",5765,5765,5585,5651,48887
"2011-02-10",5601,5650,5568,5569,48154
"2011-02-11",5535,5724,5486,5488,67413
"2011-02-14",5470,5560,5404,5479,45064
"2011-02-15",5486,5691,5445,5594,33747
"2011-02-16",5601,6084,5601,5979,143619
"2011-02-17",6051,6109,5822,5938,90008
"2011-02-18",5978,6248,5928,6208,136263
"2011-02-21",6117,6633,6117,6504,170963
"2011-02-22",6428,6600,6314,6380,135811
"2011-02-23",6248,6445,6248,6430,94537
"2011-02-24",6460,6460,5978,5979,105366
"2011-02-25",5978,6084,5822,5938,88201
"2011-02-28",6059,6109,5879,6110,62048
"2011-03-02",6084,6379,6059,6192,98957
"2011-03-03",6190,6452,6190,6421,75356
"2011-03-04",6494,6526,6314,6404,88039
"2011-03-07",6404,6452,6224,6258,83719
"2011-03-08",6379,6535,6175,6192,152826
"2011-03-09",6224,6305,6134,6192,85380
"2011-03-10",6149,6272,6059,6183,36397
"2011-03-11",6027,6166,6002,6036,21215
"2011-03-14",6019,6043,5814,5930,46835
"2011-03-15",6027,6027,5642,5725,50717
"2011-03-16",5650,5912,5650,5906,30230
"2011-03-17",5887,5962,5814,5938,56812
"2011-03-18",6010,6075,5920,6061,31561
"2011-03-21",6117,6420,6117,6421,126650
"2011-03-22",6428,6511,6314,6389,89029
"2011-03-23",6355,6837,6297,6831,247964
"2011-03-24",6837,7100,6764,6945,186036
"2011-03-25",6961,6985,6657,6716,109116
"2011-03-28",6936,6936,6674,6757,51939
"2011-03-29",6836,6836,6584,6675,60659
"2011-03-30",6674,7067,6551,7044,170041
"2011-03-31",7042,7337,7001,7011,181528
"2011-04-01",7157,7157,6944,7085,75674
"2011-04-04",7370,7738,7190,7290,284003
"2011-04-05",7370,7665,7370,7617,188330
"2011-04-06",7599,7779,7493,7527,160642
"2011-04-07",7526,7697,7452,7518,118933
"2011-04-08",7534,7608,7461,7527,101284
"2011-04-11",7567,7574,7419,7485,100947
"2011-04-12",7558,7558,7198,7232,118680
"2011-04-13",7165,7452,7165,7208,124413
"2011-04-14",7214,7697,7198,7650,239733
"2011-04-15",7779,8763,7779,8763,539698
"2011-04-18",9581,10073,9336,10074,1703685
"2011-04-19",10564,11056,9950,10566,2443230
"2011-04-20",10564,12120,10113,11057,3700151
"2011-04-21",12120,12694,12038,12694,3678865
"2011-04-22",13185,14578,12899,14578,3408815
"2011-04-25",15070,15191,12570,13351,4807751
"2011-04-26",13185,14496,12611,14005,4909588
"2011-04-27",14414,14454,11916,11917,2136363
"2011-04-28",12080,12735,11301,12081,1404604
"2011-04-29",12202,12366,11384,11876,829645
"2011-05-02",11874,12611,11219,12614,1111073
"2011-05-03",12202,13431,11957,12614,1536382
"2011-05-04",12366,12898,11629,11713,734787
"2011-05-06",11465,11711,11097,11508,386524
"2011-05-09",11669,11874,11384,11384,312320
"2011-05-11",11384,11588,10318,10812,864064
"2011-05-12",10726,12407,10726,11589,1334104
"2011-05-13",11711,11711,10892,11139,590686
"2011-05-16",11260,11711,10892,11139,406979
"2011-05-17",11178,11548,10810,10894,322286
"2011-05-18",10850,11342,10564,11221,424829
"2011-05-19",11384,11384,10318,10361,384957
"2011-05-20",10359,10523,9826,10320,461918
"2011-05-23",10072,10400,9581,9624,291064
"2011-05-24",9417,9950,9417,9910,338270
"2011-05-25",9827,9991,9213,9255,391847
"2011-05-26",9376,10237,9376,9829,584349
"2011-05-27",9991,10401,9827,9993,380035
"2011-05-30",10073,10318,9909,9910,210046
"2011-05-31",9826,10113,9581,10074,425992
"2011-06-01",10073,11548,9991,11548,2008541
"2011-06-02",11260,12161,10851,11343,2184640
"2011-06-03",11465,11834,11137,11713,893667
"2011-06-07",11752,11997,10810,10894,816917
"2011-06-08",10933,11301,10687,11303,437156
"2011-06-09",11178,11424,10892,10975,326195
"2011-06-10",11178,11424,10769,10894,475764
"2011-06-13",10606,10850,10114,10238,334434
"2011-06-14",10237,10810,10155,10771,246321
"2011-06-15",10892,11137,10687,10975,202763
"2011-06-16",10687,10892,10442,10483,196296
"2011-06-17",10564,11384,10276,11384,613135
"2011-06-20",11384,11629,11097,11139,403137
"2011-06-21",11343,11424,10727,10812,392043
"2011-06-22",11015,11588,10851,11467,736798
"2011-06-23",11548,11669,11219,11221,544974
"2011-06-24",11097,11260,10647,10934,477952
"2011-06-27",10687,10727,10237,10320,432249
"2011-06-28",10482,10891,10482,10525,505138
"2011-06-29",10647,10727,9950,10197,507332
"2011-06-30",10236,10401,9908,10361,374113
"2011-07-01",10563,10727,10277,10525,396172
"2011-07-04",10933,11219,10647,10771,705043
"2011-07-05",10851,11056,10606,10975,275438
"2011-07-06",10974,12611,10851,12285,2784277
"2011-07-07",12243,12858,12080,12614,1321259
"2011-07-08",12694,13103,12202,12450,912118
"2011-07-11",12407,13103,12202,12450,911518
"2011-07-12",12202,12407,11711,11876,570601
"2011-07-13",12038,13636,12038,13636,1868303
"2011-07-14",14290,15642,13840,15644,2953775
"2011-07-15",15970,16789,15315,16257,3206048
"2011-07-18",16133,17567,15929,16954,1882822
"2011-07-19",16380,16912,16011,16668,1373210
"2011-07-20",17362,18918,14905,15111,4073007
"2011-07-21",15191,15683,14249,15316,2337421
"2011-07-22",15642,15683,14782,15235,1276610
"2011-07-25",14905,15888,14782,14906,1078979
"2011-07-26",15150,15929,14823,15931,930528
"2011-07-27",16092,16421,15642,16136,1017591
"2011-07-28",15765,16707,15724,16136,732075
"2011-07-29",16052,16297,15150,15152,683680
"2011-08-01",15520,17158,15315,16995,1771712
"2011-08-02",16953,18141,16461,17158,1648485
"2011-08-03",16584,17362,16421,17323,757715
"2011-08-04",17322,17485,15642,16053,953249
"2011-08-05",14619,15233,13840,14169,945107
"2011-08-08",13840,14660,12080,13105,1404905
"2011-08-09",12407,13431,11260,13146,1253512
"2011-08-10",14209,14496,13512,14047,978402
"2011-08-11",13103,15683,13103,14989,1602975
"2011-08-12",15520,15642,14169,14333,931023
"2011-08-16",15150,15683,14782,15194,839631
"2011-08-17",15561,16092,15356,15357,1026574
"2011-08-18",15520,15642,14578,14947,800248
"2011-08-19",14249,14373,13268,13268,718399
"2011-08-22",13144,13636,12817,13105,539177
"2011-08-23",13348,14045,13308,14005,591423
"2011-08-24",14290,14332,13268,13268,559310
"2011-08-25",13718,13881,13348,13391,325929
"2011-08-26",13348,14127,13268,14047,443288
"2011-08-29",14578,14700,14169,14578,646274
"2011-08-30",14741,14864,14332,14620,461319
"2011-08-31",14823,14864,14414,14866,473527
"2011-09-01",15111,15438,14332,14415,663520
"2011-09-02",14249,14905,14209,14825,526643
"2011-09-05",14414,14660,13512,13801,516574
"2011-09-06",13431,13881,12899,13146,441706
"2011-09-07",13595,14169,13472,14169,305856
"2011-09-08",14414,14578,13677,13678,220434
"2011-09-09",13799,13881,13308,13596,205729
"2011-09-14",13512,13677,12980,13023,238831
"2011-09-15",13431,13553,11874,12367,401809
"2011-09-16",12489,12776,12285,12490,529575
"2011-09-19",12694,13718,12694,13105,654337
"2011-09-20",13144,13553,12980,13556,287795
"2011-09-21",13512,14741,13512,14497,949243
"2011-09-22",14086,14619,13922,14497,778187
"2011-09-23",13677,14086,13185,13268,671029
"2011-09-26",13472,13636,11301,11303,1067545
"2011-09-27",11874,12326,11711,12326,579181
"2011-09-28",12406,13103,12038,12040,491964
"2011-09-29",12201,12694,12161,12655,509647
"2011-09-30",12735,12939,12448,12818,310818
"2011-10-04",11874,12202,11669,12122,409451
"2011-10-05",12285,12365,10687,10771,680636
"2011-10-06",11384,12366,11056,11999,750320
"2011-10-07",12489,13636,12407,12941,915814
"2011-10-10",13472,13636,13185,13432,469560
"2011-10-11",13799,13922,13144,13146,501720
"2011-10-12",13144,14414,13144,14415,822068
"2011-10-13",14741,15683,14373,14947,1084772
"2011-10-14",15150,15479,14782,15235,526405
"2011-10-17",15479,15520,14905,15111,481910
"2011-10-18",14741,14905,14414,14743,584233
"2011-10-19",15070,15396,14700,14947,663892
"2011-10-20",15191,15929,14578,14743,1258097
"2011-10-21",15150,15438,14741,15398,689920
"2011-10-24",15561,15929,15191,15398,675856
"2011-10-25",15520,15807,15070,15357,681693
"2011-10-26",15070,16543,15070,16545,1298160
"2011-10-27",16912,16994,16175,16299,943455
"2011-10-28",16461,16871,15765,15767,796900
"2011-10-31",15929,16380,15683,15767,407793
"2011-11-01",15520,16789,15479,16749,781450
"2011-11-02",16297,16953,15847,16708,842751
"2011-11-03",16749,16789,16011,16012,421835
"2011-11-04",16461,17034,16421,16790,705796
"2011-11-07",17199,17772,16953,17199,899612
"2011-11-08",17199,17362,16789,16831,408959
"2011-11-09",17117,17239,16297,16504,412613
"2011-11-10",15642,15807,14946,15111,790706
"2011-11-11",15561,16092,15274,15726,376305
"2011-11-14",16052,16380,15724,16053,514985
"2011-11-15",15847,15970,15356,15439,326783
"2011-11-16",15520,16216,15233,15235,378580
"2011-11-17",15520,15724,15191,15726,211272
"2011-11-18",15191,15438,15028,15070,306498
"2011-11-21",15070,15070,14537,14538,300535
"2011-11-22",14249,14905,14169,14866,289430
"2011-11-23",14946,14946,14169,14333,288126
"2011-11-24",14332,14741,14086,14743,235436
"2011-11-25",14496,14700,13922,14047,261640
"2011-11-28",14496,15561,14414,15398,722494
"2011-11-29",15479,15642,15150,15520,380092
"2011-11-30",15520,16011,15356,15603,473546
"2011-12-01",16297,16338,15765,15889,594951
"2011-12-02",15807,16707,15807,16627,652048
"2011-12-05",16830,16871,16461,16790,440374
"2011-12-06",16666,16830,16216,16340,352035
"2011-12-07",16502,16625,16052,16421,328050
"2011-12-08",16421,16421,16052,16094,219754
"2011-12-09",15724,16707,15601,16627,407921
"2011-12-12",17034,17444,16502,16627,760676
"2011-12-13",16297,16543,16052,16381,292434
"2011-12-14",16338,16421,15807,15807,340011
"2011-12-15",15520,15683,14946,15235,436532
"2011-12-16",15479,15683,15233,15603,182164
"2011-12-19",15315,15479,13922,14578,615728
"2011-12-20",14660,15028,14619,14947,233232
"2011-12-21",15274,15479,15070,15111,302128
"2011-12-22",15070,15150,14823,14906,214888
"2011-12-23",15191,15233,14864,15235,241664
"2011-12-26",15274,15315,14414,14456,641958
"2011-12-27",14004,14454,13348,14456,723292
"2011-12-28",14454,14741,14127,14333,244106
"2011-12-29",13922,14454,13922,14374,131187
"2012-01-02",14373,14496,14169,14333,126136
"2012-01-03",14414,14864,14414,14743,327492
"2012-01-04",14946,14987,14290,14333,216923
"2012-01-05",14454,14660,14127,14374,210706
"2012-01-06",14373,14414,13964,14128,213769
"2012-01-09",14004,14045,13718,13842,257415
"2012-01-10",14004,14578,13922,14538,275341
"2012-01-11",14741,14741,14209,14293,268060
"2012-01-12",14414,14454,14004,14210,184172
"2012-01-13",14290,14537,13964,14047,196813
"2012-01-16",13881,14004,13799,13965,173841
"2012-01-17",14169,14332,14004,14087,145271
"2012-01-18",14045,14660,13922,14456,406305
"2012-01-19",14782,14946,14454,14661,423586
"2012-01-20",14660,14741,14290,14538,236240
"2012-01-25",14454,14619,13964,14252,197233
"2012-01-26",14249,14414,14004,14128,180890
"2012-01-27",14086,14332,14045,14087,160831
"2012-01-30",14004,14169,13840,13924,155865
"2012-01-31",14004,14249,13922,14252,147820
"2012-02-01",14373,14660,14290,14497,309728
"2012-02-02",14741,14741,14290,14620,353040
"2012-02-03",14741,14741,14332,14497,199398
"2012-02-06",14619,15479,14373,15439,964113
"2012-02-07",15561,15683,15315,15520,569719
"2012-02-08",15765,16052,15520,15971,710438
"2012-02-09",15888,16216,15601,16217,434078
"2012-02-10",16133,16175,15520,15562,316614
"2012-02-13",15479,15642,15315,15603,215757
"2012-02-14",15724,16092,15642,15644,293114
"2012-02-15",15765,15765,15233,15480,248840
"2012-02-16",15479,15765,15111,15111,213748
"2012-02-17",15315,15356,15070,15235,174361
"2012-02-20",15396,15479,15028,15152,213972
"2012-02-21",15233,15356,14373,14661,439197
"2012-02-22",14496,14660,14004,14538,499425
"2012-02-23",14332,14537,14127,14252,256587
"2012-02-24",14290,14454,14209,14415,150454
"2012-02-27",14209,14290,13840,13842,299337
"2012-02-28",13840,14086,13799,13924,134755
"2012-02-29",14086,14209,13922,13965,187888
"2012-03-02",14004,14290,13922,14087,190664
"2012-03-05",14004,14249,13881,14128,142340
"2012-03-06",14127,14249,13553,14252,387762
"2012-03-07",13677,14086,13677,13924,131054
"2012-03-08",14045,14086,13799,13965,127771
"2012-03-09",14045,14332,13759,14293,163750
"2012-03-12",14169,14332,14004,14005,116957
"2012-03-13",14004,14619,14004,14620,348480
"2012-03-14",14619,14741,14454,14538,190311
"2012-03-15",14496,14537,14127,14374,162618
"2012-03-16",14373,14619,14086,14620,168697
"2012-03-19",14578,14578,14249,14456,130151
"2012-03-20",14249,14496,14004,14333,118666
"2012-03-21",14249,14249,13964,14210,137805
"2012-03-22",14086,14169,13840,13842,111681
"2012-03-23",13718,14045,13718,13965,65913
"2012-03-26",14045,14045,13472,13636,152735
"2012-03-27",13840,13840,13185,13351,206665
"2012-03-28",13227,13390,12776,12777,201539
"2012-03-29",12530,12735,12366,12531,152163
"2012-03-30",12448,12980,12448,12777,135058
"2012-04-02",12776,13022,12694,12694,72182
"2012-04-03",12899,12899,11916,12531,351401
"2012-04-04",12285,12407,11793,11835,201246
"2012-04-05",11629,11793,11384,11548,165955
"2012-04-06",11506,11998,11465,11754,102324
"2012-04-09",11547,11874,11137,11180,134256
"2012-04-10",11015,11343,10810,11057,124987
"2012-04-12",11056,11834,11056,11508,210936
"2012-04-13",11506,11793,11506,11713,120778
"2012-04-16",11465,11752,11343,11630,51423
"2012-04-17",11588,11834,11137,11303,182654
"2012-04-18",11548,11587,11137,11384,205912
"2012-04-19",11260,11343,10974,11016,187111
"2012-04-20",10891,10891,10277,10361,478329
"2012-04-23",10400,10523,10196,10279,142218
"2012-04-24",10073,10606,10032,10197,153267
"2012-04-25",10318,10359,10072,10115,97746
"2012-04-26",10318,10523,9705,9788,199759
"2012-04-27",9868,10196,9705,9788,196573
"2012-04-30",9826,9950,9131,9501,336871
"2012-05-02",9541,9868,9541,9664,256434
"2012-05-03",9827,10318,9622,10279,248546
"2012-05-04",10277,10687,10155,10688,235789
"2012-05-07",10523,10974,10523,10975,243376
"2012-05-08",10892,10932,10605,10730,174941
"2012-05-09",10523,11384,10441,11384,244214
"2012-05-10",11218,11669,11097,11508,243253
"2012-05-11",11465,11465,10851,10934,225735
"2012-05-14",11056,11056,10482,10647,103790
"2012-05-15",10441,10564,10196,10402,93051
"2012-05-16",10196,10687,9991,9993,123221
"2012-05-17",10032,10318,9949,10074,98927
"2012-05-18",9746,9991,9458,9664,225223
"2012-05-21",9664,9827,9417,9542,106361
"2012-05-22",9786,10359,9705,10361,141780
"2012-05-23",10276,10851,10073,10730,142206
"2012-05-24",10727,11137,10606,11139,154486
"2012-05-25",11097,11137,10891,11016,129019
"2012-05-29",11015,11178,10810,11016,99179
"2012-05-30",11056,11056,10523,10730,103261
"2012-05-31",10482,10727,10359,10730,111570
"2012-06-01",10647,10769,10442,10443,90099
"2012-06-04",9909,10032,8885,8887,887874
"2012-06-05",9008,9172,8599,8968,506857
"2012-06-07",9295,9417,9131,9132,240418
"2012-06-08",9172,9295,8967,9173,153426
"2012-06-11",9336,9580,9295,9542,166268
"2012-06-12",9336,9458,9254,9255,86217
"2012-06-13",9417,9500,9213,9420,120176
"2012-06-14",9376,9500,9172,9460,98803
"2012-06-15",9541,9541,9172,9214,76867
"2012-06-18",9540,9704,9417,9583,149999
"2012-06-19",9500,9622,9376,9460,99149
"2012-06-20",9664,9746,9541,9705,102806
"2012-06-21",9705,9868,9581,9788,98502
"2012-06-22",9541,9745,9500,9624,86814
"2012-06-25",9705,9705,9500,9542,53294
"2012-06-26",9417,9458,9295,9337,74849
"2012-06-27",9336,9336,9131,9296,79950
"2012-06-28",9336,9458,9295,9337,68257
"2012-06-29",9254,9541,9131,9501,70670
"2012-07-02",9746,10155,9581,9829,395940
"2012-07-03",9868,10073,9664,9993,198816
"2012-07-04",10073,10114,9786,9910,140287
"2012-07-05",9950,10032,9786,9870,94991
"2012-07-06",9909,9950,9664,9788,108436
"2012-07-09",9745,9909,9581,9788,81821
"2012-07-10",9705,9868,9664,9746,64420
"2012-07-11",9746,9786,9622,9705,77421
"2012-07-12",9705,9705,9254,9296,170698
"2012-07-13",9254,9295,8721,9214,166522
"2012-07-16",9295,9336,9090,9214,74171
"2012-07-17",9131,9786,9090,9664,204044
"2012-07-18",9745,9868,9458,9460,145490
"2012-07-19",9581,9705,9458,9460,93854
"2012-07-20",9500,9705,9458,9542,105368
"2012-07-23",9417,9417,9090,9296,138958
"2012-07-24",9090,9172,8885,9132,83785
"2012-07-25",8926,8967,8599,8682,157637
"2012-07-26",8599,8763,8558,8682,94292
"2012-07-27",8845,9090,8804,9092,81576
"2012-07-30",9254,9254,8926,8928,58110
"2012-07-31",8926,9008,8558,8804,488775
"2012-08-01",8680,8804,8639,8804,132632
"2012-08-02",8845,8845,8639,8641,106182
"2012-08-03",8599,8639,8435,8559,126014
"2012-08-06",8804,8885,8680,8804,144451
"2012-08-07",8885,9172,8763,9132,151620
"2012-08-08",9254,9254,9008,9009,135982
"2012-08-09",9008,9417,9008,9337,192802
"2012-08-10",9336,9336,9131,9255,115274
"2012-08-13",9336,9417,9172,9214,106242
"2012-08-14",9131,9336,9131,9337,150784
"2012-08-16",9295,9336,9131,9214,137435
"2012-08-17",9336,9868,9213,9829,512295
"2012-08-20",9950,9991,9704,9910,296189
"2012-08-21",10032,10400,9991,10115,489045
"2012-08-22",10031,10031,9746,9910,252626
"2012-08-23",9827,10155,9786,9993,268032
"2012-08-24",9868,9909,9664,9788,171546
"2012-08-27",9745,9868,9622,9624,190560
"2012-08-28",9664,9786,9458,9788,201664
"2012-08-29",9786,10113,9621,10074,316860
"2012-08-30",10114,10114,9827,9870,177354
"2012-08-31",9826,9950,9705,9788,148125
"2012-09-03",9827,9908,9664,9705,189479
"2012-09-04",9786,9786,9500,9624,183357
"2012-09-05",9581,9622,9254,9255,196809
"2012-09-06",9336,9336,9172,9214,114340
"2012-09-07",9458,9541,9295,9542,147170
"2012-09-10",9541,9746,9417,9705,179385
"2012-09-11",9867,10073,9827,9910,393168
"2012-09-12",9950,10114,9786,9951,300095
"2012-09-13",10032,10401,9991,10402,477449
"2012-09-14",10647,10687,10359,10443,418646
"2012-09-17",10523,10727,10482,10647,385758
"2012-09-18",10647,10892,10647,10730,307653
"2012-09-19",10727,10851,10523,10812,237151
"2012-09-20",10727,10769,10359,10361,268661
"2012-09-21",10482,10523,10155,10361,180623
"2012-09-24",10318,10810,10237,10812,251226
"2012-09-25",10769,10810,10564,10647,192597
"2012-09-26",10482,10687,10400,10443,150668
"2012-09-27",10277,10442,9991,10443,227737
"2012-09-28",10359,10482,10277,10443,110843
"2012-10-02",10482,10482,10277,10279,87590
"2012-10-04",10318,10318,10114,10238,117404
"2012-10-05",10237,10727,10237,10647,351301
"2012-10-08",10687,10933,10442,10483,251475
"2012-10-09",10442,10606,10359,10606,144711
"2012-10-10",10441,10441,10073,10074,217262
"2012-10-11",10032,10155,9786,9870,151027
"2012-10-12",9909,9950,9541,9624,156962
"2012-10-15",9581,9622,9172,9173,227559
"2012-10-16",9336,9458,9213,9337,90059
"2012-10-17",9417,9621,9336,9420,128926
"2012-10-18",9458,9541,8926,9051,146602
"2012-10-19",9008,9172,8926,9132,112342
"2012-10-22",8926,9090,8885,8968,125671
"2012-10-23",8926,9049,8885,8887,92368
"2012-10-24",8763,8926,8599,8928,140627
"2012-10-25",8926,8967,8680,8682,112082
"2012-10-26",8680,8804,8312,8313,152760
"2012-10-29",8312,8435,7804,7904,272482
"2012-10-30",7779,8033,7779,7921,103745
"2012-10-31",8009,8139,7779,7862,211260
"2012-11-01",7862,7862,7493,7494,247467
"2012-11-02",7574,7673,7411,7445,223475
"2012-11-05",7361,7697,7361,7461,223620
"2012-11-06",7461,7608,7461,7518,235610
"2012-11-07",7608,7886,7608,7633,368380
"2012-11-08",7558,7665,7436,7470,320437
"2012-11-09",7452,7550,7288,7290,304945
"2012-11-12",7288,7329,7124,7125,224250
"2012-11-13",7084,7206,6699,6740,390203
"2012-11-14",6805,6805,6511,6692,162256
"2012-11-15",6485,6657,6485,6659,98286
"2012-11-16",6608,6748,6560,6635,62633
"2012-11-19",6690,6837,6665,6823,77591
"2012-11-20",6854,7059,6854,6913,119985
"2012-11-21",6854,6887,6469,6511,234050
"2012-11-22",6560,6560,6387,6389,232512
"2012-11-23",6363,6445,6355,6446,99508
"2012-11-26",6535,6805,6485,6798,199534
"2012-11-27",6879,6879,6723,6855,123999
"2012-11-28",6772,6896,6764,6872,54550
"2012-11-29",6879,7001,6854,6913,129053
"2012-11-30",6952,6952,6796,6831,58590
"2012-12-03",6796,6796,6584,6626,159455
"2012-12-04",6616,6633,6494,6528,77591
"2012-12-05",6592,6616,6519,6577,70227
"2012-12-06",6469,6723,6469,6610,139616
"2012-12-07",6633,6723,6535,6618,92560
"2012-12-10",6600,6903,6575,6773,237913
"2012-12-11",6781,7402,6781,7331,889049
"2012-12-12",7452,7591,7329,7338,493149
"2012-12-13",7312,7534,7206,7535,334465
"2012-12-14",7526,7689,7461,7617,219760
"2012-12-17",7582,7608,7329,7371,213434
"2012-12-18",7370,7599,7288,7453,213021
"2012-12-20",7534,7641,7329,7371,185705
"2012-12-21",7444,7517,7165,7273,183031
"2012-12-24",7214,7419,7181,7355,128544
"2012-12-26",7337,7444,7206,7208,84960
"2012-12-27",7256,7297,7141,7281,76184
"2012-12-28",7329,7624,7222,7601,193579
"2013-01-02",7723,7747,7582,7650,166469
"2013-01-03",7714,7723,7427,7518,203982
"2013-01-04",7517,7517,7394,7470,163183
"2013-01-07",7477,7493,7386,7437,84602
"2013-01-08",7436,7641,7394,7576,163319
"2013-01-09",7574,7624,7461,7461,133105
"2013-01-10",7468,7853,7370,7789,404298
"2013-01-11",7877,7959,7657,7929,339776
"2013-01-14",7951,8173,7845,8150,413973
"2013-01-15",8230,8435,8058,8109,361416
"2013-01-16",8181,8230,6896,6896,752177
"2013-01-17",6551,6755,6494,6495,1221165
"2013-01-18",6633,6731,6567,6584,378293
"2013-01-21",6592,6682,6519,6528,287910
"2013-01-22",6567,6584,6411,6446,287195
"2013-01-23",6543,6764,6511,6618,274937
"2013-01-24",6682,6707,6543,6552,198391
"2013-01-25",6551,6567,6379,6495,178087
"2013-01-28",6535,6535,6395,6396,92847
"2013-01-29",6355,6411,6355,6404,122675
"2013-01-30",6404,6460,6363,6363,67473
"2013-01-31",6346,6445,6314,6315,119855
"2013-02-01",6314,6346,6142,6266,186863
"2013-02-04",6289,6322,6092,6127,101964
"2013-02-05",6051,6051,5789,5847,254409
"2013-02-06",5847,5879,5633,5766,211689
"2013-02-07",5781,5920,5732,5766,117192
"2013-02-08",5765,5879,5650,5815,129812
"2013-02-12",5774,5937,5774,5881,73227
"2013-02-13",5904,5986,5879,5954,100403
"2013-02-14",5920,6084,5895,6036,98409
"2013-02-15",6075,6084,5962,6061,65426
"2013-02-18",6043,6109,6019,6086,63586
"2013-02-19",6084,6100,5962,5995,127941
"2013-02-20",5978,6543,5928,6470,471155
"2013-02-21",6469,6485,6256,6307,163498
"2013-02-22",6387,6608,6322,6536,232290
"2013-02-25",6551,6560,6363,6430,107419
"2013-02-26",6445,6445,6280,6290,79975
"2013-02-27",6314,6445,6142,6159,130301
"2013-02-28",6231,6460,6224,6339,135638
"2013-03-04",6338,6543,6338,6470,134218
"2013-03-05",6469,6649,6460,6487,158618
"2013-03-06",6511,6592,6355,6356,115586
"2013-03-07",6428,6649,6363,6430,259026
"2013-03-08",6485,6485,6280,6356,111670
"2013-03-11",6355,6436,6207,6233,95968
"2013-03-12",6239,6305,6215,6224,72329
"2013-03-13",6264,6322,6190,6208,121661
"2013-03-14",6239,6314,6149,6200,110445
"2013-03-15",6207,6289,6183,6233,100408
"2013-03-18",6231,6231,6051,6053,122076
"2013-03-19",6059,6092,6002,6036,127013
"2013-03-20",6043,6092,5822,5856,148491
"2013-03-21",5945,5945,5806,5823,78266
"2013-03-22",5781,5945,5699,5774,132536
"2013-03-25",5830,5847,5715,5774,94807
"2013-03-26",5822,5962,5774,5906,87141
"2013-03-27",6035,6035,5847,5913,78088
"2013-03-28",5954,5995,5887,5954,70162
"2013-03-29",5969,6051,5962,5979,79678
"2013-04-01",5954,6002,5937,5963,46243
"2013-04-02",5954,5995,5822,5839,98190
"2013-04-03",5839,5945,5765,5807,61962
"2013-04-04",5774,5830,5633,5823,124964
"2013-04-05",5748,5839,5642,5701,88431
"2013-04-08",5699,5732,5625,5684,47263
"2013-04-09",5593,5691,5445,5562,102184
"2013-04-10",5527,5609,5527,5610,68024
"2013-04-11",5683,5683,5560,5643,47311
"2013-04-12",5724,5724,5511,5569,93013
"2013-04-15",5585,5585,5380,5479,141972
"2013-04-16",5371,5437,5306,5389,113022
"2013-04-17",5389,5478,5298,5365,70803
"2013-04-18",5363,5404,5241,5365,42914
"2013-04-19",5404,5404,5323,5357,30451
"2013-04-22",5355,5470,5323,5447,37920
"2013-04-23",5429,5518,5389,5496,52652
"2013-04-24",5527,5789,5527,5693,131044
"2013-04-25",5806,5806,5625,5627,69084
"2013-04-26",5618,5691,5601,5676,47574
"2013-04-29",5698,5698,5470,5488,78319
"2013-04-30",5551,5765,5486,5725,86760
"2013-05-02",5740,5740,5593,5643,93247
"2013-05-03",5691,5789,5674,5718,58004
"2013-05-06",5732,5879,5699,5774,117967
"2013-05-07",5798,5798,5699,5766,47019
"2013-05-08",5765,5937,5765,5889,155550
"2013-05-09",5920,6092,5887,6044,160911
"2013-05-10",6109,6117,5928,6019,102982
"2013-05-13",6019,6035,5887,5913,77130
"2013-05-14",5895,6035,5879,5979,61188
"2013-05-15",6002,6084,5969,6036,104752
"2013-05-16",6075,6075,5887,5946,75116
"2013-05-20",6019,6019,5806,5807,78972
"2013-05-21",5806,5839,5683,5798,135465
"2013-05-22",5814,5814,5650,5684,179220
"2013-05-23",5642,5740,5585,5610,99014
"2013-05-24",5593,5666,5593,5667,54627
"2013-05-27",5715,5715,5585,5627,77093
"2013-05-28",5601,5683,5511,5676,161766
"2013-05-29",5683,5740,5642,5718,94259
"2013-05-30",5732,5732,5618,5618,82165
"2013-05-31",5618,5618,5421,5422,311002
"2013-06-03",5397,5511,5388,5462,123008
"2013-06-04",5503,5503,5404,5504,56717
"2013-06-05",5503,5806,5503,5750,427202
"2013-06-07",5748,5748,5560,5627,159993
"2013-06-10",5625,5740,5625,5676,72009
"2013-06-11",5674,5707,5527,5569,88332
"2013-06-12",5568,5618,5527,5577,56653
"2013-06-13",5527,5650,5404,5529,83373
"2013-06-14",5568,6264,5511,6224,1468951
"2013-06-17",6338,7034,6183,6872,2403122
"2013-06-18",6813,7117,6649,6978,994357
"2013-06-19",6993,7517,6903,7453,1289595
"2013-06-20",7272,7853,7272,7453,1131107
"2013-06-21",7288,7673,7256,7453,679150
"2013-06-24",7542,7738,7370,7502,505619
"2013-06-25",7526,7984,6896,7347,1239977
"2013-06-26",7567,7697,7165,7297,471278
"2013-06-27",7493,7574,7297,7388,514601
"2013-06-28",7452,7845,7321,7846,1022230
"2013-07-01",7927,7993,7641,7821,714843
"2013-07-02",7779,8475,7673,8313,1236902
"2013-07-03",8271,8394,8042,8043,711687
"2013-07-04",8091,8312,7967,8067,549179
"2013-07-05",8181,8189,7779,7855,534804
"2013-07-08",7821,8066,7624,7765,386839
"2013-07-09",7877,8721,7641,8436,1684463
"2013-07-10",8558,8639,8312,8478,587888
"2013-07-11",8516,9254,8475,8763,1313505
"2013-07-12",8885,9295,8763,9092,792105
"2013-07-15",9172,9786,8845,9132,1501039
"2013-07-16",9172,9172,8721,9092,882945
"2013-07-17",8599,8967,8516,8723,868569
"2013-07-18",8804,8967,8639,8641,567479
"2013-07-19",8721,8804,8312,8478,699470
"2013-07-22",8516,8599,8271,8478,488909
"2013-07-23",8516,8763,8475,8600,556720
"2013-07-24",8599,8926,8353,8804,792761
"2013-07-25",8926,9295,8845,8968,1007768
"2013-07-26",9008,9131,8763,8846,444821
"2013-07-29",9008,9254,8926,9132,512101
"2013-07-30",9172,9254,9008,9092,353829
"2013-07-31",9213,9541,9090,9337,543709
"2013-08-01",9458,9786,9376,9705,549155
"2013-08-02",9827,9827,9458,9542,382999
"2013-08-05",9664,9664,9254,9296,298588
"2013-08-06",9541,9705,9458,9664,353113
"2013-08-07",9622,9622,9131,9173,339783
"2013-08-08",9458,9827,9295,9420,929310
"2013-08-09",9500,9500,9090,9255,383245
"2013-08-12",9172,9213,8599,8723,534879
"2013-08-13",8599,8680,8181,8354,780172
"2013-08-14",8312,8475,8271,8354,305355
"2013-08-16",8189,8435,8181,8354,255270
"2013-08-19",8435,8721,8353,8518,362127
"2013-08-20",8516,8516,7976,7977,404953
"2013-08-21",7984,8394,7821,8313,387394
"2013-08-22",8132,8271,7886,8067,283542
"2013-08-23",8230,8435,8107,8109,350995
"2013-08-26",8173,8845,8173,8723,588376
"2013-08-27",8639,8845,8353,8395,331943
"2013-08-28",8181,8353,8123,8191,258512
"2013-08-29",8271,8394,8050,8051,221095
"2013-08-30",8033,8230,7984,8043,195885
"2013-09-02",8147,8181,8025,8101,131198
"2013-09-03",8181,8271,8042,8067,219799
"2013-09-04",8123,8123,7673,7741,477346
"2013-09-05",7738,7870,7689,7732,190950
"2013-09-06",7738,7813,7370,7396,459594
"2013-09-09",7452,7730,7436,7732,359450
"2013-09-10",7673,7762,7633,7748,219378
"2013-09-11",7796,8066,7682,7986,289642
"2013-09-12",7993,8018,7755,7814,178436
"2013-09-13",7779,8435,7779,8354,716971
"2013-09-16",8271,8845,8230,8804,595808
"2013-09-17",8721,9131,8639,8928,360694
"2013-09-23",9131,9336,8845,9009,370958
"2013-09-24",9008,9213,8721,8804,200997
"2013-09-25",8845,9541,8845,9173,716866
"2013-09-26",9254,9458,9008,9296,389084
"2013-09-27",9458,9581,9254,9420,232551
"2013-09-30",9500,9581,9254,9255,176578
"2013-10-01",9172,9500,8885,9092,304858
"2013-10-02",9172,9213,8763,8968,291507
"2013-10-04",8680,8804,8475,8723,322811
"2013-10-07",8763,8845,8353,8395,206179
"2013-10-08",8271,9090,8230,9051,268673
"2013-10-10",8885,9295,8885,9051,215022
"2013-10-11",9172,9213,8721,8763,253716
"2013-10-14",8763,8885,8516,8804,126289
"2013-10-15",8885,8926,8516,8641,131169
"2013-10-16",8599,8763,8156,8354,263559
"2013-10-17",8394,8475,8018,8092,273583
"2013-10-18",8050,8394,7911,8395,170644
"2013-10-21",8475,8475,8181,8191,133220
"2013-10-22",8189,8353,8147,8166,104248
"2013-10-23",8156,8156,7877,7887,158190
"2013-10-24",7943,8042,7796,8043,91906
"2013-10-25",8050,8099,7862,8027,105953
"2013-10-28",8009,8083,7771,7797,148204
"2013-10-29",7821,7951,7738,7781,118441
"2013-10-30",7837,8091,7779,8027,159469
"2013-10-31",7951,8018,7903,7912,60391
"2013-11-01",7911,8099,7903,7912,83222
"2013-11-04",7927,7927,7804,7806,56791
"2013-11-05",7870,7943,7682,7682,95815
"2013-11-06",7616,7706,7370,7470,129256
"2013-11-07",7468,7574,7419,7461,62496
"2013-11-08",7370,7477,6715,6880,277208
"2013-11-11",6805,6928,6674,6692,133111
"2013-11-12",6796,6903,6691,6765,79319
"2013-11-13",6740,6813,6665,6667,67404
"2013-11-14",6715,6788,6477,6577,105201
"2013-11-15",6543,7059,6469,6847,246472
"2013-11-18",6845,6944,6190,6208,283152
"2013-11-19",6084,6280,6084,6233,164077
"2013-11-20",6297,6796,6280,6675,238589
"2013-11-21",6674,6748,6560,6692,67170
"2013-11-22",6715,6715,6502,6684,49291
"2013-11-25",6640,6788,6543,6626,77307
"2013-11-26",6665,6805,6543,6543,116517
"2013-11-27",6551,6625,6387,6479,79618
"2013-11-28",6485,6781,6485,6560,95313
"2013-11-29",6592,6616,6502,6519,42843
"2013-12-02",6519,6543,6331,6348,66895
"2013-12-03",6314,6404,6272,6274,46043
"2013-12-04",6289,6551,6289,6372,79666
"2013-12-05",6338,6371,6175,6258,71555
"2013-12-06",6207,6305,6190,6282,47151
"2013-12-09",6248,6331,6166,6168,26245
"2013-12-10",6092,6149,5954,6019,89885
"2013-12-11",6092,6092,5854,5922,78390
"2013-12-12",5895,5895,5707,5733,78357
"2013-12-13",5724,5962,5724,5946,80203
"2013-12-16",5945,5969,5732,5733,95710
"2013-12-17",5814,5814,5593,5618,70424
"2013-12-18",5650,6059,5601,5938,256467
"2013-12-19",5912,6019,5871,5913,72143
"2013-12-20",5928,6010,5854,5938,45032
"2013-12-23",5986,5986,5781,5798,127680
"2013-12-24",5822,5863,5765,5791,77663
"2013-12-26",5839,5863,5765,5791,79166
"2013-12-27",5757,5854,5757,5791,130214
"2013-12-30",5814,5871,5781,5873,216277
"2014-01-02",5920,5954,5789,5798,150965
"2014-01-03",5774,5830,5609,5693,139915
"2014-01-06",5691,5789,5691,5774,57885
"2014-01-07",5724,5887,5724,5865,86765
"2014-01-08",5854,6059,5830,5987,157615
"2014-01-09",5995,6239,5986,6192,210030
"2014-01-10",6183,6305,6059,6159,119180
"2014-01-13",6149,6305,6100,6192,111107
"2014-01-14",6190,6248,6142,6192,75956
"2014-01-15",6338,6420,6264,6282,150867
"2014-01-16",6297,6322,6125,6134,99001
"2014-01-17",6183,6183,6002,6094,104164
"2014-01-20",6027,6092,5871,5898,124741
"2014-01-21",5847,5920,5822,5865,132054
"2014-01-22",5895,5978,5863,5954,84746
"2014-01-23",5954,6289,5871,6078,377602
"2014-01-24",6059,6075,5854,5898,133694
"2014-01-27",5724,5757,5666,5701,111566
"2014-01-28",5699,5757,5691,5718,63862
"2014-01-29",5724,5798,5715,5725,45838
"2014-02-03",5683,5765,5674,5676,72933
"2014-02-04",5650,5650,5511,5569,105960
"2014-02-05",5601,5625,5486,5488,75137
"2014-02-06",5503,5585,5486,5537,71169
"2014-02-07",5543,5609,5503,5513,57166
"2014-02-10",5494,5674,5494,5651,69082
"2014-02-11",5691,6215,5691,6003,332419
"2014-02-12",6149,6149,5986,6078,103503
"2014-02-13",6068,6084,5962,6086,114660
"2014-02-14",6084,6239,6027,6143,131007
"2014-02-17",6142,6175,6027,6028,80088
"2014-02-18",6002,6166,6002,6168,74494
"2014-02-19",6215,6657,6166,6552,281312
"2014-02-20",6551,6772,6387,6536,188173
"2014-02-21",6665,6699,6436,6446,90182
"2014-02-24",6551,6551,6224,6224,125425
"2014-02-25",6322,6460,6297,6446,69794
"2014-02-26",6502,6649,6436,6511,134554
"2014-02-27",6551,6600,6436,6552,66941
"2014-02-28",6567,6584,6395,6438,69397
"2014-03-03",6395,6511,6371,6470,62513
"2014-03-04",6395,6485,6338,6413,87420
"2014-03-05",6411,6485,6363,6396,72791
"2014-03-06",6395,6428,6338,6380,57804
"2014-03-07",6387,6519,6338,6363,88771
"2014-03-10",6371,6511,6305,6331,52000
"2014-03-11",6289,6460,6289,6413,62994
"2014-03-12",6436,6436,6166,6216,126722
"2014-03-13",6280,6280,6109,6183,78173
"2014-03-14",6068,6092,5969,5995,165382
"2014-03-17",5969,6027,5789,5807,110197
"2014-03-18",5847,5937,5830,5930,55467
"2014-03-19",5937,6175,5937,6078,117822
"2014-03-20",6059,6100,5962,6102,58399
"2014-03-21",6125,6469,6035,6356,231814
"2014-03-24",6314,6674,6314,6675,373778
"2014-03-25",6748,6755,6322,6348,384531
"2014-03-26",6387,6575,6289,6290,182656
"2014-03-27",6346,6346,6109,6110,112626
"2014-03-28",6068,6256,6059,6208,61643
"2014-03-31",6207,6355,6142,6233,54021
"2014-04-01",6305,6305,6183,6249,42199
"2014-04-02",6256,6355,6248,6290,62662
"2014-04-03",6305,6322,6142,6143,99295
"2014-04-04",6158,6207,6059,6102,64719
"2014-04-07",6134,6134,6019,6028,65346
"2014-04-08",5986,6019,5928,6003,61847
"2014-04-09",6010,6125,5962,6094,43073
"2014-04-10",6109,6125,6019,6086,39994
"2014-04-11",5978,6027,5937,6012,67056
"2014-04-14",5978,6002,5814,5906,144632
"2014-04-15",5904,5962,5895,5913,40999
"2014-04-16",5962,5986,5895,5913,67704
"2014-04-17",5928,5969,5895,5971,39631
"2014-04-18",5969,6109,5928,6078,54724
"2014-04-21",6043,6149,6027,6078,44528
"2014-04-22",6100,6100,5995,6028,48731
"2014-04-23",5986,6068,5904,5906,61452
"2014-04-24",5904,5937,5806,5856,58212
"2014-04-25",6010,6715,5986,6168,1902941
"2014-04-28",6149,6149,5871,5873,465736
"2014-04-29",5879,5904,5748,5766,221307
"2014-04-30",5814,5854,5774,5774,85771
"2014-05-02",5774,5830,5765,5815,73592
"2014-05-07",5814,5847,5707,5709,93446
"2014-05-08",5691,5732,5625,5651,70271
"2014-05-09",5625,5683,5585,5651,87824
"2014-05-12",5650,5683,5609,5610,47380
"2014-05-13",5609,5707,5609,5676,37234
"2014-05-14",5715,5774,5659,5709,48951
"2014-05-15",5707,5757,5666,5676,28246
"2014-05-16",5659,5715,5642,5659,32358
"2014-05-19",5748,5748,5601,5610,45822
"2014-05-20",5609,5633,5503,5545,66867
"2014-05-21",5568,5659,5511,5627,27142
"2014-05-22",5707,5707,5585,5610,28760
"2014-05-23",5618,5674,5601,5627,32672
"2014-05-26",5633,5798,5625,5725,54073
"2014-05-27",5765,5774,5650,5693,33267
"2014-05-28",5674,5774,5674,5718,60942
"2014-05-29",5698,5724,5601,5603,65487
"2014-05-30",5593,5609,5486,5496,58507
"2014-06-02",5478,5527,5347,5348,79820
"2014-06-03",5347,5429,5273,5307,56608
"2014-06-05",5289,5330,5257,5267,44827
"2014-06-09",5265,5470,5265,5471,48112
"2014-06-10",5413,5535,5413,5496,25513
"2014-06-11",5453,5551,5453,5529,16422
"2014-06-12",5486,5551,5445,5513,23647
"2014-06-13",5478,5535,5404,5406,46652
"2014-06-16",5518,5674,5413,5676,30818
"2014-06-17",5691,6059,5642,5774,331717
"2014-06-18",5774,5895,5698,5701,101340
"2014-06-19",5707,5789,5650,5676,62285
"2014-06-20",5659,5707,5404,5496,110437
"2014-06-23",5503,5609,5445,5447,56792
"2014-06-24",5429,5470,5314,5324,81569
"2014-06-25",5241,5298,5200,5226,150328
"2014-06-26",5289,5298,5224,5250,39164
"2014-06-27",5249,5298,5216,5267,78241
"2014-06-30",5233,5347,5233,5316,41223
"2014-07-01",5314,5389,5298,5389,33139
"2014-07-02",5445,5445,5338,5447,56175
"2014-07-03",5462,5535,5453,5462,22452
"2014-07-04",5462,5527,5429,5462,50785
"2014-07-07",5478,5494,5413,5447,40450
"2014-07-08",5445,5486,5404,5447,30949
"2014-07-09",5445,5486,5397,5430,36809
"2014-07-10",5486,5518,5421,5462,23183
"2014-07-11",5462,5462,5338,5341,42069
"2014-07-14",5338,5511,5338,5496,47242
"2014-07-15",5462,5551,5462,5545,51991
"2014-07-16",5543,5798,5543,5693,141799
"2014-07-17",5659,5715,5609,5667,64191
"2014-07-18",5642,5642,5568,5618,44507
"2014-07-21",5650,5715,5601,5610,35445
"2014-07-22",5650,5650,5577,5627,24265
"2014-07-23",5609,5698,5609,5651,37157
"2014-07-24",5854,6019,5625,5635,274366
"2014-07-25",5609,5699,5511,5521,76894
"2014-07-28",5518,5577,5421,5447,61051
"2014-07-29",5413,5486,5363,5397,67867
"2014-07-30",5429,5437,5306,5348,74917
"2014-07-31",5347,5380,5224,5267,114771
"2014-08-01",5241,5421,5224,5422,45413
"2014-08-04",5445,5618,5371,5594,89351
"2014-08-05",5543,5740,5543,5618,112077
"2014-08-06",5625,5707,5551,5586,61557
"2014-08-07",5577,5683,5543,5627,43936
"2014-08-08",5577,5633,5478,5521,58120
"2014-08-11",5527,5609,5511,5594,21976
"2014-08-12",5568,5625,5494,5586,31764
"2014-08-13",5585,5618,5486,5521,24417
"2014-08-14",5494,5535,5445,5521,33929
"2014-08-18",5609,5609,5486,5504,23226
"2014-08-19",5503,5518,5404,5422,39438
"2014-08-20",5421,5486,5380,5397,23768
"2014-08-21",5380,5445,5347,5373,29432
"2014-08-22",5330,5330,4864,5136,243485
"2014-08-25",5093,5158,5061,5094,67679
"2014-08-26",5061,5167,5061,5168,24350
"2014-08-27",5109,5191,5077,5078,40382
"2014-08-28",5028,5134,5028,5119,40993
"2014-08-29",5077,5118,5044,5061,38620
"2014-09-01",5061,5158,5028,5102,30804
"2014-09-02",5101,5101,5036,5061,16301
"2014-09-03",5044,5085,4897,4997,61532
"2014-09-04",4953,5077,4946,4964,30942
"2014-09-05",4929,5020,4912,4980,37755
"2014-09-11",4994,5012,4937,4997,18509
"2014-09-12",4962,4994,4921,4980,28146
"2014-09-15",4970,4970,4912,4947,17888
"2014-09-16",4921,4986,4864,4964,32702
"2014-09-17",4921,4986,4880,4971,32067
"2014-09-18",4929,4962,4912,4947,22180
"2014-09-19",4921,4978,4912,4931,52310
"2014-09-22",4946,4962,4912,4939,29677
"2014-09-23",4929,4953,4873,4906,30522
"2014-09-24",4888,4905,4856,4897,36673
"2014-09-25",4880,4921,4832,4856,45286
"2014-09-26",4814,4888,4814,4856,13080
"2014-09-29",4847,4873,4667,4709,83507
"2014-09-30",4643,4708,4422,4423,116123
"2014-10-01",4388,4479,4184,4267,91677
"2014-10-02",4192,4405,4192,4374,56097
"2014-10-06",4388,4528,4388,4472,45227
"2014-10-07",4446,4593,4413,4455,29751
"2014-10-08",4422,4496,4340,4455,19727
"2014-10-10",4381,4471,4364,4423,24021
"2014-10-13",4381,4536,4340,4406,35915
"2014-10-14",4323,4438,4323,4406,17476
"2014-10-15",4381,4462,4340,4382,10025
"2014-10-16",4323,4340,4208,4275,29860
"2014-10-17",4291,4396,4160,4292,39001
"2014-10-20",4266,4340,4258,4275,13807
"2014-10-21",4274,4331,4225,4226,13959
"2014-10-22",4240,4340,4240,4308,18186
"2014-10-23",4266,4340,4240,4259,13460
"2014-10-24",4323,4331,4094,4177,45645
"2014-10-27",4200,4216,4094,4160,30408
"2014-10-28",4119,4184,4086,4111,24501
"2014-10-29",4111,4192,4094,4169,44587
"2014-10-30",4143,4192,4119,4160,9857
"2014-10-31",4151,4192,4102,4169,23812
"2014-11-03",4126,4167,4094,4152,17837
"2014-11-04",4111,4151,4052,4087,42354
"2014-11-05",4061,4126,4020,4063,25317
"2014-11-06",4033,4089,3987,4026,29221
"2014-11-07",3967,4094,3967,4091,25708
"2014-11-10",4094,4249,4061,4211,25105
"2014-11-11",4240,4249,4160,4219,11999
"2014-11-12",4216,4249,4135,4235,29516
"2014-11-13",4258,4282,4225,4243,25860
"2014-11-14",4208,4216,4143,4177,19906
"2014-11-17",4176,4315,4151,4300,34718
"2014-11-18",4240,4315,4225,4284,21169
"2014-11-19",4315,4315,4094,4169,62092
"2014-11-20",4176,4176,4052,4082,36482
"2014-11-21",4082,4151,4041,4091,15878
"2014-11-24",4143,4299,4143,4185,46851
"2014-11-25",4192,4307,4184,4243,32216
"2014-11-26",4240,4258,4200,4226,10025
"2014-11-27",4323,4340,4184,4308,62174
"2014-11-28",4291,4323,4200,4292,26472
"2014-12-01",4233,4291,4167,4177,31641
"2014-12-02",4176,4225,4135,4219,12935
"2014-12-03",4216,4282,4167,4219,28365
"2014-12-04",4216,4299,4192,4194,22828
"2014-12-05",4192,4240,4151,4194,39821
"2014-12-08",4192,4315,4192,4259,58753
"2014-12-09",4233,4299,4176,4226,33360
"2014-12-10",4225,4258,4111,4128,38607
"2014-12-11",4102,4160,4073,4095,36047
"2014-12-12",4094,4176,4000,4055,40164
"2014-12-15",3996,4057,3971,4005,13010
"2014-12-16",4004,4061,3958,3985,19729
"2014-12-17",4004,4036,3958,4014,23534
"2014-12-18",4011,4045,3889,3907,45702
"2014-12-19",3931,4000,3856,3894,23339
"2014-12-22",3872,3926,3856,3894,24795
"2014-12-23",3881,3898,3807,3829,37878
"2014-12-24",3828,3831,3758,3768,37151
"2014-12-26",3831,3922,3803,3894,27643
"2014-12-29",3893,4020,3828,3953,37111
"2014-12-30",3946,4004,3898,3931,19679
"2015-01-02",3931,3931,3853,3890,13305
"2015-01-05",3848,4004,3807,3829,27709
"2015-01-06",3783,3901,3766,3772,18052
"2015-01-07",3877,3877,3734,3759,32288
"2015-01-08",3766,4049,3734,3899,40787
"2015-01-09",3848,3914,3828,3875,16424
"2015-01-12",3848,4036,3848,4026,75951
"2015-01-13",4061,4061,3963,3989,39985
"2015-01-14",3926,4011,3926,3993,19514
"2015-01-15",4011,4011,3946,3985,19495
"2015-01-16",3963,3979,3828,3837,37264
"2015-01-19",3922,3926,3762,3784,69132
"2015-01-20",3783,3856,3775,3808,26088
"2015-01-21",3783,3795,3721,3768,73439
"2015-01-22",3795,3848,3783,3792,23921
"2015-01-23",3795,3861,3775,3788,40844
"2015-01-26",3762,3790,3742,3768,48784
"2015-01-27",3766,3799,3750,3780,27446
"2015-01-28",3766,4089,3766,4022,150578
"2015-01-29",4020,4073,3967,4009,55907
"2015-01-30",4009,4009,3946,3989,26824
"2015-02-02",3992,4160,3975,4120,56888
"2015-02-03",4135,4135,4036,4095,39101
"2015-02-04",4094,4151,4024,4104,48265
"2015-02-05",4143,4143,4073,4104,26228
"2015-02-06",4094,4119,3992,4033,34672
"2015-02-09",4033,4033,3946,3968,48801
"2015-02-10",3931,3950,3856,3875,34803
"2015-02-11",3872,3931,3820,3911,31885
"2015-02-12",3926,3926,3848,3866,21422
"2015-02-13",3881,3963,3877,3911,19011
"2015-02-16",3909,4061,3909,4009,36547
"2015-02-17",4020,4073,4000,4022,23156
"2015-02-23",4094,4094,4024,4063,30595
"2015-02-24",4036,4086,4036,4082,40104
"2015-02-25",4082,4249,4082,4219,133169
"2015-02-26",4208,4340,4151,4340,92338
"2015-02-27",4323,4323,4184,4235,97931
"2015-03-02",4216,4340,4216,4267,80217
"2015-03-03",4331,4569,4299,4505,156296
"2015-03-04",4552,4552,4340,4399,91131
"2015-03-05",4422,4462,4315,4399,53998
"2015-03-06",4405,4479,4356,4455,39622
"2015-03-09",4429,4455,4315,4374,28528
"2015-03-10",4372,4372,4192,4251,58595
"2015-03-11",4208,4258,4151,4211,47110
"2015-03-12",4249,4266,4184,4235,38612
"2015-03-13",4216,4274,4192,4226,37617
"2015-03-16",4216,4240,4167,4194,54981
"2015-03-17",4208,4240,4176,4211,57413
"2015-03-18",4274,4274,4069,4104,85756
"2015-03-19",4111,4167,4069,4111,55445
"2015-03-20",4184,4413,4184,4391,360002
"2015-03-23",4438,4438,4299,4340,97051
"2015-03-24",4299,4422,4282,4325,53125
"2015-03-25",4340,4372,4266,4308,50879
"2015-03-26",4307,4348,4258,4308,54676
"2015-03-27",4331,4340,4233,4259,73338
"2015-03-30",4299,4299,4151,4235,58229
"2015-03-31",4274,4299,4176,4251,58340
"2015-04-01",4249,4258,4126,4177,58326
"2015-04-02",4176,4233,4102,4111,65941
"2015-04-03",4143,4200,4094,4202,58701
"2015-04-06",4200,4823,4167,4824,633802
"2015-04-07",5020,5028,4700,4832,424361
"2015-04-08",4864,4905,4757,4832,129677
"2015-04-09",4888,5142,4790,5078,217556
"2015-04-10",5077,5134,4912,4988,149750
"2015-04-13",4986,5036,4839,4841,158713
"2015-04-14",4912,5314,4798,5111,401664
"2015-04-15",5109,5314,5077,5144,127297
"2015-04-16",5142,5200,5012,5086,110725
"2015-04-17",5036,5109,4994,5102,63060
"2015-04-20",5036,5101,4912,5078,79385
"2015-04-21",5150,5150,4921,4947,116310
"2015-04-22",5003,5036,4708,4865,145402
"2015-04-23",4864,4888,4741,4742,92346
"2015-04-24",4823,4832,4479,4603,132259
"2015-04-27",4585,4651,4544,4628,63803
"2015-04-28",4626,4749,4602,4751,61100
"2015-04-29",4708,4749,4503,4554,99237
"2015-04-30",4576,4576,4405,4406,79152
"2015-05-04",4405,4471,4240,4243,91024
"2015-05-06",4216,4323,4200,4251,49655
"2015-05-07",4249,4249,4078,4235,73992
"2015-05-08",4233,4258,4151,4259,35117
"2015-05-11",4258,4479,4258,4447,72793
"2015-05-12",4422,4487,4340,4374,33160
"2015-05-13",4372,4405,4258,4365,44101
"2015-05-14",4364,4364,4266,4316,31940
"2015-05-15",4340,4356,4216,4292,51855
"2015-05-18",4216,4233,4086,4095,115669
"2015-05-19",4135,4184,4061,4169,65119
"2015-05-20",4119,4167,4094,4128,45710
"2015-05-21",4126,4151,4073,4111,43768
"2015-05-22",4086,4249,4086,4202,44728
"2015-05-26",4167,4225,4119,4219,51825
"2015-05-27",4151,4216,4111,4152,40077
"2015-05-28",4160,4773,4160,4635,423860
"2015-05-29",4659,4790,4593,4652,171005
"2015-06-01",4659,4717,4503,4571,97429
"2015-06-02",4512,4569,4331,4423,81034
"2015-06-03",4487,4569,4315,4545,74243
"2015-06-04",4512,4520,4381,4431,91334
"2015-06-05",4348,4496,4348,4406,50303
"2015-06-08",4323,4429,4282,4415,66552
"2015-06-09",4388,4676,4388,4668,92057
"2015-06-10",4667,4962,4626,4890,180283
"2015-06-11",4888,5061,4806,4824,165383
"2015-06-12",4970,5044,4708,4931,161918
"2015-06-15",4905,4905,4643,4644,98316
"2015-06-16",4626,4765,4479,4545,69635
"2015-06-17",4544,4749,4446,4751,105824
"2015-06-18",4773,4773,4576,4701,67980
"2015-06-19",4708,4749,4602,4709,67363
"2015-06-22",4798,5036,4717,5037,277563
"2015-06-23",5061,5093,4946,5061,143759
"2015-06-24",5061,5158,5012,5144,189370
"2015-06-25",5126,5453,5085,5299,150375
"2015-06-26",5314,5421,5085,5258,144414
"2015-06-29",4970,5158,4921,5111,124820
"2015-06-30",5077,5174,4946,5177,94961
"2015-07-01",5093,5306,5093,5160,71097
"2015-07-02",5200,5233,5061,5070,83236
"2015-07-03",5068,5150,4970,5152,77252
"2015-07-06",5142,5200,4953,5029,82365
"2015-07-07",5028,5053,4798,4832,73553
"2015-07-08",4832,4946,4741,4824,42396
"2015-07-09",4717,4814,4643,4717,68462
"2015-07-10",4684,4823,4684,4776,45463
"2015-07-13",4724,5061,4692,5037,64455
"2015-07-14",5012,5167,5012,5070,46751
"2015-07-15",5036,5085,4839,4906,107184
"2015-07-16",4953,4978,4832,4971,27632
"2015-07-17",4978,4978,4839,4939,39607
"2015-07-20",4897,4953,4873,4922,43023
"2015-07-21",5003,5003,4856,4906,36630
"2015-07-22",4905,4953,4814,4906,55571
"2015-07-23",4880,5241,4880,5241,121576
"2015-07-24",5249,5282,5126,5241,94939
"2015-07-27",5282,5920,5191,5733,456438
"2015-07-28",5650,5839,5388,5651,204252
"2015-07-29",5691,5691,4953,5021,472893
"2015-07-30",4847,5053,4773,4776,147721
"2015-07-31",4832,4912,4585,4676,88077
"2015-08-03",4667,4814,4462,4545,95758
"2015-08-04",4340,4651,4340,4537,70676
"2015-08-05",4528,4602,4479,4587,53862
"2015-08-06",4617,4617,4438,4472,72905
"2015-08-07",4471,4544,4396,4545,42077
"2015-08-10",4544,4544,4372,4374,100587
"2015-08-11",4372,4479,4340,4340,51943
"2015-08-12",4274,4315,4102,4177,79400
"2015-08-13",4176,4331,4135,4292,28852
"2015-08-17",4274,4299,4184,4259,21239
"2015-08-18",4274,4274,4135,4152,26553
"2015-08-19",4151,4151,3971,3997,78243
"2015-08-20",3955,4036,3931,3956,44419
"2015-08-21",3901,3901,3332,3579,122622
"2015-08-24",3374,3656,3374,3595,49721
"2015-08-25",3643,3680,3439,3645,34789
"2015-08-26",3643,3848,3643,3808,20693
"2015-08-27",3853,3963,3853,3890,25681
"2015-08-28",3931,4020,3898,4001,28367
"2015-08-31",3979,4065,3979,4055,18387
"2015-09-01",3979,4135,3946,3977,21109
"2015-09-02",3848,4052,3848,4046,61943
"2015-09-03",3987,4073,3946,4030,12647
"2015-09-04",4004,4033,3914,3923,25784
"2015-09-07",3931,3931,3753,3756,23892
"2015-09-08",3758,3864,3664,3686,25057
"2015-09-09",3701,3824,3684,3727,34871
"2015-09-10",3725,3790,3692,3759,42642
"2015-09-11",3799,3799,3750,3768,30030
"2015-09-14",3758,3803,3746,3747,17065
"2015-09-15",3783,3795,3668,3797,29012
"2015-09-16",3795,3877,3783,3878,29203
"2015-09-17",3946,3946,3864,3875,8207
"2015-09-18",3872,3934,3824,3931,23864
"2015-09-21",3906,3926,3872,3886,10327
"2015-09-22",3922,4143,3906,4095,60690
"2015-09-23",4052,4381,4036,4235,95998
"2015-09-24",4258,4299,4082,4120,45582
"2015-09-25",4266,4266,4111,4169,10080
"2015-09-30",4119,4266,4078,4185,69416
"2015-10-01",4225,4331,4119,4300,40512
"2015-10-02",4299,4496,4282,4325,123180
"2015-10-05",4331,4381,4266,4365,58814
"2015-10-06",4364,4405,4307,4316,28228
"2015-10-07",4291,4331,4240,4308,34100
"2015-10-08",4323,4323,4240,4275,17310
"2015-10-12",4323,4323,4258,4300,23670
"2015-10-13",4315,4315,4216,4292,27069
"2015-10-14",4240,4282,4176,4185,9507
"2015-10-15",4160,4773,4160,4579,192970
"2015-10-16",4381,4576,4266,4423,99064
"2015-10-19",4388,4520,4266,4292,52036
"2015-10-20",4266,4388,4266,4340,39645
"2015-10-21",4323,4405,4307,4382,28915
"2015-10-22",4396,4396,4216,4340,39843
"2015-10-23",4291,4372,4160,4226,57503
"2015-10-26",4167,4216,4086,4144,66344
"2015-10-27",4082,4233,4082,4226,32385
"2015-10-28",4240,5142,4135,4513,275558
"2015-10-29",4576,4667,4429,4505,111387
"2015-10-30",4602,4626,4471,4529,52341
"2015-11-02",4471,5077,4462,4971,390213
"2015-11-03",4970,5650,4717,5569,978559
"2015-11-04",5577,5839,5453,5783,280205
"2015-11-05",5814,5995,5527,5718,367393
"2015-11-06",5715,5748,5167,5233,269383
"2015-11-09",5158,5158,4782,4906,223346
"2015-11-10",4929,5077,4708,4890,115471
"2015-11-11",4806,4978,4806,4914,58894
"2015-11-12",4912,5134,4757,4914,127031
"2015-11-13",4790,4880,4225,4406,464821
"2015-11-16",4405,4455,4258,4349,86219
"2015-11-17",4413,4471,4323,4440,63468
"2015-11-18",4422,4635,4396,4554,55462
"2015-11-19",4561,4643,4512,4537,35151
"2015-11-20",4561,4708,4520,4661,45226
"2015-11-23",4659,4732,4602,4726,61891
"2015-11-24",4717,4749,4544,4579,77496
"2015-11-25",4617,4617,4487,4529,48529
"2015-11-26",4585,4626,4512,4587,31431
"2015-11-27",4585,4626,4536,4562,34765
"2015-11-30",4561,4561,4176,4374,44641
"2015-12-01",4372,4471,4299,4464,20478
"2015-12-02",4471,4471,4299,4374,42362
"2015-12-03",4323,4372,4208,4211,75532
"2015-12-04",4167,4208,4102,4211,56716
"2015-12-07",4240,4274,4176,4194,24040
"2015-12-08",4233,4438,4135,4211,71966
"2015-12-09",4143,4233,4135,4152,57922
"2015-12-10",4119,4135,3922,3993,153938
"2015-12-11",4049,5134,4033,4144,672177
"2015-12-14",4111,4143,3938,3953,128795
"2015-12-15",3996,4000,3914,3956,46447
"2015-12-16",4009,4151,3926,4001,70860
"2015-12-17",3979,4111,3955,4005,57444
"2015-12-18",4009,4151,3979,4144,48629
"2015-12-21",4143,4208,4086,4177,52293
"2015-12-22",4176,4258,4094,4177,71287
"2015-12-23",4160,4240,4143,4177,16218
"2015-12-24",4176,4340,4160,4202,63317
"2015-12-28",4200,4240,4094,4120,36514
"2015-12-29",4119,4249,4086,4226,114205
"2015-12-30",4225,4233,4160,4169,25447
"2016-01-04",4151,4258,4151,4211,45563
"2016-01-05",4208,4323,4167,4226,52124
"2016-01-06",4315,4455,4200,4399,53082
"2016-01-07",4388,4487,4225,4332,111284
"2016-01-08",4184,4487,4143,4455,52791
"2016-01-11",4471,4561,4372,4464,44619
"2016-01-12",4462,4552,4388,4464,53865
"2016-01-13",4496,4496,4323,4399,54769
"2016-01-14",4381,4569,4291,4505,77404
"2016-01-15",4651,4651,4429,4496,58615
"2016-01-18",4496,4503,4299,4472,39386
"2016-01-19",4471,4471,4356,4406,31257
"2016-01-20",4405,4487,4208,4406,66390
"2016-01-21",4405,4405,4249,4267,34133
"2016-01-22",4331,4356,4086,4144,50841
"2016-01-25",4135,4176,4102,4152,27711
"2016-01-26",4167,4167,4011,4055,50202
"2016-01-27",4045,4151,4045,4070,32808
"2016-01-28",4024,4111,4024,4104,15048
"2016-01-29",4089,4160,4065,4104,14967
"2016-02-01",4111,4143,4061,4087,26389
"2016-02-02",4078,4102,4045,4070,26299
"2016-02-03",4069,4094,3967,4070,32547
"2016-02-04",4045,4089,4041,4055,24055
"2016-02-05",4052,4086,4011,4087,21850
"2016-02-11",3979,4011,3868,3948,63956
"2016-02-12",3881,3938,3565,3739,61698
"2016-02-15",3738,3922,3725,3768,26326
"2016-02-16",3816,3840,3766,3792,10530
"2016-02-17",3807,3889,3709,3768,25006
"2016-02-18",3766,3836,3766,3812,6972
"2016-02-19",3812,3824,3746,3768,20034
"2016-02-22",3770,3795,3697,3697,32636
"2016-02-23",3729,3790,3675,3678,29426
"2016-02-24",3705,3762,3660,3661,40765
"2016-02-25",3664,3742,3632,3632,57325
"2016-02-26",3684,3697,3602,3686,46544
"2016-02-29",3684,3746,3675,3694,11931
"2016-03-02",3701,3758,3668,3756,32402
"2016-03-03",3803,3803,3750,3772,31802
"2016-03-04",4143,4552,3864,3870,715473
"2016-03-07",3868,3996,3824,3936,90743
"2016-03-08",3906,3967,3893,3936,40063
"2016-03-09",3901,3996,3898,3989,36919
"2016-03-10",3987,3987,3934,3977,17438
"2016-03-11",3975,4009,3938,3972,18886
"2016-03-14",4000,4009,3950,3960,18647
"2016-03-15",3938,3996,3889,3899,33102
"2016-03-16",3926,3942,3844,3894,36418
"2016-03-17",3918,3958,3856,3953,49056
"2016-03-18",3950,3963,3901,3931,16824
"2016-03-21",3955,3963,3885,3919,22220
"2016-03-22",3918,3918,3790,3894,82309
"2016-03-23",3885,3885,3799,3845,43094
"2016-03-24",3840,3926,3820,3923,18223
"2016-03-25",3922,3922,3824,3853,37924
"2016-03-28",3853,3856,3799,3858,38909
"2016-03-29",3848,4052,3848,3993,112456
"2016-03-30",4143,4143,3979,4014,65572
"2016-03-31",4052,4052,3906,3964,51569
"2016-04-01",3963,3963,3848,3907,47954
"2016-04-04",3889,3889,3816,3825,46779
"2016-04-05",3824,3889,3790,3849,42323
"2016-04-06",3820,3926,3783,3886,41916
"2016-04-07",3885,3946,3885,3907,56249
"2016-04-08",3885,3963,3885,3948,42713
"2016-04-11",3946,4045,3931,3977,71116
"2016-04-12",3975,4061,3975,3997,47769
"2016-04-14",3992,4061,3987,4063,50609
"2016-04-15",4033,4078,4033,4074,55662
"2016-04-18",4036,4089,3942,3948,30945
"2016-04-19",3938,3987,3918,3960,33996
"2016-04-20",3971,4033,3946,4030,43400
"2016-04-21",4011,4061,3979,4030,49924
"2016-04-22",4011,4073,4011,4030,44611
"2016-04-25",4036,4069,3987,3997,32261
"2016-04-26",4011,4041,3889,3907,67174
"2016-04-27",3864,3909,3856,3875,51716
"2016-04-28",3864,3922,3864,3878,26950
"2016-04-29",3868,3971,3868,3972,47726
"2016-05-02",3979,3979,3922,3927,14406
"2016-05-03",3931,3955,3901,3907,18446
"2016-05-04",3931,3931,3853,3866,29246
"2016-05-09",3848,3864,3783,3800,18675
"2016-05-10",3831,3836,3786,3837,19146
"2016-05-11",4667,4986,4094,4275,4160914
"2016-05-12",4176,4176,3996,4009,583522
"2016-05-13",3987,4057,3938,4005,175970
"2016-05-16",3983,4011,3942,3985,115134
"2016-05-17",4004,4033,3931,3972,116791
"2016-05-18",4011,4016,3918,3923,61605
"2016-05-19",3922,3955,3861,3886,56105
"2016-05-20",3885,3909,3848,3899,31609
"2016-05-23",3922,3971,3893,3964,45410
"2016-05-24",3987,3987,3836,3858,60138
"2016-05-25",3971,3971,3864,3899,34115
"2016-05-26",3885,3889,3807,3825,99265
"2016-05-27",3783,3848,3783,3834,26886
"2016-05-30",3824,3840,3750,3821,50902
"2016-05-31",3828,3836,3790,3817,26626
"2016-06-01",3799,3844,3799,3842,28706
"2016-06-02",3872,3955,3831,3956,48595
"2016-06-03",3963,3971,3906,3931,41961
"2016-06-07",3931,4000,3914,3953,32053
"2016-06-08",3950,3971,3906,3931,28305
"2016-06-09",3914,3931,3877,3911,41244
"2016-06-10",3909,3922,3840,3875,28443
"2016-06-13",3848,3872,3824,3866,14918
"2016-06-14",3898,3898,3799,3829,30721
"2016-06-15",3807,3840,3807,3842,24384
"2016-06-16",3824,3848,3746,3784,34039
"2016-06-17",3783,3840,3709,3751,46032
"2016-06-20",3750,3799,3746,3788,12582
"2016-06-21",3758,3893,3758,3875,54956
"2016-06-22",3853,3942,3848,3923,33787
"2016-06-23",3922,3922,3778,3845,28479
"2016-06-24",3848,3848,3487,3681,125859
"2016-06-27",3521,3680,3521,3620,25874
"2016-06-28",3554,3673,3554,3656,10131
"2016-06-29",3656,3762,3656,3747,12237
"2016-06-30",3742,3786,3673,3673,20109
"2016-07-01",3673,3750,3673,3686,37038
"2016-07-04",3738,3738,3684,3731,13850
"2016-07-05",3725,4057,3697,3911,318440
"2016-07-06",3877,3877,3778,3845,62951
"2016-07-07",3864,3898,3807,3829,24609
"2016-07-08",3848,3881,3803,3845,23949
"2016-07-11",3807,3861,3790,3821,24499
"2016-07-12",3795,3848,3795,3834,32223
"2016-07-13",3848,3979,3816,3960,94589
"2016-07-14",3979,4143,3938,4120,277051
"2016-07-15",4078,4233,3967,3980,122827
"2016-07-18",3955,4094,3909,4014,41347
"2016-07-19",3983,4078,3926,4042,94162
"2016-07-20",4069,4069,3992,3993,26126
"2016-07-21",3971,4052,3971,4014,28167
"2016-07-22",3996,4094,3987,4095,57993
"2016-07-25",4119,4225,4119,4226,90984
"2016-07-26",4240,4249,4119,4185,47070
"2016-07-27",4184,4233,4135,4144,49592
"2016-07-28",4143,4160,4086,4160,37439
"2016-07-29",4192,4192,4111,4177,28423
"2016-08-01",4176,4176,4111,4152,29302
"2016-08-02",4119,4167,4078,4120,69957
"2016-08-03",4119,4119,4033,4091,48483
"2016-08-04",4126,4126,4069,4111,23223
"2016-08-05",4126,4160,4102,4111,23703
"2016-08-08",4102,4274,4102,4219,89000
"2016-08-09",4258,4258,4102,4111,79746
"2016-08-10",4176,4176,4111,4120,24811
"2016-08-11",4160,4160,4089,4120,17729
"2016-08-12",4176,4176,4094,4128,20464
"2016-08-16",4167,4167,4065,4074,43931
"2016-08-17",4069,4086,3906,3936,84786
"2016-08-18",3909,3946,3824,3862,46472
"2016-08-19",3864,3979,3844,3944,30146
"2016-08-22",3942,3975,3881,3899,12272
"2016-08-23",3898,3938,3872,3915,23224
"2016-08-24",3861,3967,3861,3915,26008
"2016-08-25",3938,3967,3885,3931,12264
"2016-08-26",3914,3955,3914,3939,19801
"2016-08-29",3909,3987,3893,3894,34784
"2016-08-30",3955,3992,3889,3899,27322
"2016-08-31",3906,3946,3795,3800,35047
"2016-09-01",3766,3831,3750,3772,20841
"2016-09-02",3775,3807,3770,3788,6144
"2016-09-05",3861,3881,3807,3849,8801
"2016-09-06",3844,3872,3783,3862,13330
"2016-09-07",3836,3864,3783,3797,24300
"2016-09-08",3807,3807,3725,3734,25096
"2016-09-09",3717,3758,3684,3710,21784
"2016-09-12",3705,3705,3590,3595,54872
"2016-09-13",3651,3680,3573,3673,22490
"2016-09-19",3673,3721,3623,3710,24812
"2016-09-20",3709,3753,3675,3743,14070
"2016-09-21",3750,3766,3697,3768,23012
"2016-09-22",3775,3799,3742,3775,19421
"2016-09-23",3799,3799,3717,3775,18377
"2016-09-26",3775,3790,3738,3772,10005
"2016-09-27",3734,3918,3734,3886,83140
"2016-09-28",3909,3926,3877,3927,24258
"2016-09-29",3926,3963,3909,3956,36904
"2016-09-30",3955,3971,3893,3923,42727
"2016-10-04",3893,4011,3893,4001,65645
"2016-10-05",4004,4065,3987,4046,70579
"2016-10-06",4041,4052,3996,4050,46460
"2016-10-07",4061,4061,3946,4005,32109
"2016-10-10",3992,3992,3922,3923,22752
"2016-10-11",3971,3971,3889,3923,24368
"2016-10-12",3872,3963,3872,3936,18439
"2016-10-13",3914,3946,3889,3923,12908
"2016-10-14",3914,3931,3856,3866,38579
"2016-10-17",3868,3889,3836,3866,9077
"2016-10-18",3853,3889,3807,3845,14638
"2016-10-19",3824,3938,3824,3931,21413
"2016-10-20",3889,3942,3868,3875,7986
"2016-10-21",3901,3901,3840,3842,9466
"2016-10-24",3844,3844,3725,3800,27719
"2016-10-25",3824,3824,3729,3772,12795
"2016-10-26",3775,3790,3684,3719,17763
"2016-10-27",3717,3758,3701,3759,29202
"2016-10-28",3717,3762,3697,3710,8004
"2016-10-31",3692,3717,3504,3551,37432
"2016-11-01",3545,3602,3545,3600,8059
"2016-11-02",3570,3570,3393,3398,38821
"2016-11-03",3393,3487,3393,3476,12164
"2016-11-04",3468,3586,3427,3546,10155
"2016-11-07",3487,3643,3487,3645,19860
"2016-11-08",3643,3660,3598,3654,19243
"2016-11-09",3610,3656,3451,3576,30867
"2016-11-10",3586,3606,3537,3567,15812
"2016-11-11",3570,3578,3504,3526,14094
"2016-11-14",3521,3610,3500,3604,15880
"2016-11-15",3578,3606,3545,3563,12679
"2016-11-16",3606,4135,3521,3710,276380
"2016-11-17",3709,3709,3595,3628,28161
"2016-11-18",3602,3632,3554,3595,22811
"2016-11-21",3554,3558,3454,3481,25383
"2016-11-22",3517,3517,3454,3493,16420
"2016-11-23",3504,3504,3374,3391,35757
"2016-11-24",3427,3427,3332,3333,25134
"2016-11-25",3328,3406,3320,3354,9975
"2016-11-28",3340,3385,3274,3301,28724
"2016-11-29",3344,3352,3303,3337,13223
"2016-11-30",3398,3398,3299,3305,8008
"2016-12-01",3291,3332,3262,3305,18846
"2016-12-02",3279,3344,3279,3333,7016
"2016-12-05",3332,3336,3255,3272,17216
"2016-12-06",3271,3328,3115,3169,43534
"2016-12-07",3132,3188,3111,3132,25782
"2016-12-08",3135,3234,3118,3235,21787
"2016-12-09",3234,3234,3169,3203,9069
"2016-12-12",3193,3242,3188,3231,8391
"2016-12-13",3234,3307,3229,3293,12053
"2016-12-14",3188,3332,3188,3277,12823
"2016-12-15",3274,3307,3213,3284,9367
"2016-12-16",3266,3303,3250,3288,17532
"2016-12-19",3287,3287,3238,3269,10375
"2016-12-20",3287,3365,3283,3366,26026
"2016-12-21",3385,3443,3274,3288,38508
"2016-12-22",3324,3324,3262,3264,16655
"2016-12-23",3320,3320,3250,3288,12937
"2016-12-26",3287,3299,3242,3296,13102
"2016-12-27",3296,3312,3266,3277,8326
"2016-12-28",3307,3336,3247,3309,19005
"2016-12-29",3328,3328,3283,3318,11785
"2017-01-02",3287,3328,3279,3284,8867
"2017-01-03",3328,3328,3266,3309,9617
"2017-01-04",3312,3365,3271,3325,20376
"2017-01-05",3352,3381,3315,3366,13640
"2017-01-06",3374,3376,3315,3318,24288
"2017-01-09",3315,3349,3315,3320,24003
"2017-01-10",3320,3349,3307,3325,19315
"2017-01-11",3365,3410,3315,3398,26197
"2017-01-12",3414,3414,3324,3337,10780
"2017-01-13",3315,3381,3307,3374,43761
"2017-01-16",3374,3385,3315,3342,14706
"2017-01-17",3374,3414,3332,3383,16065
"2017-01-18",3357,3504,3357,3498,57590
"2017-01-19",3487,3615,3487,3595,74514
"2017-01-20",3595,3606,3521,3567,29500
"2017-01-23",3598,3598,3521,3563,31371
"2017-01-24",3590,3590,3500,3501,24851
"2017-01-25",3578,3578,3414,3440,40816
"2017-01-26",3422,3484,3422,3465,6359
"2017-01-31",3414,3487,3398,3420,15888
"2017-02-01",3468,3476,3414,3423,18855
"2017-02-02",3435,3517,3422,3465,40755
"2017-02-03",3447,3487,3406,3415,11398
"2017-02-06",3406,3427,3274,3398,88327
"2017-02-07",3406,3406,3271,3281,84431
"2017-02-08",3274,3296,3247,3284,21825
"2017-02-09",3315,3315,3266,3277,22227
"2017-02-10",3271,3291,3185,3218,69317
"2017-02-13",3238,3242,3218,3227,14874
"2017-02-14",3205,3307,3205,3309,30512
"2017-02-15",3315,3336,3291,3337,14372
"2017-02-16",3291,3352,3291,3325,19916
"2017-02-17",3315,3454,3315,3457,71315
"2017-02-20",3410,3803,3410,3759,365549
"2017-02-21",3746,3893,3684,3702,92865
"2017-02-22",3660,3803,3660,3775,55982
"2017-02-23",3786,3786,3680,3706,39465
"2017-02-24",3648,3790,3648,3727,62394
"2017-02-27",3766,4057,3766,3977,335324
"2017-02-28",4000,4455,4000,4340,918695
"2017-03-02",4340,4749,4291,4603,532554
"2017-03-03",4520,4651,4282,4529,302715
"2017-03-06",4438,4610,4438,4611,146567
"2017-03-07",4617,4749,4512,4635,139464
"2017-03-08",4635,4635,4356,4481,220261
"2017-03-09",4585,4864,4422,4783,399723
"2017-03-10",4717,4790,4585,4776,119174
"2017-03-13",4814,4814,4617,4709,98926
"2017-03-14",4617,4717,4503,4562,141425
"2017-03-15",4569,4610,4348,4505,189753
"2017-03-16",4487,4717,4438,4701,123969
"2017-03-17",4667,4692,4479,4635,77082
"2017-03-20",4643,4643,4471,4496,62992
"2017-03-21",4446,4462,4216,4399,163626
"2017-03-22",4299,4520,4258,4340,71009
"2017-03-23",4381,4422,4176,4332,111663
"2017-03-24",4331,4617,4331,4529,169240
"2017-03-27",4585,4585,4429,4571,61319
"2017-03-28",4569,4585,4479,4571,27805
"2017-03-29",4569,4569,4299,4399,134979
"2017-03-30",4323,4356,4184,4332,104000
"2017-03-31",4258,4364,4192,4300,82780
"2017-04-03",4274,4356,4233,4316,62738
"2017-04-04",4331,4429,4282,4340,98049
"2017-04-05",4348,4348,4258,4340,57641
"2017-04-06",4340,4364,4216,4325,86379
"2017-04-07",4323,4323,4184,4308,121114
"2017-04-10",4307,4307,4167,4275,79397
"2017-04-11",4274,4299,4143,4251,67746
"2017-04-12",4258,5036,4216,4873,1070090
"2017-04-13",4986,4986,4684,4751,255676
"2017-04-14",4732,4732,4602,4726,130119
"2017-04-17",4724,4864,4503,4800,143256
"2017-04-18",4790,4798,4561,4652,134518
"2017-04-19",4643,4651,4446,4545,185819
"2017-04-20",4479,4536,4413,4529,91134
"2017-04-21",4585,4667,4422,4431,108103
"2017-04-24",4438,4496,4282,4340,79826
"2017-04-25",4405,4496,4266,4406,75036
"2017-04-26",4462,4462,4282,4374,100754
"2017-04-27",4372,4372,4167,4308,151974
"2017-04-28",4396,4471,4315,4472,161146
"2017-05-02",4471,4602,4471,4505,80508
"2017-05-04",4503,4536,4455,4455,32424
"2017-05-08",4455,4561,4405,4488,47753
"2017-05-10",4536,4676,4437,4668,75087
"2017-05-11",4732,4732,4569,4668,132835
"2017-05-12",4667,4700,4576,4652,57268
"2017-05-15",4651,4659,4496,4611,58734
"2017-05-16",4610,4643,4446,4562,110128
"2017-05-17",4569,4569,4429,4529,85344
"2017-05-18",4455,4912,4455,4914,187716
"2017-05-19",4929,5134,4839,5078,260175
"2017-05-22",5167,5209,4970,5045,97341
"2017-05-23",5142,5142,4937,5012,63172
"2017-05-24",4946,5053,4856,4956,105643
"2017-05-25",4994,5061,4912,5012,57763
"2017-05-26",5003,5003,4856,4980,89014
"2017-05-29",4912,4994,4814,4873,76980
"2017-05-30",4873,4970,4724,4791,203540
"2017-05-31",4790,4823,4667,4776,111329
"2017-06-01",4773,4790,4643,4701,134447
"2017-06-02",4700,5150,4667,5070,429659
"2017-06-05",5068,5126,4962,5061,222570
"2017-06-07",5061,5241,4986,5209,195916
"2017-06-08",5282,5674,5150,5569,533116
"2017-06-09",5633,5871,5462,5635,381613
"2017-06-12",5962,6019,5560,5635,283402
"2017-06-13",5633,5928,5535,5839,260127
"2017-06-14",5912,5912,5601,5701,141181
"2017-06-15",5601,5774,5593,5733,117030
"2017-06-16",5830,6059,5774,5922,252202
"2017-06-19",5978,6813,5978,6757,1071580
"2017-06-20",6511,6682,6190,6413,552008
"2017-06-21",6346,6592,6248,6560,242296
"2017-06-22",6911,7779,6845,7232,2224764
"2017-06-23",7264,7829,7214,7380,755301
"2017-06-26",7419,7747,7198,7741,536069
"2017-06-27",7755,8763,7665,8641,1331326
"2017-06-28",8394,9008,8394,8723,564877
"2017-06-29",8721,8721,8230,8436,367177
"2017-06-30",8271,9172,8107,9051,671150
"2017-07-03",9213,9786,8164,8518,1198542
"2017-07-04",8394,8599,8189,8354,382608
"2017-07-05",8435,9213,8271,8968,561230
"2017-07-06",8926,8967,8599,8763,286564
"2017-07-07",8763,8967,8475,8887,322736
"2017-07-10",8926,9131,8680,8968,398793
"2017-07-11",9049,10687,8967,10647,1859728
"2017-07-12",10401,10891,8599,8723,2379494
"2017-07-13",9090,9541,8312,9378,1951287
"2017-07-14",9376,9458,8885,9255,582273
"2017-07-17",9254,10155,9131,9993,1304161
"2017-07-18",10114,10442,9090,9542,1385451
"2017-07-19",9826,10647,9664,10074,1401193
"2017-07-20",10114,10196,9581,10115,613441
"2017-07-21",9827,10277,9827,9993,451555
"2017-07-24",10073,10851,10073,10730,1119751
"2017-07-25",11056,11056,10236,10688,763027
"2017-07-26",10727,10810,9827,10238,685334
"2017-07-27",10072,10318,9416,9788,543776
"2017-07-28",9664,9705,8516,8682,910218
"2017-07-31",8516,9254,8435,9132,464608
"2017-08-01",9131,9417,9008,9420,246625
"2017-08-02",9417,9664,9213,9501,265631
"2017-08-03",9581,9705,8967,9132,267899
"2017-08-04",9172,10072,9090,9624,665073
"2017-08-07",9786,10769,9704,9910,1261044
"2017-08-08",9908,9908,9090,9542,2589838
"2017-08-09",9295,9500,8885,9051,267970
"2017-08-10",8845,9458,8599,9337,428678
"2017-08-11",8926,9172,8639,8723,508022
"2017-08-14",8885,8967,8558,8641,341620
"2017-08-16",8845,8967,8599,8804,429433
"2017-08-17",8763,8763,8353,8478,481663
"2017-08-18",8230,8967,8181,8804,1249457
"2017-08-21",8926,9664,8804,9542,837803
"2017-08-22",9622,9826,9458,9501,421932
"2017-08-23",9581,10073,9336,9829,756676
"2017-08-24",10032,10851,9909,10606,1323105
"2017-08-25",10769,11137,10196,10688,969672
"2017-08-28",10564,10933,10442,10443,540036
"2017-08-29",10155,11056,9991,11057,825420
"2017-08-30",11097,11629,10810,11262,1412592
"2017-08-31",11548,11548,10933,11098,697843
"2017-09-01",11137,11219,10606,10606,560296
"2017-09-04",9950,11097,9827,10688,907846
"2017-09-05",10974,11015,10237,10402,404172
"2017-09-06",10237,10606,9991,10279,370468
"2017-09-07",10318,10851,10113,10730,334626
"2017-09-08",10892,11137,10647,10894,536383
"2017-09-11",11056,11548,10933,11467,894916
"2017-09-12",11793,12817,11588,12573,1712177
"2017-09-13",12817,15724,12776,14578,4576712
"2017-09-14",14741,15642,14249,14866,1409285
"2017-09-15",14619,15150,13799,15152,1275512
"2017-09-18",15150,15438,14578,14866,630523
"2017-09-19",14823,15070,13964,14456,635240
"2017-09-20",14496,14660,13553,13719,766136
"2017-09-21",13636,14169,13062,13883,760319
"2017-09-22",13759,13881,12570,13023,853502
"2017-09-25",12735,13268,12243,12859,686263
"2017-09-26",12571,12858,11997,12205,551729
"2017-09-27",12285,13472,12080,13310,927752
"2017-09-28",13308,13348,12448,12655,609930
"2017-09-29",12325,12979,12120,12859,430202
"2017-10-10",13103,13390,12611,12982,499568
"2017-10-11",13348,13636,12979,13186,478341
"2017-10-12",13227,13308,12202,12244,894670
"2017-10-13",12161,12285,10605,11057,1695322
"2017-10-16",10892,10974,9704,10238,1404802
"2017-10-17",10237,10647,10155,10566,778169
"2017-10-18",10564,10810,10196,10483,417736
"2017-10-19",10933,11343,10606,10934,879439
"2017-10-20",10933,11015,10318,10771,378506
"2017-10-23",10769,11056,10564,10975,339621
"2017-10-24",10933,10974,10359,10443,368946
"2017-10-25",10401,10647,10114,10566,384896
"2017-10-26",10564,10647,9786,9951,420592
"2017-10-27",9950,10318,9827,10115,253378
"2017-10-30",10155,10155,9458,9460,459064
"2017-10-31",9500,10032,9376,9993,397456
"2017-11-01",10031,10606,9867,10566,401107
"2017-11-02",10564,11015,10318,10812,835066
"2017-11-03",10482,10606,9745,9951,680360
"2017-11-06",9786,9868,9500,9705,343340
"2017-11-07",9827,10073,9664,9746,262074
"2017-11-08",9786,10359,9705,10197,493678
"2017-11-09",10359,10974,10318,10812,994570
"2017-11-10",10810,10974,10277,10566,514162
"2017-11-13",10687,10727,10318,10647,424176
"2017-11-14",10851,11301,10769,10934,720125
"2017-11-15",10891,10933,10155,10361,810169
"2017-11-16",10237,10810,10114,10812,566900
"2017-11-17",10932,11669,10810,11057,1088936
"2017-11-20",11055,11465,10647,11098,464150
"2017-11-21",11097,11465,10892,11303,520505
"2017-11-22",11588,12161,11178,12122,1236534
"2017-11-23",12489,12693,11752,12244,1023015
"2017-11-24",12858,13964,12611,13515,2101512
"2017-11-27",13799,14045,12980,13842,1175529
"2017-11-28",13759,14004,12939,13760,814139
"2017-11-29",13718,14700,13472,14293,842621
"2017-11-30",14169,14249,12857,13310,842918
"2017-12-01",13307,14209,13022,13924,559438
"2017-12-04",13881,14619,13553,14169,656131
"2017-12-05",14169,14454,13718,13760,497608
"2017-12-06",13759,15520,13759,14784,1519572
"2017-12-07",14823,14864,13922,14784,694522
"2017-12-08",14864,14864,13267,13801,737496
"2017-12-11",13677,15520,13390,15111,1130878
"2017-12-12",15520,16830,15070,15520,2387410
"2017-12-13",15683,17117,15274,17118,1424451
"2017-12-14",17158,18181,16502,17363,1266080
"2017-12-15",16994,17075,15479,15889,1688492
"2017-12-18",15642,16297,15191,15726,783821
"2017-12-19",16502,17034,16133,16954,1254566
"2017-12-20",16830,18223,16502,18019,948296
"2017-12-21",17895,18673,17567,18183,834281
"2017-12-22",18223,19245,17895,19042,1039151
"2017-12-26",19001,19205,18263,18674,907925
"2017-12-27",19083,21990,18918,21377,1586808
"2017-12-28",21539,23260,21048,21500,1673943
"2018-01-02",22235,24570,22113,24326,1440780
"2018-01-03",24857,28379,24323,26374,3344476
"2018-01-04",26740,26740,23750,24203,2077370
"2018-01-05",23997,27682,23506,27316,2058130
"2018-01-08",28133,29075,26290,27684,1313285
"2018-01-09",27845,28173,25102,26291,1554579
"2018-01-10",26371,26371,24283,24940,1264767
"2018-01-11",25184,25921,24366,25349,843657
"2018-01-12",24979,25308,23260,23957,1293233
"2018-01-15",23546,25798,22849,24285,1346105
"2018-01-16",24160,27437,24037,26783,2117640
"2018-01-17",27191,27846,26413,27069,982682
"2018-01-18",27191,28419,25634,25923,1096533
"2018-01-19",26003,26536,24202,24981,963769
"2018-01-22",25020,25594,24407,25063,438696
"2018-01-23",25553,25717,24447,24899,474391
"2018-01-24",25225,26454,24569,25349,959920
"2018-01-25",25429,25758,24487,24899,545256
"2018-01-26",24937,25348,24570,25227,392804
"2018-01-29",25962,26126,24816,24858,549883
"2018-01-30",24775,25020,23874,24407,611415
"2018-01-31",23832,24324,23341,23424,510944
"2018-02-01",23669,23915,22031,23342,778253
"2018-02-02",23423,23465,22276,22769,489837
"2018-02-05",21786,22195,20147,20476,738490
"2018-02-06",19123,22481,18918,22196,1567427
"2018-02-07",22973,23260,20885,20885,748551
"2018-02-08",20884,21826,20434,21459,452496
"2018-02-09",20474,21907,20229,21705,500801
"2018-02-12",22235,22603,21007,21009,444225
"2018-02-13",20884,21212,19205,19862,1628894
"2018-02-14",20393,21662,19902,21336,804450
"2018-02-19",21948,24078,21498,23874,989432
"2018-02-20",24078,24078,22932,22932,584661
"2018-02-21",22809,23382,22686,22728,376992
"2018-02-22",22645,23833,22564,22932,512439
"2018-02-23",23260,23586,22154,22443,409043
"2018-02-26",22849,22891,21622,22073,361033
"2018-02-27",22318,22809,21867,22032,322113
"2018-02-28",21622,21907,20638,21090,424524
"2018-03-02",20475,21130,20188,20353,381139
"2018-03-05",20475,20680,19123,19125,480106
"2018-03-06",19655,21048,19614,21050,601875
"2018-03-07",21089,21376,20311,20312,421544
"2018-03-08",20720,21293,20556,20844,267424
"2018-03-09",20844,22932,20515,22852,902522
"2018-03-12",23341,23915,22891,23179,593669
"2018-03-13",23260,24078,22727,23753,535936
"2018-03-14",23586,25102,23423,24039,779933
"2018-03-15",23997,24734,23465,24243,534718
"2018-03-16",24078,24078,22809,22932,758414
"2018-03-19",22809,23260,22358,22974,391537
"2018-03-20",22645,23177,22481,22811,412901
"2018-03-21",22891,23014,21703,22114,630626
"2018-03-22",22195,23341,22195,22974,766012
"2018-03-23",22276,22849,21826,22196,521336
"2018-03-26",22031,22399,21006,21910,702994
"2018-03-27",22481,22727,21417,21705,484395
"2018-03-28",21130,21539,20515,20885,532092
"2018-03-29",21334,21334,20065,20926,393164
"2018-03-30",21130,21786,20597,21295,344270
"2018-04-02",21130,21990,20802,21131,401118
"2018-04-03",20720,21417,20475,21418,253112
"2018-04-04",21498,21622,20023,20108,592187
"2018-04-05",20434,20720,19901,20148,295447
"2018-04-06",20106,20106,19369,19493,391047
"2018-04-09",19410,19696,18713,18716,542868
"2018-04-10",18754,19369,18713,18879,533902
"2018-04-11",19246,19655,18918,19575,396358
"2018-04-12",19614,20434,19369,20394,476931
"2018-04-13",21130,21376,20556,20600,577690
"2018-04-16",20639,20885,19779,20231,408041
"2018-04-17",20023,21826,19818,21050,1033814
"2018-04-18",21294,21703,20434,20763,449755
"2018-04-19",20639,20680,19738,20353,461000
"2018-04-20",20393,21048,20229,20600,220476
"2018-04-23",20352,20475,19573,19658,363719
"2018-04-24",19655,19655,19001,19247,210455
"2018-04-25",19001,19451,18591,18756,248186
"2018-04-26",18796,19369,18632,18920,197572
"2018-04-27",19083,19246,18386,18388,271115
"2018-04-30",18059,18181,16543,17078,821432
"2018-05-02",17034,17772,16625,17037,344442
"2018-05-03",17034,17854,17034,17282,347148
"2018-05-04",17117,17280,15970,16257,593885
"2018-05-08",16216,16912,15970,16053,382854
"2018-05-09",16052,18427,15683,18059,784438
"2018-05-10",17895,18796,17526,18674,480787
"2018-05-11",18632,18837,17731,17855,375359
"2018-05-14",17691,18468,17239,18265,386349
"2018-05-15",18304,18345,17444,17568,229859
"2018-05-16",16953,17117,16216,16381,432282
"2018-05-17",16543,18017,16502,17773,716937
"2018-05-18",18427,18713,17854,17979,422119
"2018-05-21",18223,19779,18059,19166,1007571
"2018-05-23",19614,20352,18796,19084,899292
"2018-05-24",18796,18837,18141,18347,368071
"2018-05-25",17976,19205,17608,19207,303519
"2018-05-28",18591,19001,18141,18797,379459
"2018-05-29",18960,19738,18345,18592,459787
"2018-05-30",18386,19083,18223,18920,401596
"2018-05-31",19246,19328,18427,18797,177821
"2018-06-01",19083,19204,18386,18920,349506
"2018-06-04",18837,21048,18837,21050,1706172
"2018-06-05",21457,22276,20925,21459,1560276
"2018-06-07",21949,22564,21456,21869,1168675
"2018-06-08",21622,22072,21171,21213,527837
"2018-06-11",21170,21498,20434,21418,447780
"2018-06-12",21417,21989,20802,21295,413710
"2018-06-14",21294,22195,21048,21541,543923
"2018-06-15",21989,22686,20965,21295,940394
"2018-06-18",20965,21048,18959,19370,829909
"2018-06-19",19205,19738,17649,17773,686936
"2018-06-20",17772,18796,17691,18674,490491
"2018-06-21",18386,18713,17199,17405,486891
"2018-06-22",17158,17731,16461,17650,505968
"2018-06-25",17649,18427,17649,17814,269124
"2018-06-26",17362,18100,17158,17855,244055
"2018-06-27",17935,18181,17117,17118,344000
"2018-06-28",16953,17322,16421,16708,253419
"2018-06-29",16953,17034,15970,16586,266614
"2018-07-02",16421,16912,16052,16094,200668
"2018-07-03",16380,16912,16133,16545,287238
"2018-07-04",16461,16666,16133,16299,164311
"2018-07-05",16338,16421,15724,15848,225300
"2018-07-06",15929,16297,15150,16217,374954
"2018-07-09",16216,17034,16216,16627,297870
"2018-07-10",16789,17199,16502,16586,181458
"2018-07-11",16543,17075,16175,16463,260286
"2018-07-12",16502,17322,16338,17037,564007
"2018-07-13",17362,19246,17158,18756,1505334
"2018-07-16",18960,20106,18876,19575,1050153
"2018-07-17",19696,19696,18591,18920,407538
"2018-07-18",19205,19369,18468,18551,394647
"2018-07-19",18673,19573,18427,19042,531702
"2018-07-20",19246,19287,17691,18305,425314
"2018-07-23",18017,18181,17322,17528,334384
"2018-07-24",17608,18100,17239,17528,259878
"2018-07-25",17731,18754,17649,18429,528036
"2018-07-26",18713,18837,18017,18756,401209
"2018-07-27",18754,18918,18181,18469,557953
"2018-07-30",18386,18550,16830,17037,816274
"2018-07-31",16871,17322,16421,17078,411065
"2018-08-01",16994,17199,16584,17078,282036
"2018-08-02",17075,17608,16912,17078,359135
"2018-08-03",17362,17444,17075,17199,138028
"2018-08-06",17403,17403,16789,16873,123114
"2018-08-07",16871,16994,16584,16913,101125
"2018-08-08",16994,17034,16297,16340,374331
"2018-08-09",16175,16216,15561,15767,564660
"2018-08-10",15807,15970,15233,15439,301992
"2018-08-13",15191,15396,14823,14825,262808
"2018-08-14",14741,15191,14290,14620,292478
"2018-08-16",14373,15191,14045,15070,256309
"2018-08-17",15233,15274,14864,15111,165756
"2018-08-20",15070,15315,14660,14661,121339
"2018-08-21",14823,15807,14823,15644,324366
"2018-08-22",15929,15929,15396,15398,151953
"2018-08-23",15479,15642,15150,15644,117095
"2018-08-24",15807,15807,15356,15562,124686
"2018-08-27",15724,16092,15601,15807,241175
"2018-08-28",16052,16092,15396,15398,216178
"2018-08-29",15520,15683,15315,15439,114574
"2018-08-30",15356,15642,15356,15398,126819
"2018-08-31",15396,15479,15233,15275,131314
"2018-09-03",15274,15479,14864,14947,212824
"2018-09-04",14946,15888,14946,15726,477585
"2018-09-05",15765,15807,15315,15316,198462
"2018-09-06",15191,15233,14700,14743,337344
"2018-09-07",14700,14987,14454,14661,288414
"2018-09-10",14660,14864,14454,14578,137841
"2018-09-11",14496,15028,14496,14743,168171
"2018-09-12",14823,14864,14332,14538,198156
"2018-09-13",14578,14660,14209,14252,148852
"2018-09-14",14414,14454,14169,14210,195156
"2018-09-17",14332,15683,13964,15644,813953
"2018-09-18",15642,17649,15356,17528,2032174
"2018-09-19",17485,17895,16994,17487,735455
"2018-09-20",17485,17485,16461,16831,839710
"2018-09-21",16953,17526,16584,16873,435241
"2018-09-27",16584,17117,16338,16913,356322
"2018-09-28",17403,18263,17034,17528,1126967
"2018-10-01",17362,17608,16789,16790,267344
"2018-10-02",17075,17895,17034,17282,725572
"2018-10-04",17362,17485,16380,16586,347764
"2018-10-05",16380,16380,15070,15111,734226
"2018-10-08",14946,15888,14741,15685,407584
"2018-10-10",15807,16052,15191,15807,277599
"2018-10-11",14864,15601,14741,14743,327800
"2018-10-12",14700,16011,14700,15767,402621
"2018-10-15",15765,15970,15028,15152,310292
"2018-10-16",15315,15601,15150,15357,159875
"2018-10-17",15807,16175,15150,15439,323286
"2018-10-18",15438,15520,15111,15275,123937
"2018-10-19",15150,15642,14987,15644,137135
"2018-10-22",15315,16584,15315,16257,397814
"2018-10-23",16338,16707,15274,15439,369673
"2018-10-24",15888,16052,14578,14906,366013
"2018-10-25",14414,14864,14169,14415,300540
"2018-10-26",14782,14782,13268,13351,369013
"2018-10-29",13143,13472,11260,11548,916429
"2018-10-30",11137,11752,10606,11630,886774
"2018-10-31",11834,11998,11301,11713,304640
"2018-11-01",11874,12530,11834,12081,368668
"2018-11-02",12285,12694,12285,12694,251426
"2018-11-05",12653,12693,12285,12573,159971
"2018-11-06",12735,12776,12120,12285,197713
"2018-11-07",12366,12653,11916,12122,238874
"2018-11-08",12611,13922,12530,13883,908767
"2018-11-09",13881,14290,13595,13801,395395
"2018-11-12",13431,13799,13144,13146,233427
"2018-11-13",12735,13472,12161,13268,397053
"2018-11-14",13185,13677,12735,12900,277543
"2018-11-15",12366,12979,12325,12859,279977
"2018-11-16",12735,12939,12489,12573,198204
"2018-11-19",12653,12898,12489,12655,155215
"2018-11-20",12365,12489,12202,12244,169269
"2018-11-21",11998,12448,11957,12326,147129
"2018-11-22",12366,12980,12366,12941,347675
"2018-11-23",13185,13185,12243,12285,272506
"2018-11-26",12161,12530,12120,12285,118895
"2018-11-27",12407,12776,12161,12655,139860
"2018-11-28",12693,12693,12120,12244,247837
"2018-11-29",12448,12448,12120,12122,137812
"2018-11-30",12202,12365,12037,12081,57912
"2018-12-03",12365,12735,12243,12573,219200
"2018-12-04",12694,12776,12366,12490,129009
"2018-12-05",12202,12366,11874,11958,333213
"2018-12-06",11834,11957,11015,11057,406189
"2018-12-07",11219,11301,10851,11139,207658
"2018-12-10",10727,10810,9786,9870,743972
"2018-12-11",9991,10032,9500,9542,442984
"2018-12-12",9540,9909,9540,9910,303424
"2018-12-13",10032,10606,9991,10443,397631
"2018-12-14",10442,10442,9581,9624,359500
"2018-12-17",9500,9581,9008,9173,327754
"2018-12-18",9131,9541,8885,9337,254280
"2018-12-19",9500,10114,9416,9788,473259
"2018-12-20",9705,10032,9417,9746,211853
"2018-12-21",9664,10482,9581,10156,476014
"2018-12-24",10114,10442,9950,9993,179719
"2018-12-26",9664,10032,9541,9951,179401
"2018-12-27",10277,10359,9786,9870,200453
"2018-12-28",9867,10031,9786,9910,163246
"2019-01-02",10155,10277,9581,9664,219840
"2019-01-03",9664,9746,9254,9337,201243
"2019-01-04",9213,9541,9131,9501,200237
"2019-01-07",9664,10277,9622,10115,481999
"2019-01-08",10196,10236,9908,10033,157101
"2019-01-09",10114,10482,10114,10361,340240
"2019-01-10",10318,10359,9991,10074,264857
"2019-01-11",10196,10810,10114,10197,624839
"2019-01-14",10237,10237,9827,9951,265015
"2019-01-15",9950,10277,9909,10156,259309
"2019-01-16",10236,10277,10032,10197,163519
"2019-01-17",10318,10318,9500,9664,423840
"2019-01-18",9746,9868,9541,9705,287607
"2019-01-21",9746,9909,9705,9829,195099
"2019-01-22",9868,10155,9786,9829,251949
"2019-01-23",9786,10032,9705,9705,167271
"2019-01-24",9746,9868,9622,9829,131634
"2019-01-25",9868,10564,9746,10402,769760
"2019-01-28",10401,10892,10318,10566,532970
"2019-01-29",10563,12980,10482,12818,5648717
"2019-01-30",12611,13308,12365,13064,1493921
"2019-01-31",13308,13308,12326,12982,972472
"2019-02-01",12899,12980,12529,12818,514571
"2019-02-07",12653,13227,12571,13227,684722
"2019-02-08",13144,13389,12898,13351,404651
"2019-02-11",13389,13389,12817,13023,346300
"2019-02-12",13144,14169,13022,13801,1371791
"2019-02-13",13881,14290,13636,14169,554860
"2019-02-14",14249,14290,13759,13883,408086
"2019-02-15",13718,13840,12980,13596,505414
"2019-02-18",13595,14332,13431,14252,444685
"2019-02-19",14373,14414,13922,14128,394452
"2019-02-20",14249,14332,13759,14293,361490
"2019-02-21",14373,14414,13964,14252,235659
"2019-02-22",13759,14249,13553,14169,512908
"2019-02-25",14290,15191,14004,15070,838721
"2019-02-26",15028,15150,14782,14825,292247
"2019-02-27",14823,15191,14496,14620,384053
"2019-02-28",14578,14741,13759,13965,305848
"2019-03-04",14045,14619,14045,14169,254285
"2019-03-05",14169,14249,13431,13801,286560
"2019-03-06",13840,14045,13512,13924,158231
"2019-03-07",13799,14004,13308,13310,180563
"2019-03-08",13103,13636,12979,13186,160687
"2019-03-11",13348,13348,12243,12941,414973
"2019-03-12",13022,13185,12611,12694,216894
"2019-03-13",12817,12980,12448,12573,225985
"2019-03-14",12571,13185,12489,12818,259250
"2019-03-15",12693,13759,12693,13391,357906
"2019-03-18",13389,13595,13022,13023,159752
"2019-03-19",13062,13472,12776,12859,221592
"2019-03-20",12939,13062,12243,12326,261790
"2019-03-21",12570,13103,12448,13023,347650
"2019-03-22",13227,13227,12325,12531,261768
"2019-03-25",12202,12202,11711,11713,274662
"2019-03-26",11874,11957,11629,11713,124587
"2019-03-27",11752,11874,11383,11425,150762
"2019-03-28",11260,11384,10523,10647,613895
"2019-03-29",10769,10851,10400,10771,241822
"2019-04-01",10851,11301,10851,11098,215100
"2019-04-02",11218,11384,10933,11343,172560
"2019-04-03",11301,11588,11178,11508,157418
"2019-04-04",11506,12120,11423,11713,329418
"2019-04-05",11711,11874,11343,11384,152536
"2019-04-08",11506,12407,11424,11835,608919
"2019-04-09",11915,12489,11834,12040,285112
"2019-04-10",11957,11997,11588,11876,200989
"2019-04-11",11834,12285,11834,11999,224719
"2019-04-12",11998,12366,11916,12122,190875
"2019-04-15",12285,12325,11833,11876,188923
"2019-04-16",11793,12080,11465,11793,246619
"2019-04-17",11833,12120,11752,11876,135508
"2019-04-18",11874,11997,11219,11221,238179
"2019-04-19",11218,11711,11218,11508,157493
"2019-04-22",11506,11711,11219,11467,82653
"2019-04-23",11548,11588,11097,11098,126726
"2019-04-24",11219,11219,10851,10934,86541
"2019-04-25",10891,11015,10687,10688,108749
"2019-04-26",10563,10769,10482,10525,117717
"2019-04-29",10564,10768,10523,10730,58741
"2019-04-30",10769,11219,10523,11139,168785
"2019-05-02",10974,11137,10851,10852,95014
"2019-05-03",10851,11260,10851,11139,115169
"2019-05-07",10851,10974,10727,10730,77734
"2019-05-08",10482,10687,10401,10483,87094
"2019-05-09",10523,10606,9786,9993,224965
"2019-05-10",9827,10196,9581,9664,213697
"2019-05-13",9541,9786,9295,9378,124447
"2019-05-14",9131,9746,9008,9501,115188
"2019-05-15",9581,9909,9500,9829,123607
"2019-05-16",9827,9867,9131,9255,239359
"2019-05-17",9336,9581,9172,9214,98309
"2019-05-20",9336,9541,8926,9009,196263
"2019-05-21",9008,9131,8599,8763,228132
"2019-05-22",8804,8885,8394,8600,211066
"2019-05-23",8558,8639,8230,8354,210194
"2019-05-24",8312,8680,8189,8478,150148
"2019-05-27",8394,8680,8353,8518,120548
"2019-05-28",8558,8763,8475,8641,114008
"2019-05-29",8639,8680,8435,8478,93909
"2019-05-30",8435,9622,8435,9051,741263
"2019-05-31",9008,9376,8926,9009,175414
"2019-06-03",8885,9458,8763,9173,186876
"2019-06-04",9172,10810,9172,10647,1143529
"2019-06-05",10605,11056,10276,10402,466227
"2019-06-07",10401,11097,10196,10852,509091
"2019-06-10",10892,11056,10605,10730,196115
"2019-06-11",10769,10933,10237,10279,343300
"2019-06-12",10318,10482,10032,10033,199406
"2019-06-13",10114,10606,10114,10238,243411
"2019-06-14",10318,10318,9827,9993,175297
"2019-06-17",9991,10073,9827,9870,110549
"2019-06-18",9868,10114,9622,9664,169424
"2019-06-19",9909,10032,9622,9624,161189
"2019-06-20",9705,10073,9622,9993,155204
"2019-06-21",9991,9991,9786,9829,97877
"2019-06-24",9746,9909,9622,9664,137181
"2019-06-25",9786,10318,9540,9583,486725
"2019-06-26",9500,9622,9376,9460,126110
"2019-06-27",9581,9581,9336,9378,112687
"2019-06-28",9376,9541,9213,9214,143139
"2019-07-01",9254,9622,9254,9378,162371
"2019-07-02",9376,9581,9254,9420,85594
"2019-07-03",9581,9991,9458,9664,430869
"2019-07-04",9827,9827,9458,9705,211995
"2019-07-05",9664,9705,9458,9542,61183
"2019-07-08",9417,9417,8763,9009,263595
"2019-07-09",8885,9172,8475,8478,248588
"2019-07-10",8475,8763,8475,8641,125744
"2019-07-11",8680,8926,8558,8887,163949
"2019-07-12",9008,9458,8926,9296,491965
"2019-07-15",9376,9581,9172,9214,158708
"2019-07-16",9254,9991,9254,9705,582460
"2019-07-17",9705,9909,9376,9501,256763
"2019-07-18",9417,9622,9254,9378,209963
"2019-07-19",9417,9458,9172,9214,168726
"2019-07-22",9213,9254,8967,9173,142202
"2019-07-23",9131,9581,8967,9051,400438
"2019-07-24",9131,9213,8763,8763,214176
"2019-07-25",8639,8804,8353,8478,309854
"2019-07-26",8353,8516,8189,8272,269842
"2019-07-29",8189,8271,7517,7527,461811
"2019-07-30",7526,7697,7452,7453,388023
"2019-07-31",7452,7542,6936,7405,472100
"2019-08-01",7353,7386,7149,7167,242828
"2019-08-02",7001,7297,6879,7085,386281
"2019-08-05",7026,7100,6117,6119,624545
"2019-08-06",5879,7574,5585,7044,2516073
"2019-08-07",7124,7239,6560,7060,740912
"2019-08-08",7165,7427,6952,7249,483127
"2019-08-09",7534,8009,7461,7502,800384
"2019-08-12",7386,7697,7222,7544,326167
"2019-08-13",7477,7608,7337,7470,243082
"2019-08-14",7657,8074,7599,7789,565896
"2019-08-16",7574,7723,7427,7609,232340
"2019-08-19",7738,7771,7501,7535,203621
"2019-08-20",7550,8025,7550,7962,614098
"2019-08-21",7837,7967,7796,7879,181772
"2019-08-22",7959,7976,7779,7797,157633
"2019-08-23",7730,7779,7558,7724,192818
"2019-08-26",5650,6502,5494,5496,2705515
"2019-08-27",5593,5683,5397,5462,724292
"2019-08-28",5445,5551,5404,5496,449067
"2019-08-29",5551,5625,5453,5471,249725
"2019-08-30",5478,5568,5462,5504,225773
"2019-09-02",5453,5503,5397,5471,249429
"2019-09-03",5511,6134,5470,5774,853663
"2019-09-04",5774,5895,5715,5733,231690
"2019-09-05",5740,5928,5740,5774,211252
"2019-09-06",5830,5871,5748,5783,85626
"2019-09-09",5757,5839,5732,5742,149794
"2019-09-10",5781,5806,5650,5733,112254
"2019-09-11",5757,6051,5715,5898,233054
"2019-09-16",5954,6043,5839,5906,113948
"2019-09-17",5920,6125,5912,6086,170434
"2019-09-18",6084,6183,6002,6019,106288
"2019-09-19",5978,6224,5978,6078,201983
"2019-09-20",6019,6190,5978,5995,114425
"2019-09-23",5945,5995,5774,5823,123229
"2019-09-24",5847,5978,5740,5807,137984
"2019-09-25",5806,5830,5577,5577,164811
"2019-09-26",5633,5707,5445,5462,114781
"2019-09-27",5421,5601,5389,5422,124151
"2019-09-30",5338,5404,5036,5102,246090
"2019-10-01",5044,5323,5044,5241,134666
"2019-10-02",5183,5371,5118,5373,88634
"2019-10-04",5371,5397,5118,5144,98291
"2019-10-07",5118,5241,4994,5005,158745
"2019-10-08",4912,5691,4888,5217,1377378
"2019-10-10",5209,5355,5174,5307,179078
"2019-10-11",5306,5330,5101,5102,140756
"2019-10-14",5126,5347,5068,5201,221359
"2019-10-15",5174,5355,5126,5267,225719
"2019-10-16",5265,5330,5142,5152,218896
"2019-10-17",5118,5191,4994,5029,184731
"2019-10-18",0,0,0,5029,0
"2019-10-21",0,0,0,5029,0
"2019-10-22",0,0,0,5029,0
"2019-10-23",0,0,0,5029,0
"2019-10-24",0,0,0,5029,0
"2019-10-25",0,0,0,5029,0
"2019-10-28",0,0,0,5029,0
"2019-10-29",0,0,0,5029,0
"2019-10-30",0,0,0,5029,0
"2019-10-31",0,0,0,5029,0
"2019-11-01",5028,5028,4635,4679,586273
"2019-11-04",4643,4686,4556,4644,287521
"2019-11-05",4678,4748,4635,4723,180940
"2019-11-06",4695,4748,4609,4635,211920
"2019-11-07",4635,4722,4617,4644,105446
"2019-11-08",4652,4704,4635,4670,81506
"2019-11-11",4686,4686,4565,4583,111348
"2019-11-12",4582,4739,4547,4662,168256
"2019-11-13",4660,4678,4600,4679,101423
"2019-11-14",4686,4686,4547,4600,105483
"2019-11-15",4600,4609,4424,4434,209223
"2019-11-18",4433,4451,4201,4224,331673
"2019-11-19",4240,4245,4057,4093,292315
"2019-11-20",4052,4175,4044,4058,174212
"2019-11-21",4057,4140,3978,3997,110800
"2019-11-22",3996,4044,3869,3887,280958
"2019-11-25",3887,4198,3887,4124,278438
"2019-11-26",4110,4275,4087,4242,158802
"2019-11-27",4240,4433,4136,4181,309101
"2019-11-28",4136,4136,3978,4054,229819
"2019-11-29",4061,4119,4018,4040,257241
"2019-12-02",4013,4119,3685,3761,451839
"2019-12-03",3760,3825,3685,3826,158052
"2019-12-04",3817,3834,3711,3743,98789
"2019-12-05",3751,3790,3629,3691,104241
"2019-12-06",3673,3864,3673,3808,205470
"2019-12-09",3847,4949,3786,4950,2723300
"2019-12-10",5684,5894,4582,4662,6340875
"2019-12-11",4669,5824,4530,5606,15970884
"2019-12-12",5535,6690,5352,6009,15685183
"2019-12-13",5859,6148,5745,5939,2039194
"2019-12-16",5877,6051,5772,5965,1274113
"2019-12-17",5877,6515,5798,6035,3806812
"2019-12-18",6077,6104,5570,5615,980773
"2019-12-19",5623,5736,5404,5475,702920
"2019-12-20",4765,5098,4757,5020,2713402
"2019-12-23",5028,5037,4765,4854,753735
"2019-12-24",4730,5334,4643,4968,4574425
"2019-12-26",4923,5037,4765,5011,897046
"2019-12-27",4985,5194,4976,5195,1553439
"2019-12-30",5238,5552,5168,5352,2405209
"2020-01-02",5466,5596,5378,5589,1517754
"2020-01-03",5640,5666,5439,5475,1067660
"2020-01-06",5352,5728,5273,5728,1409774
"2020-01-07",5772,5772,5561,5642,1229828
"2020-01-08",5587,5596,5220,5308,978543
"2020-01-09",5483,5754,5466,5755,2000317
"2020-01-10",5877,6611,5833,6568,9672477
"2020-01-13",6567,7214,6488,6752,7760153
"2020-01-14",6821,7127,6620,6620,3122539
"2020-01-15",6602,6882,6585,6726,1417130
"2020-01-16",6725,6847,6673,6813,948934
"2020-01-17",6803,6838,6427,6481,1297493
"2020-01-20",6480,6864,6480,6699,1957199
"2020-01-21",6690,6690,6488,6542,707002
"2020-01-22",6585,6768,6550,6769,819035
"2020-01-23",6734,6899,6664,6901,1137813
"2020-01-28",6559,7127,6401,7119,3194025
"2020-01-29",7258,8833,7127,7906,18682849
"2020-01-30",7932,8631,7827,8134,8260924
"2020-01-31",8054,8439,7765,7775,2790036
"2020-02-03",7565,8465,7232,8440,4031516
"2020-02-04",9095,9576,8517,8746,4947191
"2020-02-05",9051,9051,8396,8528,2689665
"2020-02-06",8334,8833,8325,8676,2049160
"2020-02-07",8675,8963,8570,8667,1370308
"2020-02-10",8544,8833,8526,8790,992816
"2020-02-11",8876,9620,8736,9009,4159104
"2020-02-12",9007,9051,8710,8833,1200679
"2020-02-13",8789,8876,8605,8746,1038658
"2020-02-14",8833,9095,8666,9052,1167987
"2020-02-17",8920,9007,8745,8921,806514
"2020-02-18",8833,9095,8526,8649,952592
"2020-02-19",8833,8833,8317,8571,907768
"2020-02-20",8719,8728,8141,8265,1340508
"2020-02-21",8002,8229,7783,7871,1276450
"2020-02-24",7521,7748,7424,7478,1017093
"2020-02-25",7477,7757,7284,7758,826019
"2020-02-26",7521,7643,7354,7486,710572
"2020-02-27",7468,7573,7022,7075,845714
"2020-02-28",6856,7127,6708,6734,863500
"2020-03-02",6812,7267,6812,7181,1176566
"2020-03-03",7503,7616,7162,7181,1282541
"2020-03-04",7084,7565,7075,7565,651347
"2020-03-05",7722,7722,7363,7521,998934
"2020-03-06",7372,7433,7249,7372,479345
"2020-03-09",7084,7232,6751,6822,782244
"2020-03-10",6646,7022,6646,6996,792873
"2020-03-11",7040,7075,6383,6559,778745
"2020-03-12",6401,6602,5955,6044,888396
"2020-03-13",5439,5859,5141,5598,1033505
"2020-03-16",5842,5946,5247,5248,875534
"2020-03-17",4897,5666,4871,5615,895760
"2020-03-18",5631,5763,5185,5187,593972
"2020-03-19",5273,5439,3987,4067,1327937
"2020-03-20",4206,4626,4206,4600,972635
"2020-03-23",4272,4713,4145,4351,828903
"2020-03-24",4600,4774,4468,4714,925387
"2020-03-25",4976,5089,4739,4950,1039638
"2020-03-26",5020,5229,4809,5020,1096829
"2020-03-27",5290,5361,4818,5090,798985
"2020-03-30",4923,5247,4844,5231,583066
"2020-03-31",5413,5413,5150,5291,708841
"2020-04-01",5255,5815,5203,5308,1279691
"2020-04-02",5422,5509,5159,5475,619647
"2020-04-03",5675,5728,5431,5519,591541
"2020-04-06",5535,5772,5517,5772,547577
"2020-04-07",6007,6410,5894,6209,1674789
"2020-04-08",6174,6777,6095,6638,1537315
"2020-04-09",6751,7171,6734,6961,1208261
"2020-04-10",7057,7066,6471,6970,919249
"2020-04-13",6882,7005,6646,6647,556275
"2020-04-14",6899,7066,6786,6813,814484
"2020-04-16",6864,7302,6786,7189,1219720
"2020-04-17",7328,7442,7119,7198,1245927
"2020-04-20",7275,7372,7049,7102,623087
"2020-04-21",6996,7162,6602,6875,778950
"2020-04-22",6794,6891,6629,6875,465317
"2020-04-23",7057,7127,6838,6918,438025
"2020-04-24",6864,6873,6611,6682,501780
"2020-04-27",6673,6873,6673,6752,296223
"2020-04-28",6935,6935,6673,6761,359212
"2020-04-29",6759,6812,6699,6726,240630
"2020-05-04",6567,6681,6340,6612,224797
"2020-05-06",6742,6847,6681,6734,248792
"2020-05-07",6699,6908,6699,6796,310229
"2020-05-08",6847,6970,6847,6935,362947
"2020-05-11",6987,7022,6716,6778,381587
"2020-05-12",6708,6777,6524,6620,312026
"2020-05-13",6471,8491,6471,7592,15337685
"2020-05-14",7477,7521,7101,7259,1924369
"2020-05-15",7346,7521,7275,7399,1676509
"2020-05-18",7407,7914,7302,7679,3475024
"2020-05-19",7871,8010,7634,7862,1999295
"2020-05-20",7862,7923,7739,7854,975910
"2020-05-21",7941,8352,7888,8020,3846175
"2020-05-22",8080,8168,7678,7897,1050333
"2020-05-25",7932,8089,7871,7976,700981
"2020-05-26",8098,8299,8019,8038,1694377
"2020-05-27",8036,8036,7730,7767,771875
"2020-05-28",7827,7871,7284,7495,692702
"2020-05-29",7495,7660,7424,7460,376293
"2020-06-01",7521,7783,7521,7767,434370
"2020-06-02",7853,7897,7616,7723,419732
"2020-06-03",7836,7836,7651,7697,352950
"2020-06-04",7739,8124,7713,7924,1748802
"2020-06-05",7923,8002,7774,7862,471451
"2020-06-08",7897,7967,7730,7775,372826
"2020-06-09",7871,8115,7818,8064,1458368
"2020-06-10",8054,8054,7871,7968,626165
"2020-06-11",8071,8089,7827,7854,590785
"2020-06-12",7145,7599,7127,7583,699104
"2020-06-15",7565,7565,6751,6787,672522
"2020-06-16",7005,7223,7005,7137,374689
"2020-06-17",7084,7346,6943,7093,464341
"2020-06-18",7179,7205,7057,7067,236360
"2020-06-19",7179,7188,7022,7189,274504
"2020-06-22",7319,7389,7197,7312,355949
"2020-06-23",7337,7451,7119,7189,329401
"2020-06-24",7258,7319,7188,7251,255450
"2020-06-25",7092,7223,7092,7093,233356
"2020-06-26",7110,7205,6996,7075,266527
"2020-06-29",6926,7040,6856,6857,245050
"2020-06-30",6987,7040,6856,6970,248567
"2020-07-01",7101,7197,6882,6883,295444
"2020-07-02",6943,6970,6847,6901,140381
"2020-07-03",6996,7267,6987,7023,344796
"2020-07-06",7040,7145,7031,7119,212477
"2020-07-07",7302,7302,7031,7049,264669
"2020-07-08",7119,7240,7066,7119,210057
"2020-07-09",7153,7171,7066,7119,212649
"2020-07-10",7145,7153,6926,6953,315546
"2020-07-13",7049,7049,6899,6996,207675
"2020-07-14",6970,7127,6917,7119,289129
"2020-07-15",7179,7521,7084,7495,1031835
"2020-07-16",7608,7853,7460,7644,2072256
"2020-07-17",7713,7713,7573,7653,474345
"2020-07-20",7686,7888,7599,7871,937567
"2020-07-21",7976,8019,7722,7801,780130
"2020-07-22",7827,7836,7608,7635,606868
"2020-07-23",7678,7739,7556,7609,434072
"2020-07-24",7573,7730,7451,7609,384484
"2020-07-27",7547,7827,7530,7784,751963
"2020-07-28",7853,7871,7678,7697,535401
"2020-07-29",7695,7792,7625,7679,284873
"2020-07-30",7713,7800,7634,7653,358893
"2020-07-31",7686,8036,7573,7723,2003044
"2020-08-03",7897,8211,7809,8029,2228719
"2020-08-04",7984,8071,7792,7845,950834
"2020-08-05",7871,7984,7800,7889,708410
"2020-08-06",7888,9270,7888,8790,10841540
"2020-08-07",8789,9183,8658,9009,3007887
"2020-08-10",9707,10538,9445,9970,9012870
"2020-08-11",10275,10888,9838,10277,3963232
"2020-08-12",10275,10495,9620,10495,2224581
"2020-08-13",10844,10844,9750,9883,2271358
"2020-08-14",9882,10101,9445,10014,1263008
"2020-08-18",9750,9970,8833,9139,1453118
"2020-08-19",9313,9926,9183,9883,1273838
"2020-08-20",9882,10013,9095,9271,1471848
"2020-08-21",9794,9882,9357,9446,1405150
"2020-08-24",9357,9794,9051,9664,993171
"2020-08-25",9838,9838,9445,9752,917538
"2020-08-26",9750,9838,9357,9620,930927
"2020-08-27",9532,9882,9357,9402,1000563
"2020-08-28",9488,10319,9401,9752,2242492
"2020-08-31",9838,10144,9707,9970,905322
"2020-09-01",10275,10363,9882,10102,941842
"2020-09-02",10144,10188,9794,9970,678203
"2020-09-03",9926,10144,9838,9883,601781
"2020-09-04",9270,9750,9226,9620,782293
"2020-09-07",9750,9838,9445,9664,688019
"2020-09-08",9707,9838,9401,9489,585168
"2020-09-09",9139,9357,8745,8877,1224207
"2020-09-10",9183,9357,8963,9227,841694
"2020-09-11",9183,9445,9051,9358,601227
"2020-09-14",9532,9620,9357,9620,453975
"2020-09-15",9750,9750,9313,9358,466803
"2020-09-16",9401,9445,9139,9271,408488
"2020-09-17",9270,9270,8876,9009,396557
"2020-09-18",8963,9183,8876,8965,310370
"2020-09-21",8963,9139,8719,8790,566348
"2020-09-22",8745,8833,8404,8528,639841
"2020-09-23",8789,8789,8308,8746,527518
"2020-09-24",8396,8640,8133,8134,401686
"2020-09-25",8168,8387,7923,8046,267104
"2020-09-28",8098,8334,8098,8238,226692
"2020-09-29",8482,8482,8247,8343,196860
"2020-10-05",8343,8396,8176,8291,269937
"2020-10-06",8317,8666,8308,8466,454802
"2020-10-07",8473,8631,8447,8536,191786
"2020-10-08",8561,8605,8325,8326,706239
"2020-10-12",8413,8500,8378,8379,243750
"2020-10-13",8404,8439,8176,8247,227774
"2020-10-14",8317,8317,8141,8160,189878
"2020-10-15",8089,8185,7818,7889,312573
"2020-10-16",7932,8027,7608,7818,279319
"2020-10-19",7818,7862,7512,7521,314859
"2020-10-20",7433,7590,7214,7451,333242
"2020-10-21",7486,7495,7354,7469,208344
"2020-10-22",7398,7468,7171,7242,248037
"2020-10-23",7249,7302,7005,7093,357293
"2020-10-26",7092,7171,6611,6612,417984
"2020-10-27",6567,6856,6374,6699,331729
"2020-10-28",6664,6935,6664,6927,184829
"2020-10-29",6794,6917,6690,6918,133141
"2020-10-30",6917,6978,6690,6691,152092
"2020-11-02",6655,6943,6655,6944,122449
"2020-11-03",6952,7223,6952,7198,242212
"2020-11-04",7232,7302,7075,7259,232125
"2020-11-05",7354,7530,7275,7513,355588
"2020-11-06",7556,7765,7398,7486,426425
"2020-11-09",7678,7713,7538,7627,279064
"2020-11-10",7757,7757,7442,7469,258685
"2020-11-11",7416,7460,7240,7347,263604
"2020-11-12",7302,7477,7302,7443,135320
"2020-11-13",7372,7424,7249,7338,189838
"2020-11-16",7311,7407,7258,7355,233634
"2020-11-17",7372,7424,7267,7330,152101
"2020-11-18",7389,7538,7302,7539,313252
"2020-11-19",7530,7530,7346,7390,183680
"2020-11-20",7389,7416,7319,7355,200999
"2020-11-23",7346,7346,7258,7312,244342
"2020-11-24",7424,7442,7319,7416,229739
"2020-11-25",7547,7556,7171,7294,290410
"2020-11-26",7232,7337,7223,7268,171894
"2020-11-27",7240,7949,7240,7941,1536270
"2020-11-30",7984,8211,7897,7950,931813
"2020-12-01",7871,8071,7871,7976,348986
"2020-12-02",8019,8465,7853,8317,1133631
"2020-12-03",8439,9183,8247,8921,2360857
"2020-12-04",8920,8963,8605,8606,898777
"2020-12-07",8570,8570,8106,8160,893134
"2020-12-08",8159,8456,8089,8099,648694
"2020-12-09",8133,10495,8036,10495,9636892
"2020-12-10",10319,10932,9664,10539,22061264
"2020-12-11",10363,10407,9970,10233,3931807
"2020-12-14",10057,10451,9882,10364,3625183
"2020-12-15",10275,10713,10057,10714,5185950
"2020-12-16",10757,12156,10407,11370,23731539
"2020-12-17",11238,11500,11019,11501,1595427
"2020-12-18",11500,11544,11325,11414,845832
"2020-12-21",11544,11763,11412,11632,1164578
"2020-12-22",11325,11412,10363,10495,2431987
"2020-12-23",10538,10625,9838,10145,1840286
"2020-12-24",10232,10625,10057,10277,1066855
"2020-12-28",10275,10538,10188,10320,1022515
"2020-12-29",10407,10669,10319,10495,780376
"2020-12-30",10581,10975,10581,10670,1470238
"2021-01-04",10800,11325,10713,11064,1858363
"2021-01-05",11106,11150,10495,10757,1469747
"2021-01-06",10800,10888,10319,10364,1064367
"2021-01-07",10538,11544,10363,10932,3249011
"2021-01-08",11194,11456,10757,11282,2563077
"2021-01-11",11719,11719,10800,11457,3453617
"2021-01-12",11412,11544,11019,11282,1202953
"2021-01-13",11369,11456,10975,11064,783762
"2021-01-14",10888,11282,10888,11238,853925
"2021-01-15",11587,11587,11150,11282,1076243
"2021-01-18",11019,11194,10538,10583,914488
"2021-01-19",10581,11150,10581,11064,783619
"2021-01-20",11456,11631,11194,11501,1725379
"2021-01-21",11719,12594,11500,12419,5143735
"2021-01-22",12243,12418,11893,12157,1584848
"2021-01-25",12243,12506,11937,12069,1236905
"2021-01-26",12156,12156,11500,11501,1262785
"2021-01-27",11631,11675,11238,11632,751054
"2021-01-28",11194,11719,11062,11457,934923
"2021-01-29",11675,11806,10495,10714,985232
"2021-02-01",10713,11062,10144,10976,629364
"2021-02-02",11106,11544,10975,11282,648612
"2021-02-03",11544,11544,11062,11151,530485
"2021-02-04",11150,11194,10800,10889,517994
"2021-02-05",10975,11062,10625,10976,425108
"2021-02-08",10932,10932,10713,10757,297952
"2021-02-09",10888,10888,10713,10757,234660
"2021-02-10",10757,10800,10495,10801,333565
"2021-02-15",11019,11412,10844,11370,1030276
"2021-02-16",11369,12243,11238,11851,2749151
"2021-02-17",11937,11937,11544,11763,771490
"2021-02-18",11763,11937,11369,11370,570357
"2021-02-19",11412,11719,11282,11457,775843
"2021-02-22",11587,11763,11238,11238,498588
"2021-02-23",11062,11456,10800,11282,429511
"2021-02-24",11325,11763,10888,10889,721225
"2021-02-25",11194,11238,10932,11020,376597
"2021-02-26",10581,10932,10495,10714,462695
"2021-03-02",11019,11062,10451,10539,366466
"2021-03-03",10451,10669,10275,10407,358142
"2021-03-04",10888,10975,10319,10320,597419
"2021-03-05",10188,10188,9707,10014,553349
"2021-03-08",10013,10144,9270,9402,662618
"2021-03-09",9270,9445,8789,9183,592353
"2021-03-10",9488,9488,9139,9183,392212
"2021-03-11",9183,9620,9183,9489,263929
"2021-03-12",9707,10101,9664,9883,484800
"2021-03-15",9882,11544,9357,11064,3390153
"2021-03-16",10844,10932,10407,10670,1045385
"2021-03-17",10495,10844,10363,10495,577355
"2021-03-18",10407,10713,10407,10451,353987
"2021-03-19",10101,10495,10101,10451,219799
"2021-03-22",10495,10538,10144,10189,260035
"2021-03-23",10057,10057,9313,9315,1537456
"2021-03-24",9270,9576,9139,9446,462146
"2021-03-25",9357,9664,9357,9402,344232
"2021-03-26",9445,9488,9183,9315,291273
"2021-03-29",9357,9401,8833,9139,390573
"2021-03-30",9226,9488,9226,9446,337810
"2021-03-31",9532,9707,9488,9620,467784
"2021-04-01",9882,9882,9532,9620,419375
"2021-04-02",9794,10013,9532,9533,671623
"2021-04-05",9620,10013,9313,9664,1104831
"2021-04-06",9707,9794,9576,9620,284385
"2021-04-07",9620,10013,9576,9926,674237
"2021-04-08",10013,10057,9750,9926,347509
"2021-04-09",9926,9970,9707,9708,220262
"2021-04-12",9882,10188,9794,9970,570849
"2021-04-13",9970,10188,9882,10058,567258
"2021-04-14",10101,10188,9838,9970,453357
"2021-04-15",10057,10319,10013,10014,614457
"2021-04-16",10101,10144,9882,10058,310121
"2021-04-19",10057,10232,9882,10189,429746
"2021-04-20",10144,10757,10101,10714,1314802
"2021-04-21",10713,11194,10581,10757,1287384
"2021-04-22",10844,11325,10713,11108,2042306
"2021-04-23",10975,11456,10800,11414,1760893
"2021-04-26",11631,12025,11282,11370,1749707
"2021-04-27",11806,12025,11544,11763,1631395
"2021-04-28",11763,11763,11106,11194,1040399
"2021-04-29",11106,11369,10538,10714,858389
"2021-04-30",10713,10888,10275,10539,660300
"2021-05-03",10407,10451,9926,9970,667576
"2021-05-04",9882,10363,9882,10102,660937
"2021-05-06",10101,10188,9926,10058,310995
"2021-05-07",10188,10188,9970,10014,263053
"2021-05-10",10188,10581,10101,10539,426112
"2021-05-11",10407,10538,10232,10451,368878
"2021-05-12",10363,10407,9882,10058,424063
"2021-05-13",9838,9970,9707,9708,320235
"2021-05-14",9926,10188,9707,9840,349325
"2021-05-17",10057,10101,9707,9752,216716
"2021-05-18",9750,10057,9707,9840,330030
"2021-05-20",9838,10057,9794,9926,215174
"2021-05-21",10057,10057,9707,9752,231210
"2021-05-24",9794,9882,9620,9664,216966
"2021-05-25",9750,9838,9620,9752,186826
"2021-05-26",9750,9750,9445,9577,346928
"2021-05-27",9620,9707,9488,9664,199238
"2021-05-28",9707,9926,9707,9840,253652
"2021-05-31",9882,9926,9576,9664,350534
"2021-06-01",9664,9750,9620,9620,170008
"2021-06-02",9620,9750,9576,9664,184217
"2021-06-03",9620,9794,9576,9752,236442
"2021-06-04",9750,9838,9707,9840,158793
"2021-06-07",9882,10275,9838,10277,650338
"2021-06-08",10319,10800,10101,10627,1318446
"2021-06-09",10669,10713,10232,10277,531817
"2021-06-10",10319,10451,10057,10277,292736
"2021-06-11",10232,10581,9926,9926,926981
"2021-06-14",9970,10407,9970,10277,583151
"2021-06-15",10188,10363,10057,10102,207700
"2021-06-16",10101,10319,10057,10102,227049
"2021-06-17",10101,10319,9970,10145,293139
"2021-06-18",10188,10495,10188,10407,440531
"2021-06-21",10363,10669,10275,10407,555391
"2021-06-22",10538,10581,10232,10277,351256
"2021-06-23",10363,10451,10144,10189,300224
"2021-06-24",10188,10407,10013,10145,304048
"2021-06-25",10144,10232,9926,9970,334194
"2021-06-28",9970,10013,9838,9926,232300
"2021-06-29",10013,10013,9882,9970,147246
"2021-06-30",9970,10013,9882,9926,141563
"2021-07-01",9970,10407,9926,10233,490203
"2021-07-02",10319,10363,10057,10102,258005
"2021-07-05",10144,10232,10101,10189,197616
"2021-07-06",10232,10319,10101,10189,286507
"2021-07-07",10188,10451,10057,10364,457046
"2021-07-08",10407,10451,9970,9970,413612
"2021-07-09",9838,10144,9620,10102,421181
"2021-07-12",10144,10188,9970,10014,175308
"2021-07-13",10101,11019,10057,10845,3186957
"2021-07-14",10888,11631,10844,11020,5259017
"2021-07-15",11106,11369,10757,11194,1552602
"2021-07-16",11150,11500,11019,11238,1140020
"2021-07-19",11194,11719,11062,11588,2477863
"2021-07-20",11282,11456,10713,10801,1732532
"2021-07-21",10932,11062,10669,10889,616982
"2021-07-22",10888,11019,10713,10714,502810
"2021-07-23",10800,11325,10800,11108,880181
"2021-07-26",11150,11500,10975,11151,781806
"2021-07-27",11238,11456,11019,11064,656345
"2021-07-28",10888,11238,10844,10976,433399
"2021-07-29",11062,11456,10932,11326,770025
"2021-07-30",11456,11675,11150,11501,1804131
"2021-08-02",11412,11849,11282,11632,932457
"2021-08-03",11631,12156,11544,11939,2078070
"2021-08-04",11937,12069,11587,11895,856974
"2021-08-05",11893,12112,11719,11763,695216
"2021-08-06",11893,12025,11719,11807,614330
"2021-08-09",11937,13948,11806,13425,11983643
"2021-08-10",13511,13686,12856,13644,2728980
"2021-08-11",13555,13774,13205,13207,1349400
"2021-08-12",13118,17098,13074,16049,25739588
"2021-08-13",16223,17666,15436,16748,14764356
"2021-08-17",16441,16966,14823,14825,5478686
"2021-08-18",14823,18016,14736,17186,23664378
"2021-08-19",16792,17054,16660,16836,1689344
"2021-08-20",17054,17054,16485,16661,1166682
"2021-08-23",16966,17579,16922,17579,1973620
"2021-08-24",17360,20246,16179,16836,18209648
"2021-08-25",16748,18060,16398,17142,6330679
"2021-08-26",17491,17885,16748,17623,4957176
"2021-08-27",17360,17841,16835,16968,2431697
"2021-08-30",16966,17272,15567,16180,3398806
"2021-08-31",16398,16704,16091,16267,1926604
"2021-09-01",16267,16441,15786,16267,1368241
"2021-09-02",16179,16223,15567,15612,1209533
"2021-09-03",15567,16311,15436,15656,1605115
"2021-09-06",15829,17010,15654,16443,3304063
"2021-09-07",16529,17403,16398,16968,3167168
"2021-09-08",17010,17316,16485,16924,1531656
"2021-09-09",16748,17272,16311,16443,1351626
"2021-09-10",16354,16922,16135,16180,1337064
"2021-09-13",15917,17797,15742,17142,6292497
"2021-09-14",17623,17972,16878,17186,3702374
"2021-09-15",17491,17579,16660,16748,1820814
"2021-09-16",17098,17535,16748,16748,2032258
"2021-09-17",17010,17141,16311,16574,1256881
"2021-09-23",16135,16311,15786,15918,1032836
"2021-09-24",16135,16922,16135,16355,1975112
"2021-09-27",16441,17185,16354,17142,1706148
"2021-09-28",17141,17185,16311,16399,1114420
"2021-09-29",15742,16398,15524,16267,1024189
"2021-09-30",16091,16660,16048,16399,792326
"2021-10-01",16179,16792,15829,15874,954627
"2021-10-05",15480,15873,14911,15131,954980
"2021-10-06",15392,16004,13905,14168,1504891
"2021-10-07",14605,14693,13730,14693,976095
"2021-10-08",14911,15086,14430,14562,754981
"2021-10-12",14473,14867,14299,14649,461383
"2021-10-13",14605,15524,14605,15087,899056
"2021-10-14",15480,15742,15217,15568,835668
"2021-10-15",15742,16267,15567,15699,1172767
"2021-10-18",15742,16135,15567,15961,616088
"2021-10-19",16223,16573,16004,16180,1077486
"2021-10-20",16267,16441,15436,15568,794743
"2021-10-21",15567,15654,14693,14825,1046723
"2021-10-22",14561,14999,14430,14605,520679
"2021-10-25",14605,14693,14036,14693,383776
"2021-10-26",14999,15130,14605,14605,386474
"2021-10-27",14605,14779,14124,14256,486905
"2021-10-28",14299,14473,13818,13862,527103
"2021-10-29",13948,14080,13424,13556,559687
"2021-11-01",13555,13774,12987,13600,511811
"2021-11-02",13774,13862,13381,13381,343927
"2021-11-03",13468,13948,13337,13862,654157
"2021-11-04",13992,14036,13424,13513,454083
"2021-11-05",13643,13905,13381,13381,385448
"2021-11-08",13381,13599,12943,13556,437485
"2021-11-09",13424,13774,13293,13731,394669
"2021-11-10",13599,13643,13074,13163,454999
"2021-11-11",13161,13686,13118,13293,565776
"2021-11-12",13249,14080,13205,14038,800241
"2021-11-15",14124,14823,13905,14649,962260
"2021-11-16",14911,15130,14693,14737,927477
"2021-11-17",15042,15042,14211,14693,711474
"2021-11-18",14649,15348,14430,15262,1071395
"2021-11-19",15348,15392,14779,14955,690222
"2021-11-22",14911,14911,13905,14387,620553
"2021-11-23",14168,14693,14124,14168,347667
"2021-11-24",14036,14605,14036,14475,422402
"2021-11-25",14473,14779,14211,14256,377644
"2021-11-26",14211,14517,13643,13731,592216
"2021-11-29",13249,13468,12812,12900,732079
"2021-11-30",13161,13293,12243,12288,668183
"2021-12-01",12287,12812,11937,12769,554597
"2021-12-02",12418,12680,12374,12506,333570
"2021-12-03",12506,12768,12462,12682,280785
"2021-12-06",12506,12637,11587,12594,415391
"2021-12-07",12680,13249,12680,12769,444362
"2021-12-08",12856,13424,12856,13031,508530
"2021-12-09",13161,13293,12987,13031,303533
"2021-12-10",12943,13031,12724,12769,212574
"2021-12-13",12768,12856,12550,12594,193775
"2021-12-14",12594,12856,12331,12419,410336
"2021-12-15",12331,12637,12287,12594,247360
"2021-12-16",12724,12812,12506,12550,204978
"2021-12-17",12418,12550,12331,12506,160098
"2021-12-20",12506,12637,12374,12419,206888
"2021-12-21",12462,12899,12374,12856,575753
"2021-12-22",13031,13074,12724,12769,270567
"2021-12-23",12943,13205,12856,12988,417693
"2021-12-24",13074,13074,12724,12769,306505
"2021-12-27",12812,13031,12594,12900,429199
"2021-12-28",12943,13074,12768,12856,396971
"2021-12-29",12987,13599,12899,13556,713213
"2021-12-30",13686,14211,13293,14081,779696
"2022-01-03",14168,14211,13905,14081,357797
"2022-01-04",14299,14342,13992,14168,333247
"2022-01-05",14080,14124,13599,13644,388832
"2022-01-06",13249,13774,13118,13207,448761
"2022-01-07",13337,13381,13031,13119,322182
"2022-01-10",13074,13074,12462,12506,506810
"2022-01-11",12594,12637,12243,12288,304235
"2022-01-12",12462,12856,12462,12856,288933
"2022-01-13",12943,13161,12768,13119,257748
"2022-01-14",12812,13074,12724,12900,224031
"2022-01-17",12899,13118,12550,12638,181333
"2022-01-18",12594,12856,12287,12376,246601
"2022-01-19",12200,12506,12112,12376,148083
"2022-01-20",12374,12768,12331,12769,143254
"2022-01-21",12550,12768,12331,12419,163343
"2022-01-24",12374,12506,11893,12157,269400
"2022-01-25",12156,12243,11544,11632,318460
"2022-01-26",11631,11849,11456,11588,279309
"2022-01-27",11631,11763,10581,10757,625899
"2022-01-28",10757,11062,10101,10976,464601
"2022-02-03",11194,12200,11106,11719,620694
"2022-02-04",11763,11893,11500,11895,413523
"2022-02-07",11806,11849,11500,11676,168418
"2022-02-08",11631,11937,11282,11370,283804
"2022-02-09",11500,11763,11369,11676,158641
"2022-02-10",11763,11763,11412,11457,135767
"2022-02-11",11194,11500,11150,11238,124204
"2022-02-14",10888,11106,10538,10627,268721
"2022-02-15",10669,10844,10319,10451,239942
"2022-02-16",10757,11369,10757,11370,342770
"2022-02-17",11369,11806,11062,11545,391602
"2022-02-18",11282,11631,11150,11632,221616
"2022-02-21",11369,11631,11238,11545,170277
"2022-02-22",11282,11456,11106,11282,164714
"2022-02-23",11282,11544,11238,11457,146021
"2022-02-24",11325,11806,11150,11194,325144
"2022-02-25",11500,11893,11412,11763,351417
"2022-02-28",11587,11981,11587,11851,407098
"2022-03-02",13031,13074,12374,12463,1139336
"2022-03-03",12637,12812,12462,12594,314019
"2022-03-04",12462,12680,12287,12594,238286
"2022-03-07",12550,12550,12156,12332,200655
"2022-03-08",12025,12287,12025,12025,246644
"2022-03-10",12418,12418,12112,12157,142529
"2022-03-11",12200,12287,12025,12113,114300
"2022-03-14",12069,12069,11412,11632,233556
"2022-03-15",11500,11849,11500,11588,138296
"2022-03-16",11763,11893,11587,11807,153217
"2022-03-17",12069,12331,11981,12157,301291
"2022-03-18",12331,12331,12025,12113,129833
"2022-03-21",12200,12331,12069,12157,147821
"2022-03-22",12243,12418,12112,12332,162891
"2022-03-23",12418,12637,12331,12506,296189
"2022-03-24",12331,12637,12287,12550,164300
"2022-03-25",12594,12637,12287,12288,163526
"2022-03-28",12287,12418,12069,12332,179163
"2022-03-29",12506,12856,12374,12726,593906
"2022-03-30",12899,12899,12550,12638,204198
"2022-03-31",12550,12812,12506,12726,152765
"2022-04-01",12594,12680,12418,12419,124250
"2022-04-04",12418,12768,12418,12682,258208
"2022-04-05",12768,13031,12724,12856,233235
"2022-04-06",12680,13031,12594,12944,268152
"2022-04-07",12812,12943,12462,12726,269698
"2022-04-08",12812,14386,12768,13600,6246523
"2022-04-11",13730,14255,13599,13775,1506827
"2022-04-12",13555,14211,13337,14168,1277106
"2022-04-13",13555,13905,13161,13513,1363697
"2022-04-14",13643,13730,13074,13293,632363
"2022-04-15",13118,13686,13118,13513,517570
"2022-04-18",13555,13905,13511,13731,410503
"2022-04-19",13730,14517,13686,14431,1397940
"2022-04-20",14605,14823,14255,14649,1053567
"2022-04-21",14955,16792,14867,16705,6296620
"2022-04-22",16441,17447,16354,16880,2933994
"2022-04-25",16660,17054,15917,16355,2059676
"2022-04-26",16616,16878,15304,15524,1852594
"2022-04-27",14955,15304,14693,15131,1431414
"2022-04-28",15130,15304,14299,14431,1336867
"2022-04-29",14561,15086,14342,14868,975167
"2022-05-02",14517,14998,14473,14825,502344
"2022-05-03",14779,15348,14779,14999,781907
"2022-05-04",14999,15670,14999,15178,645562
"2022-05-06",14820,15133,14462,14820,444250
"2022-05-09",14641,14775,14059,14372,463263
"2022-05-10",14103,14327,13656,14238,578886
"2022-05-11",14238,14596,14059,14462,261108
"2022-05-12",14327,14462,13700,13790,425899
"2022-05-13",13924,14282,13790,14238,186597
"2022-05-16",14506,14820,14238,14596,369405
"2022-05-17",15044,15491,14775,15313,725318
"2022-05-18",15491,15581,15044,15089,373291
"2022-05-19",14551,15894,14506,15805,1132280
"2022-05-20",15805,16029,15491,15671,500066
"2022-05-23",15894,16073,15447,15581,341154
"2022-05-24",15581,15670,15088,15178,332700
"2022-05-25",15267,15357,14775,15044,251778
"2022-05-26",15267,15312,14999,15044,229002
"2022-05-27",15312,15581,15044,15044,515862
"2022-05-30",15267,15312,14999,15044,216881
"2022-05-31",15044,15715,15044,15581,464896
"2022-06-02",15626,15894,15447,15716,332313
"2022-06-03",15850,15850,15402,15492,238769
"2022-06-07",15312,15447,14954,14999,254978
"2022-06-08",15088,15267,14999,15089,174985
"2022-06-09",15133,15357,14999,15134,189457
"2022-06-10",14954,15178,14820,14865,194077
"2022-06-13",14596,14685,14238,14283,323736
"2022-06-14",13924,14775,13924,14596,380408
"2022-06-15",14596,15044,14417,14596,290626
"2022-06-16",14999,15670,14864,15178,700309
"2022-06-17",14864,16700,14775,16566,1847519
"2022-06-20",16835,17327,16342,16656,1625941
"2022-06-21",16835,17014,15178,15850,1380582
"2022-06-22",16350,16800,15150,15150,787115
"2022-06-23",15350,15650,13850,13850,960460
"2022-06-24",13950,15200,13600,14800,663527
"2022-06-27",15300,16800,15300,16350,1042802
"2022-06-28",16600,16800,16100,16600,487559
"2022-06-29",16300,16750,16150,16450,388416
"2022-06-30",16400,16550,15200,15200,644083
"2022-07-01",15250,15550,14400,14800,534372
"2022-07-04",14550,14800,13650,13950,729123
"2022-07-05",14100,15050,13800,15000,512864
"2022-07-06",14850,15100,14250,14300,457873
"2022-07-07",14600,14650,14200,14350,333460
"2022-07-08",14900,15200,14600,14650,477644
"2022-07-11",14800,15450,14550,14800,417364
"2022-07-12",14650,14700,14200,14200,330033
"2022-07-13",14100,14900,13900,14800,305998
"2022-07-14",14800,15350,14600,14900,416185
"2022-07-15",15000,15350,14750,15200,356734
"2022-07-18",15250,15300,14700,15250,479558
"2022-07-19",15100,17650,14950,17650,3308833
"2022-07-20",18100,19400,17700,18400,4928026
"2022-07-21",18300,18950,18250,18550,1833126
"2022-07-22",19050,19650,18400,19000,2939162
"2022-07-25",19100,19800,18800,19600,1763226
"2022-07-26",19600,19650,17600,17600,3483356
"2022-07-27",17550,18000,17050,17950,2106176
"2022-07-28",18000,18050,16600,16800,3037097
"2022-07-29",17000,17400,16650,16900,1350837
"2022-08-01",17100,17850,16900,17700,1591192
"2022-08-02",17800,18500,17400,18200,1605711
"2022-08-03",18250,18450,17900,18350,1282630
"2022-08-04",18550,18850,17900,18250,1101541
"2022-08-05",18400,18450,17600,18000,963921
"2022-08-08",17950,18350,17800,18200,651629
"2022-08-09",18300,19700,18250,19700,3930140
"2022-08-10",19650,23000,19550,22050,10445969
"2022-08-11",22450,22700,21750,22200,3124091
"2022-08-12",22250,22300,20900,21550,2548621
"2022-08-16",21650,22800,21450,21950,2360442
"2022-08-17",21750,22600,21100,21250,2335842
"2022-08-18",21100,21750,20950,21350,1085460
"2022-08-19",21650,21850,20350,20400,1573086
"2022-08-22",20000,20800,20000,20200,1005163
"2022-08-23",19950,20700,19850,20550,1123473
"2022-08-24",20700,22000,20500,22000,2362003
"2022-08-25",22000,24400,21800,23000,6653161
"2022-08-26",23000,23300,22550,22750,1573216
"2022-08-29",21900,22700,21450,22500,1671790
"2022-08-30",22600,24000,22250,23250,3463436
"2022-08-31",23350,25200,23300,24400,4302874
"2022-09-01",24250,25750,24200,24500,3638713
"2022-09-02",25500,25500,23400,24450,2958017
"2022-09-05",24200,24250,22900,23200,1852188
"2022-09-06",22900,24000,22850,24000,1412455
"2022-09-07",24250,26350,23850,25200,5358487
"2022-09-08",25750,27900,25600,27600,7143321
"2022-09-13",28150,29200,27750,28600,3405893
"2022-09-14",27600,30650,27600,30350,5462708
"2022-09-15",30250,30500,29700,30000,2757295
"2022-09-16",29900,30150,27950,28500,2396853
"2022-09-19",28400,29150,26300,26750,2896772
"2022-09-20",27350,27400,26000,26100,1869992
"2022-09-21",26100,27250,25450,27250,2055102
"2022-09-22",26700,28700,26700,28400,2789909
"2022-09-23",28600,28700,26250,26500,2104829
"2022-09-26",25600,26050,24150,24450,2309217
"2022-09-27",25000,25450,24100,25450,2153092
"2022-09-28",25550,25550,22800,23000,2798843
"2022-09-29",23650,24050,22200,22350,2059184
"2022-09-30",21950,23150,21800,22800,2428178
"2022-10-04",23450,23500,22100,23150,1841280
"2022-10-05",23800,24650,22350,22400,2243983
"2022-10-06",22750,24050,22450,23800,1756696
"2022-10-07",23400,23950,23150,23500,1040533
"2022-10-11",22850,23050,22250,22750,808449
"2022-10-12",22850,23400,22600,23350,800845
"2022-10-13",23450,24150,23250,23350,1464117
"2022-10-14",24100,24350,23550,23750,1195600
"2022-10-17",23000,24800,23000,24700,1443258
"2022-10-18",25250,25450,24250,24900,1341893
"2022-10-19",25000,26450,25000,25600,2148258
"2022-10-20",25650,26050,24800,25200,1155351
"2022-10-21",25050,25500,24400,24500,717760
"2022-10-24",25050,25100,24050,24300,796833
"2022-10-25",24400,24600,23150,23250,1309837
"2022-10-26",23550,23700,22550,22700,898493
"2022-10-27",22900,23950,22900,23950,1401532
"2022-10-28",23800,25550,23450,24900,2399187
"2022-10-31",25550,25600,24550,25200,1372971
"2022-11-01",25300,25950,25150,25600,1211768
"2022-11-02",25500,26250,24550,25050,1327617
"2022-11-03",24550,26850,24550,26600,2671780
"2022-11-04",26750,27000,26200,26600,1267218
"2022-11-07",26550,26550,25600,25900,873964
"2022-11-08",25900,26150,24800,25300,1133052
"2022-11-09",25150,25800,25100,25500,956685
"2022-11-10",25050,25950,24950,25100,920553
"2022-11-11",25800,26000,25050,25350,1249706
"2022-11-14",25400,26100,25300,25400,1067473
"2022-11-15",24950,25300,23800,24050,1983025
"2022-11-16",24000,24050,23250,23700,1051417
"2022-11-17",23400,23650,23000,23400,605290
"2022-11-18",23300,23900,23200,23350,537874
"2022-11-21",23350,23650,23000,23150,410186
"2022-11-22",23050,23050,22000,22150,1019261
"2022-11-23",22450,22750,22250,22550,517150
"2022-11-24",22900,23650,22850,23650,701232
"2022-11-25",23800,23850,23250,23600,477217
"2022-11-28",23600,23900,22950,23050,541969
"2022-11-29",23000,23550,22800,23350,418810
"2022-11-30",23300,23300,22650,23000,767312
"2022-12-01",23500,24150,23400,23900,907205
"2022-12-02",24050,24100,22850,23000,627999
"2022-12-05",23100,23150,22150,22250,603174
"2022-12-06",21800,21950,21200,21250,860431
"2022-12-07",20850,21450,20250,21150,985811
"2022-12-08",21050,21500,20700,21350,452340
"2022-12-09",21500,21500,20400,20750,701159
"2022-12-12",20450,21100,20450,20750,380803
"2022-12-13",20950,21550,20950,21150,547307
"2022-12-14",21500,21950,21400,21900,496611
"2022-12-15",21750,23050,21600,22300,1075850
"2022-12-16",21950,22900,21900,22650,617918
"2022-12-19",22550,22800,22100,22300,369309
"2022-12-20",22500,22950,22350,22500,529042
"2022-12-21",22700,22750,22000,22100,394907
"2022-12-22",22400,22650,22300,22500,384191
"2022-12-23",22000,22100,21500,21500,583905
"2022-12-26",21350,21800,21200,21400,683492
"2022-12-27",21600,22450,21600,22450,813332
"2022-12-28",22200,22300,20900,21150,1018927
"2022-12-29",21200,21400,20450,20550,639751
