"","StartPrice","HighPrice","LowPrice","EndPrice","Amount"
"2014-12-08",7800,7980,7300,7580,9033232
"2014-12-09",7530,7710,7420,7520,1617541
"2014-12-10",7560,7950,7520,7700,2043880
"2014-12-11",7600,7680,7440,7450,782214
"2014-12-12",7500,7550,7130,7350,858406
"2014-12-15",7230,7400,7050,7310,526817
"2014-12-16",7300,7420,7160,7190,381550
"2014-12-17",7180,7210,6870,6920,794545
"2014-12-18",7000,7140,6860,7080,792299
"2014-12-19",7140,7620,7100,7360,1160529
"2014-12-22",7470,7520,7300,7410,456378
"2014-12-23",7470,7470,7080,7140,524862
"2014-12-24",7110,7470,7110,7380,568654
"2014-12-26",7440,7790,7440,7500,1164221
"2014-12-29",7420,7530,7380,7450,254366
"2014-12-30",7510,7730,7420,7660,395778
"2015-01-02",7710,8020,7610,8000,721937
"2015-01-05",8100,8100,7860,7880,440757
"2015-01-06",7840,7990,7810,7880,377074
"2015-01-07",7930,8180,7700,7950,611411
"2015-01-08",7960,8050,7810,7920,503131
"2015-01-09",7910,8070,7850,8010,412389
"2015-01-12",7980,8220,7970,8050,399295
"2015-01-13",8050,8370,8050,8220,690581
"2015-01-14",8290,8900,8280,8850,1555322
"2015-01-15",8910,9200,8790,9040,1077444
"2015-01-16",9100,9180,8750,8990,635988
"2015-01-19",9100,9250,8910,9120,451206
"2015-01-20",9190,9920,9100,9870,1218111
"2015-01-21",9990,10150,9760,9980,805634
"2015-01-22",10050,10300,9880,10100,931567
"2015-01-23",10000,10550,9930,10350,636896
"2015-01-26",10400,10550,9110,9480,2558677
"2015-01-27",9550,10100,9410,9920,1264372
"2015-01-28",9880,10250,9820,9980,578475
"2015-01-29",10100,11050,9920,10700,987787
"2015-01-30",10800,10900,10250,10300,549305
"2015-02-02",10200,10600,9980,10100,447583
"2015-02-03",10100,10450,9950,10250,528510
"2015-02-04",10300,10300,10000,10100,465619
"2015-02-05",10050,10100,9840,10000,438401
"2015-02-06",10150,10250,9910,9910,419529
"2015-02-09",9910,9990,9560,9760,260738
"2015-02-10",9650,9840,9310,9410,378065
"2015-02-11",9430,10200,9430,10200,690358
"2015-02-12",10200,10600,10000,10400,593251
"2015-02-13",10400,10550,10150,10400,310181
"2015-02-16",10400,10400,10150,10350,205892
"2015-02-17",10400,10650,10100,10300,249132
"2015-02-23",10500,10850,10300,10600,601653
"2015-02-24",10650,11400,10500,10950,749064
"2015-02-25",11050,11150,10650,11000,528124
"2015-02-26",11150,11250,10850,11050,441931
"2015-02-27",11050,11200,10850,11000,303406
"2015-03-02",10900,11100,10550,10950,464091
"2015-03-03",10950,10950,10650,10700,263878
"2015-03-04",10700,10750,10400,10700,298949
"2015-03-05",10600,10650,10350,10400,409414
"2015-03-06",10400,10550,10100,10200,359549
"2015-03-09",10300,10750,10200,10650,408674
"2015-03-10",10650,10750,10400,10550,349411
"2015-03-11",10550,10850,10450,10850,397060
"2015-03-12",10900,11000,10650,10850,371241
"2015-03-13",10900,10900,10600,10700,277936
"2015-03-16",10600,10700,10400,10650,246481
"2015-03-17",10600,10950,10400,10950,485066
"2015-03-18",10950,11000,10600,10750,371424
"2015-03-19",10750,10800,10400,10750,312535
"2015-03-20",10650,10750,10450,10600,354764
"2015-03-23",10600,10600,10400,10450,290964
"2015-03-24",10400,10550,10400,10500,312753
"2015-03-25",10550,10900,10400,10900,643718
"2015-03-26",10850,10900,10500,10600,380406
"2015-03-27",10500,10600,10350,10600,288267
"2015-03-30",10700,10700,10400,10600,295708
"2015-03-31",10650,11150,10500,10900,645201
"2015-04-01",10850,10900,10600,10850,372673
"2015-04-02",10850,11600,10750,11550,1236041
"2015-04-03",11700,11950,11450,11600,696640
"2015-04-06",11600,12300,11500,12300,1030790
"2015-04-07",12400,12500,12000,12350,614991
"2015-04-08",12450,13250,12200,12900,1168899
"2015-04-09",12850,14000,12750,13750,1018132
"2015-04-10",14000,14200,13100,13300,990810
"2015-04-13",13300,13400,12700,13050,844715
"2015-04-14",13100,13100,12300,12400,890420
"2015-04-15",12550,13150,12500,12750,671540
"2015-04-16",12950,13200,12600,12800,406741
"2015-04-17",12900,12950,12400,12550,313634
"2015-04-20",12400,12700,12150,12650,560362
"2015-04-21",12700,13450,12650,13150,629466
"2015-04-22",13200,13200,12300,12750,482579
"2015-04-23",12850,13100,12400,13000,321877
"2015-04-24",13000,13250,12450,12750,388182
"2015-04-27",12850,13450,12750,13400,601666
"2015-04-28",13600,14450,13550,14000,1102732
"2015-04-29",14000,14500,13450,13700,730755
"2015-04-30",13550,14100,13400,14000,394674
"2015-05-04",13950,14150,13450,13700,348835
"2015-05-06",13450,13450,12650,12900,567094
"2015-05-07",12900,13200,12750,13200,307447
"2015-05-08",13200,13750,13200,13650,413783
"2015-05-11",13600,14250,13600,14050,401434
"2015-05-12",14050,14200,13700,13850,311251
"2015-05-13",13700,14700,13700,14700,589350
"2015-05-14",14750,14850,14300,14650,506903
"2015-05-15",14650,14900,14400,14500,391812
"2015-05-18",14650,14650,14150,14600,330140
"2015-05-19",14500,14500,13750,13900,482394
"2015-05-20",13700,14400,13700,14050,516857
"2015-05-21",14050,14350,13800,14100,290191
"2015-05-22",14100,14500,14000,14300,229425
"2015-05-26",14400,14450,13950,14100,171489
"2015-05-27",13850,13900,13450,13600,249997
"2015-05-28",13850,13850,13300,13400,241981
"2015-05-29",13400,13600,12950,13200,330397
"2015-06-01",13200,13950,13050,13900,372724
"2015-06-02",13850,13950,13500,13500,190343
"2015-06-03",13400,13750,13250,13500,174171
"2015-06-04",13450,13800,13250,13300,173848
"2015-06-05",13250,13600,12650,13200,394238
"2015-06-08",13150,13700,13000,13350,300081
"2015-06-09",13400,13550,12950,13050,301815
"2015-06-10",13050,13250,12500,13100,351655
"2015-06-11",13300,13650,13000,13100,309025
"2015-06-12",13050,13250,12800,13050,184202
"2015-06-15",13100,13250,12850,12850,196457
"2015-06-16",12700,12750,12100,12600,346704
"2015-06-17",12700,13200,12450,13000,168126
"2015-06-18",13150,13500,13100,13450,178367
"2015-06-19",13200,13200,11800,12050,1049104
"2015-06-22",12100,12450,11800,12450,342962
"2015-06-23",12300,12750,12300,12550,226620
"2015-06-24",12600,12600,12200,12400,206315
"2015-06-25",12400,12450,12150,12250,166579
"2015-06-26",12450,12850,12350,12450,294856
"2015-06-29",12150,12350,11850,11950,273577
"2015-06-30",11850,12150,11600,12100,228262
"2015-07-01",12200,12200,11750,12000,223998
"2015-07-02",12150,12150,11100,11300,735309
"2015-07-03",11300,11300,10600,11000,607594
"2015-07-06",10850,10950,10650,10750,263868
"2015-07-07",10900,11400,10850,11000,300826
"2015-07-08",11250,11400,10850,11050,176002
"2015-07-09",11100,11100,10650,10800,142076
"2015-07-10",10800,11050,10750,11000,133439
"2015-07-13",11000,11100,10850,11000,126465
"2015-07-14",11200,11800,11100,11400,269737
"2015-07-15",11350,11500,11150,11350,118853
"2015-07-16",11500,12150,11450,12050,397039
"2015-07-17",12250,12250,11800,12050,252466
"2015-07-20",12100,12150,11700,11850,156680
"2015-07-21",11850,11950,11600,11750,165094
"2015-07-22",11750,11800,11350,11550,170654
"2015-07-23",11600,11650,11250,11450,112669
"2015-07-24",11450,11900,11250,11900,151007
"2015-07-27",11750,11800,10950,11350,351811
"2015-07-28",11300,11300,10600,11250,273477
"2015-07-29",11350,11650,11100,11100,121469
"2015-07-30",11100,11150,10200,10200,318777
"2015-07-31",10300,10600,10150,10550,115102
"2015-08-03",10350,10650,10100,10250,123187
"2015-08-04",10100,10500,10100,10450,76442
"2015-08-05",10650,11200,10400,10950,195149
"2015-08-06",11000,11150,10750,10950,93791
"2015-08-07",10900,11050,10600,10750,155620
"2015-08-10",10650,11000,10500,11000,152791
"2015-08-11",10950,11150,10600,10650,256936
"2015-08-12",10650,11250,10650,11250,233680
"2015-08-13",11500,12150,11250,11850,693229
"2015-08-17",11850,12000,11350,11350,222036
"2015-08-18",11500,11650,11200,11200,131921
"2015-08-19",11050,11250,10500,11000,232727
"2015-08-20",10800,11200,10700,10750,134635
"2015-08-21",10150,10600,10000,10250,279718
"2015-08-24",9860,10250,9860,9900,319520
"2015-08-25",9940,10400,9610,10400,343225
"2015-08-26",10400,10950,10250,10650,229359
"2015-08-27",10950,11000,10600,10600,185860
"2015-08-28",10850,11150,10800,11000,198172
"2015-08-31",11150,11300,10900,11100,113995
"2015-09-01",11000,11050,10400,10450,174143
"2015-09-02",10300,10800,10200,10550,125196
"2015-09-03",10800,10900,10550,10700,96886
"2015-09-04",10650,10750,10250,10250,147880
"2015-09-07",10250,10600,10250,10550,58970
"2015-09-08",10550,10750,10300,10450,74488
"2015-09-09",10500,10850,10400,10750,147908
"2015-09-10",10750,11550,10650,11200,266113
"2015-09-11",11200,11250,10950,10950,88551
"2015-09-14",10950,11250,10800,11200,124131
"2015-09-15",11250,11800,11250,11550,492744
"2015-09-16",11700,11800,11450,11700,224552
"2015-09-17",11800,12050,11450,11500,149741
"2015-09-18",11650,11700,11250,11650,161455
"2015-09-21",11400,11500,11250,11400,113341
"2015-09-22",11400,11550,11300,11450,124500
"2015-09-23",11400,11400,11100,11200,130728
"2015-09-24",11250,11300,10950,11050,91565
"2015-09-25",11050,11250,11050,11200,42881
"2015-09-30",11100,11550,11000,11400,111449
"2015-10-01",11500,11600,11350,11400,75553
"2015-10-02",11350,11450,11150,11300,78546
"2015-10-05",11450,12450,11400,11700,471433
"2015-10-06",11850,11850,11550,11700,138667
"2015-10-07",11750,11750,11350,11450,147970
"2015-10-08",11500,12000,11450,11800,269276
"2015-10-12",11800,11800,11600,11800,138531
"2015-10-13",11800,11800,11500,11700,120799
"2015-10-14",11650,11700,11400,11600,78787
"2015-10-15",11500,11700,11400,11650,57526
"2015-10-16",11600,11750,11500,11600,92190
"2015-10-19",11650,11650,11350,11650,132421
"2015-10-20",11650,11700,11500,11650,93702
"2015-10-21",11650,11750,11500,11700,115857
"2015-10-22",11600,11650,11200,11300,155636
"2015-10-23",11500,11500,11300,11450,55341
"2015-10-26",11650,11750,11200,11450,197055
"2015-10-27",11500,11500,11000,11200,218068
"2015-10-28",11100,11150,10600,10750,230877
"2015-10-29",10850,10850,10600,10650,159138
"2015-10-30",10650,10800,10550,10650,156216
"2015-11-02",10650,10950,10600,10850,97952
"2015-11-03",10950,11000,10800,10850,94262
"2015-11-04",10850,11000,10700,10750,93866
"2015-11-05",10750,10950,10700,10750,121031
"2015-11-06",10750,10950,10600,10700,108502
"2015-11-09",10650,10700,10200,10300,188933
"2015-11-10",10100,10250,9980,10100,222304
"2015-11-11",10200,10250,10000,10200,52180
"2015-11-12",10150,10350,10150,10350,87190
"2015-11-13",10250,10550,10200,10400,98565
"2015-11-16",10200,10850,10050,10300,173417
"2015-11-17",10500,10850,10450,10850,209773
"2015-11-18",10750,11050,10750,10950,111482
"2015-11-19",11000,11150,10950,11050,163898
"2015-11-20",11050,11150,10900,11000,113534
"2015-11-23",10950,11000,10700,10800,122059
"2015-11-24",10800,10950,10700,10900,107446
"2015-11-25",10800,10950,10600,10850,197356
"2015-11-26",10750,11400,10450,10600,920071
"2015-11-27",10600,11100,10550,11000,352185
"2015-11-30",11000,11500,10850,11100,301281
"2015-12-01",11300,11450,11050,11400,175711
"2015-12-02",11500,11900,11200,11800,404319
"2015-12-03",11550,11950,11550,11700,222530
"2015-12-04",11600,11850,11500,11700,205957
"2015-12-07",11800,11800,11500,11700,106624
"2015-12-08",11600,11650,11000,11350,403527
"2015-12-09",11250,11500,11200,11350,87103
"2015-12-10",11350,11400,10950,11400,124943
"2015-12-11",11300,11350,11050,11150,49092
"2015-12-14",11000,11000,10600,10700,84296
"2015-12-15",10850,10900,10600,10800,59312
"2015-12-16",10800,10900,10700,10750,66054
"2015-12-17",10850,11050,10550,11050,113033
"2015-12-18",11000,11150,10800,11000,52295
"2015-12-21",10850,11000,10600,10800,117105
"2015-12-22",10750,10750,10550,10700,104731
"2015-12-23",10700,10800,10500,10800,124837
"2015-12-24",10850,10850,10650,10800,110807
"2015-12-28",10750,10900,10550,10650,145855
"2015-12-29",10550,10700,10350,10600,210392
"2015-12-30",10600,10650,10300,10400,189567
"2016-01-04",10400,10550,10200,10250,153505
"2016-01-05",10150,10500,10150,10450,99490
"2016-01-06",10500,10500,10150,10300,173448
"2016-01-07",10200,10650,10200,10650,156175
"2016-01-08",10550,10950,10500,10800,222141
"2016-01-11",10750,10750,10300,10350,157849
"2016-01-12",10350,10600,10250,10350,87753
"2016-01-13",10400,10650,10350,10600,73250
"2016-01-14",10400,10750,10400,10700,114191
"2016-01-15",10800,10800,10150,10300,195046
"2016-01-18",10300,10450,10100,10250,92230
"2016-01-19",10200,10350,10150,10300,103429
"2016-01-20",10150,10300,9990,10050,254094
"2016-01-21",10000,10200,9940,10150,136849
"2016-01-22",10150,10300,10100,10300,99346
"2016-01-25",10350,10400,9950,10250,343221
"2016-01-26",10100,10200,9990,10150,150022
"2016-01-27",10150,10200,9980,10000,183917
"2016-01-28",9980,10150,9920,9990,147548
"2016-01-29",10000,10150,9990,10050,101549
"2016-02-01",10100,10100,9960,9970,101968
"2016-02-02",9970,9980,9820,9880,145633
"2016-02-03",9920,9920,9720,9850,157295
"2016-02-04",9850,9870,9770,9800,155724
"2016-02-05",9750,9950,9740,9950,116996
"2016-02-11",9710,9810,9630,9640,159136
"2016-02-12",9500,9600,8970,9380,315230
"2016-02-15",9400,9470,9270,9300,91932
"2016-02-16",9390,9470,9300,9420,44236
"2016-02-17",9410,9610,9330,9490,45349
"2016-02-18",9550,9780,9550,9700,86737
"2016-02-19",9700,9770,9550,9700,95308
"2016-02-22",9700,9800,9590,9710,51761
"2016-02-23",9710,9730,9640,9680,51537
"2016-02-24",9570,9920,9570,9920,88702
"2016-02-25",9920,10400,9920,10400,203248
"2016-02-26",10300,10450,10200,10250,103797
"2016-02-29",10200,10450,10200,10350,108676
"2016-03-02",10450,10500,10300,10450,121373
"2016-03-03",10500,10600,10450,10500,122511
"2016-03-04",10550,10600,10300,10550,124556
"2016-03-07",10550,10650,10500,10500,116548
"2016-03-08",10500,10600,10300,10450,85159
"2016-03-09",10450,10450,10100,10100,138901
"2016-03-10",10100,10300,10050,10300,109920
"2016-03-11",10200,10400,10100,10400,110545
"2016-03-14",10400,10400,10150,10200,60440
"2016-03-15",10200,10200,9940,9940,144465
"2016-03-16",9940,10050,9930,10000,41168
"2016-03-17",10000,10050,9910,9960,77721
"2016-03-18",10100,10350,10000,10300,158038
"2016-03-21",10300,10450,10100,10250,103259
"2016-03-22",10250,10300,10000,10050,58708
"2016-03-23",10050,10150,9990,9990,51542
"2016-03-24",9990,10100,9950,10000,50212
"2016-03-25",10000,10000,9850,9960,58404
"2016-03-28",9970,10100,9940,10000,44857
"2016-03-29",9900,10050,9900,10000,77034
"2016-03-30",9980,10250,9980,10250,67995
"2016-03-31",10350,10350,10150,10250,101166
"2016-04-01",10250,10450,10250,10400,187445
"2016-04-04",10450,10550,10350,10400,120205
"2016-04-05",10400,10500,10300,10450,94198
"2016-04-06",10350,10450,10250,10400,58822
"2016-04-07",10350,10500,10250,10450,83104
"2016-04-08",10400,10500,10300,10400,55785
"2016-04-11",10450,10450,10250,10350,56049
"2016-04-12",10300,10350,10200,10350,63491
"2016-04-14",10350,10400,10000,10150,155119
"2016-04-15",10200,10300,10150,10300,67277
"2016-04-18",10300,10350,10200,10250,61546
"2016-04-19",10350,11200,10300,11200,1107268
"2016-04-20",11100,11300,10850,10900,315572
"2016-04-21",11000,11650,10950,11100,829616
"2016-04-22",11100,11550,10950,11500,525340
"2016-04-25",11350,11450,10650,11150,645887
"2016-04-26",11250,11250,10750,10900,239604
"2016-04-27",10900,10900,10350,10450,399859
"2016-04-28",10500,10650,10300,10500,172004
"2016-04-29",10350,10450,10200,10300,199261
"2016-05-02",10300,10450,10150,10250,115467
"2016-05-03",10250,10350,9990,10250,240304
"2016-05-04",10250,10250,9990,10050,159656
"2016-05-09",10050,10250,10000,10100,81629
"2016-05-10",10050,10100,9970,10000,143357
"2016-05-11",10000,10150,9990,10100,44844
"2016-05-12",10150,10250,9970,10200,111493
"2016-05-13",10100,10250,9980,10000,143830
"2016-05-16",10000,10100,9960,10050,98635
"2016-05-17",10100,10150,9980,10000,107674
"2016-05-18",9980,10100,9950,10050,67253
"2016-05-19",10000,10050,9650,9650,367723
"2016-05-20",9660,9780,9590,9700,103945
"2016-05-23",9790,9800,9620,9700,69510
"2016-05-24",9670,9770,9310,9400,243482
"2016-05-25",9450,9690,9420,9680,128157
"2016-05-26",9640,9760,9530,9740,86794
"2016-05-27",9700,9760,9430,9540,155194
"2016-05-30",9540,9580,9480,9520,45848
"2016-05-31",9520,9680,9440,9520,74307
"2016-06-01",9520,9810,9520,9680,73935
"2016-06-02",9630,9770,9630,9750,49941
"2016-06-03",9750,9770,9600,9680,43469
"2016-06-07",9700,9760,9610,9710,80328
"2016-06-08",9660,10150,9660,10100,220169
"2016-06-09",10150,10150,9930,10100,96803
"2016-06-10",10100,10150,9960,10100,75642
"2016-06-13",10000,10050,9840,9950,61504
"2016-06-14",9860,9930,9820,9870,54818
"2016-06-15",9900,9900,9760,9800,59501
"2016-06-16",9830,9830,9520,9640,109867
"2016-06-17",9650,9770,9510,9700,67864
"2016-06-20",9690,9870,9640,9800,44416
"2016-06-21",9800,10000,9700,9850,45211
"2016-06-22",9840,9900,9720,9740,58360
"2016-06-23",9740,9800,9630,9680,49905
"2016-06-24",9680,9830,9100,9600,177517
"2016-06-27",9160,9700,9160,9600,116844
"2016-06-28",9580,9660,9510,9660,58078
"2016-06-29",9660,9790,9660,9780,38949
"2016-06-30",9790,9940,9790,9860,73337
"2016-07-01",9830,10050,9830,10000,97680
"2016-07-04",10250,10250,9980,10050,86005
"2016-07-05",10000,10050,9810,9930,89623
"2016-07-06",9930,9930,9810,9860,34183
"2016-07-07",9840,10250,9820,10250,167323
"2016-07-08",10250,10800,10200,10550,352866
"2016-07-11",10650,10650,10350,10550,266102
"2016-07-12",10700,11100,10650,10750,668747
"2016-07-13",10700,11000,10500,10900,312326
"2016-07-14",10900,11350,10650,11250,667105
"2016-07-15",11300,11400,11100,11200,352019
"2016-07-18",11150,11400,11050,11250,194372
"2016-07-19",11250,11450,11200,11300,205046
"2016-07-20",11350,11700,11050,11650,339138
"2016-07-21",11650,11900,11500,11650,372798
"2016-07-22",11650,11750,11350,11450,248007
"2016-07-25",11550,11700,10950,11350,470684
"2016-07-26",11650,11700,11150,11200,856284
"2016-07-27",11300,11700,11100,11700,682677
"2016-07-28",11550,11750,11450,11750,331941
"2016-07-29",11750,12200,11700,12000,472500
"2016-08-01",12100,12250,11900,11950,538349
"2016-08-02",11900,12600,11550,12550,723930
"2016-08-03",12450,12700,12250,12350,528878
"2016-08-04",12350,12450,11900,12150,522759
"2016-08-05",12200,12600,12200,12450,485139
"2016-08-08",12600,12600,12050,12250,359577
"2016-08-09",12200,12900,12200,12700,572293
"2016-08-10",12800,13100,12700,12850,479273
"2016-08-11",12750,12800,12400,12750,238550
"2016-08-12",12600,12750,12450,12700,190573
"2016-08-16",12550,12800,12250,12450,254500
"2016-08-17",12350,12600,11850,12150,405391
"2016-08-18",12150,12550,12050,12350,239571
"2016-08-19",12350,12650,12200,12600,224193
"2016-08-22",12700,12700,12300,12500,126289
"2016-08-23",12500,12600,12300,12550,129386
"2016-08-24",12450,13300,12450,13150,749077
"2016-08-25",13150,13450,12950,13000,742236
"2016-08-26",13000,13650,12750,13400,842094
"2016-08-29",13450,13650,12800,13150,827919
"2016-08-30",13150,13200,12300,12800,861895
"2016-08-31",12600,12850,12100,12750,607584
"2016-09-01",12800,12800,12350,12750,264961
"2016-09-02",12700,12950,12550,12700,196743
"2016-09-05",12650,12800,12250,12350,308660
"2016-09-06",12400,12600,12250,12450,218511
"2016-09-07",12500,12500,11750,11800,489262
"2016-09-08",11700,12000,11350,11650,564512
"2016-09-09",11600,11850,11450,11650,233998
"2016-09-12",11350,11800,11350,11550,293566
"2016-09-13",11750,12000,11650,11850,203053
"2016-09-19",11850,12050,11850,11900,220354
"2016-09-20",12050,12150,11950,12000,267698
"2016-09-21",12100,12100,11750,11850,178725
"2016-09-22",11950,12450,11900,12350,326155
"2016-09-23",12400,12500,12250,12400,180221
"2016-09-26",12650,13000,12600,12800,513024
"2016-09-27",12750,13150,12550,13100,476370
"2016-09-28",13100,13200,12900,12950,219176
"2016-09-29",12950,13350,12800,13200,446286
"2016-09-30",13050,13300,12850,13200,211897
"2016-10-04",13400,13450,12850,12900,232857
"2016-10-05",12850,13150,12550,12950,388857
"2016-10-06",13050,13050,12700,12950,162254
"2016-10-07",13000,13100,12650,13100,188329
"2016-10-10",13100,13200,12850,13100,197886
"2016-10-11",12950,13050,12550,12600,411013
"2016-10-12",12300,12850,12150,12450,463677
"2016-10-13",12500,12550,12100,12150,228435
"2016-10-14",12150,12750,12050,12750,251479
"2016-10-17",12800,12850,12550,12600,158082
"2016-10-18",12500,12650,12300,12400,185592
"2016-10-19",12550,12550,12300,12400,177003
"2016-10-20",12450,12550,12250,12300,138559
"2016-10-21",12200,12300,11650,11700,371581
"2016-10-24",11800,11950,11450,11600,425889
"2016-10-25",11700,12100,11400,12000,371486
"2016-10-26",11950,12100,11800,12000,286591
"2016-10-27",12150,12800,12100,12600,505142
"2016-10-28",12650,12750,12500,12600,259282
"2016-10-31",12400,12500,12100,12400,256644
"2016-11-01",12350,12700,12200,12650,317168
"2016-11-02",12600,12600,11950,11950,242373
"2016-11-03",11950,12450,11950,12400,121285
"2016-11-04",12350,12800,12300,12750,303618
"2016-11-07",12900,13150,12700,13100,424264
"2016-11-08",13200,13200,12900,13100,239995
"2016-11-09",13150,13400,12200,12900,1018917
"2016-11-10",13200,13400,12700,12850,584931
"2016-11-11",12700,12800,12500,12700,309662
"2016-11-14",12800,13250,12500,13050,399722
"2016-11-15",12950,12950,12650,12700,208296
"2016-11-16",12700,13150,12700,12850,289154
"2016-11-17",12850,12950,12750,12850,108280
"2016-11-18",12900,12950,12550,12600,172674
"2016-11-21",12650,12700,12350,12350,136314
"2016-11-22",12400,12550,12200,12300,127635
"2016-11-23",12350,12400,12000,12100,129297
"2016-11-24",12150,12300,11900,12000,122492
"2016-11-25",12100,12200,11900,12050,95489
"2016-11-28",12050,12200,11900,12000,132987
"2016-11-29",11900,12200,11800,12200,102955
"2016-11-30",12150,12400,11950,12250,172493
"2016-12-01",12300,12400,12250,12350,147206
"2016-12-02",12350,12400,12150,12250,139414
"2016-12-05",12050,12300,11850,11900,164670
"2016-12-06",12000,12400,12000,12250,199515
"2016-12-07",12300,12750,12250,12600,359013
"2016-12-08",12850,13100,12750,12900,502275
"2016-12-09",12900,13100,12800,13000,189907
"2016-12-12",13150,13300,12800,12950,273809
"2016-12-13",12900,13650,12800,13650,874019
"2016-12-14",13650,13800,13500,13650,346669
"2016-12-15",13550,13900,13400,13600,553732
"2016-12-16",13600,13750,13400,13700,234198
"2016-12-19",13700,14000,13500,13650,322643
"2016-12-20",13700,13850,13600,13650,223084
"2016-12-21",13750,14300,13650,14300,761233
"2016-12-22",14350,14500,14250,14300,366412
"2016-12-23",14300,14700,14200,14500,449229
"2016-12-26",14550,14600,14250,14500,311124
"2016-12-27",14500,14500,14250,14300,267972
"2016-12-28",14200,14250,13800,13950,455604
"2016-12-29",13950,14250,13850,14000,342642
"2017-01-02",14200,14850,14150,14850,727520
"2017-01-03",14750,14800,14350,14450,355186
"2017-01-04",14350,14450,13900,14050,472918
"2017-01-05",14000,14050,13650,13750,418394
"2017-01-06",13850,14150,13550,13700,390721
"2017-01-09",13800,13850,13450,13750,322420
"2017-01-10",13650,13750,13350,13400,274453
"2017-01-11",13500,13700,13400,13500,204620
"2017-01-12",13700,14050,13650,14000,578800
"2017-01-13",14050,14250,13750,13750,279892
"2017-01-16",13800,13800,13250,13450,319335
"2017-01-17",13400,13800,13400,13600,206417
"2017-01-18",13650,14000,13500,13900,255621
"2017-01-19",13900,14300,13800,14250,591142
"2017-01-20",14250,14400,14050,14150,299608
"2017-01-23",14200,14750,14100,14700,778947
"2017-01-24",14800,15150,14600,14850,856081
"2017-01-25",14950,15650,14950,15400,1033031
"2017-01-26",15500,15700,15100,15550,558528
"2017-01-31",15450,15900,15350,15400,365756
"2017-02-01",15350,15800,15250,15800,346221
"2017-02-02",15800,16000,14900,15100,737706
"2017-02-03",15200,15650,14900,15500,631893
"2017-02-06",15650,15800,14800,14950,622295
"2017-02-07",15000,15100,14650,14900,355345
"2017-02-08",14950,15350,14800,15250,385754
"2017-02-09",15250,15300,14800,14900,263683
"2017-02-10",14950,15300,14600,14750,405507
"2017-02-13",14700,14750,14350,14500,333332
"2017-02-14",14650,14750,14400,14500,242024
"2017-02-15",14600,14750,14350,14550,239193
"2017-02-16",14600,15300,14300,15150,503804
"2017-02-17",15050,15500,15000,15250,380740
"2017-02-20",15350,15600,15050,15050,511714
"2017-02-21",15100,15100,14800,14900,263671
"2017-02-22",14850,14850,14600,14650,279720
"2017-02-23",14700,14750,14350,14400,293856
"2017-02-24",14300,14450,14000,14150,353437
"2017-02-27",14150,14550,13900,14550,339239
"2017-02-28",14500,14500,14050,14050,220621
"2017-03-02",14150,14300,14050,14200,188019
"2017-03-03",14100,14100,13700,14000,291632
"2017-03-06",13800,14700,13800,14650,351609
"2017-03-07",14650,14950,14500,14800,335148
"2017-03-08",14750,15200,14700,15100,447443
"2017-03-09",15150,15150,14650,14700,261293
"2017-03-10",14700,15000,14550,14950,152904
"2017-03-13",15050,15050,14850,14900,184953
"2017-03-14",14950,15250,14900,14950,272217
"2017-03-15",14900,15000,14550,14750,237774
"2017-03-16",15100,15350,14800,14900,399741
"2017-03-17",14950,15200,14850,15100,235651
"2017-03-20",15050,15500,15050,15500,435098
"2017-03-21",15500,15700,15350,15500,355597
"2017-03-22",15350,15600,15000,15150,261319
"2017-03-23",15250,15250,14800,14900,204294
"2017-03-24",15000,15150,14800,15000,105490
"2017-03-27",15000,15300,14950,15150,172312
"2017-03-28",15350,15450,15150,15300,164363
"2017-03-29",15350,15400,15200,15350,144305
"2017-03-30",15450,15450,15200,15350,110653
"2017-03-31",15350,15400,15200,15350,114762
"2017-04-03",15400,16300,15250,16300,754394
"2017-04-04",16350,16750,16150,16450,611590
"2017-04-05",16550,17000,16400,16600,528825
"2017-04-06",16600,16750,16200,16400,253919
"2017-04-07",16500,16500,15900,16150,453205
"2017-04-10",16150,16400,15950,15950,265218
"2017-04-11",16100,16550,15950,16500,424234
"2017-04-12",16500,16500,16200,16200,184401
"2017-04-13",16050,16250,15850,16200,250920
"2017-04-14",16100,16500,15950,16450,314172
"2017-04-17",16500,16800,16300,16400,327029
"2017-04-18",16450,16450,15800,16050,629070
"2017-04-19",16000,16250,15850,16150,262016
"2017-04-20",16150,16250,15900,15900,218756
"2017-04-21",15950,16250,15450,16250,635991
"2017-04-24",16150,16500,15950,16400,699429
"2017-04-25",16600,17050,16400,16900,1027432
"2017-04-26",16950,17450,16900,17300,713731
"2017-04-27",17250,17300,16900,17200,334184
"2017-04-28",17250,17650,16850,17000,339442
"2017-05-02",17050,17400,16800,17300,210463
"2017-05-04",17350,17550,17250,17450,205498
"2017-05-08",17650,18200,17200,18100,431984
"2017-05-10",18100,18200,17800,18050,245116
"2017-05-11",18100,18100,17650,17800,479218
"2017-05-12",17850,17900,17550,17650,185715
"2017-05-15",17650,17700,17350,17600,203651
"2017-05-16",17700,17700,17000,17200,460792
"2017-05-17",17450,18450,17450,18450,764693
"2017-05-18",18100,19150,18100,18850,667673
"2017-05-19",18800,19200,18500,18900,360419
"2017-05-22",19000,19700,18750,18750,544781
"2017-05-23",18950,19900,18950,19750,532120
"2017-05-24",19900,20350,19550,20350,431022
"2017-05-25",20550,20550,19950,20150,386053
"2017-05-26",20200,20300,19700,19950,358762
"2017-05-29",19850,20550,19850,20400,309678
"2017-05-30",20450,20550,19950,20100,292310
"2017-05-31",19950,20050,19650,19800,344933
"2017-06-01",19800,21650,19750,21350,751754
"2017-06-02",21250,21750,20850,21100,403380
"2017-06-05",21250,21600,20900,21250,204907
"2017-06-07",21000,21550,20850,21500,274591
"2017-06-08",21700,22050,21100,21350,352403
"2017-06-09",21450,21450,21100,21250,199428
"2017-06-12",20900,21200,20450,20900,418642
"2017-06-13",20700,21050,20250,20750,441814
"2017-06-14",21200,21500,21000,21050,354940
"2017-06-15",21050,21900,20650,21850,519871
"2017-06-16",21900,21950,21450,21600,278269
"2017-06-19",21750,22100,21350,21650,393775
"2017-06-20",21800,21850,21200,21200,321274
"2017-06-21",21000,21700,20950,21700,245920
"2017-06-22",21650,22350,21450,21550,311903
"2017-06-23",21600,22150,21600,21950,190355
"2017-06-26",22000,22200,21650,22000,242965
"2017-06-27",21950,22100,21650,21900,176871
"2017-06-28",21700,22350,21600,21950,309237
"2017-06-29",22000,22200,21800,21800,123909
"2017-06-30",21650,22050,21600,21900,179791
"2017-07-03",21950,22000,20450,21450,703859
"2017-07-04",21600,21650,20750,20800,299245
"2017-07-05",20800,23350,20800,23200,950362
"2017-07-06",23300,23300,22200,22750,518231
"2017-07-07",22350,23550,22350,22900,429904
"2017-07-10",23050,24550,22800,24450,732051
"2017-07-11",24850,25300,24300,24700,526234
"2017-07-12",24700,25500,24300,25350,482460
"2017-07-13",25400,26200,25050,25900,477121
"2017-07-14",25900,26200,25500,25850,282307
"2017-07-17",25850,26200,25550,26000,280545
"2017-07-18",25950,27450,25450,26500,552073
"2017-07-19",26700,26800,25650,25800,399903
"2017-07-20",25700,27500,25550,27400,514988
"2017-07-21",27250,27650,26900,27150,316839
"2017-07-24",27050,27500,26600,27500,641862
"2017-07-25",28350,29050,27050,27450,885275
"2017-07-26",27450,28050,26550,27400,630992
"2017-07-27",27450,27500,26200,26400,490919
"2017-07-28",26050,26500,25200,25950,630136
"2017-07-31",25350,27350,25350,27250,594125
"2017-08-01",27450,27450,26800,26950,268481
"2017-08-02",27400,29450,27300,29300,892143
"2017-08-03",29500,29950,28700,28800,794521
"2017-08-04",29150,30450,28450,30200,698843
"2017-08-07",30200,30500,29800,30350,302147
"2017-08-08",30150,30500,29650,30150,282962
"2017-08-09",29700,31400,29600,30150,510142
"2017-08-10",30000,30400,28900,29600,596620
"2017-08-11",28450,30300,28450,29150,552436
"2017-08-14",29650,29900,28950,29250,234395
"2017-08-16",29750,29900,29100,29450,296651
"2017-08-17",29700,29700,28800,28950,274925
"2017-08-18",28600,30950,28550,30600,749414
"2017-08-21",30950,31400,30400,30800,334417
"2017-08-22",30700,30950,30300,30850,254904
"2017-08-23",31150,31150,30600,30700,183305
"2017-08-24",30850,32000,30750,31050,380947
"2017-08-25",30900,31350,30750,30900,157583
"2017-08-28",30950,31150,30200,30850,306928
"2017-08-29",30550,31500,30400,31400,256659
"2017-08-30",31650,33150,31300,32750,555430
"2017-08-31",33000,33400,32500,33100,382951
"2017-09-01",33200,34300,33050,33400,375917
"2017-09-04",32500,34450,32500,33750,389001
"2017-09-05",33650,34150,32800,33150,363779
"2017-09-06",33400,35450,33250,35450,491772
"2017-09-07",35850,37600,34900,37550,535954
"2017-09-08",37300,39300,36900,37400,697373
"2017-09-11",37900,39050,37050,37700,548474
"2017-09-12",38700,38800,37400,37950,349476
"2017-09-13",38250,38650,37800,38050,305439
"2017-09-14",38350,38350,36250,36750,651067
"2017-09-15",36500,37500,36500,37500,445827
"2017-09-18",37550,37550,36250,36650,412891
"2017-09-19",36650,37200,36550,37100,232196
"2017-09-20",37200,37200,33500,34000,944505
"2017-09-21",34050,34400,31450,31950,1656657
"2017-09-22",31900,33050,31500,31900,668675
"2017-09-25",32100,33550,32100,32700,720012
"2017-09-26",32800,34000,32600,34000,551370
"2017-09-27",34000,34250,33100,33700,344870
"2017-09-28",34050,34050,32800,33150,309128
"2017-09-29",33250,34100,32850,33900,257861
"2017-10-10",34350,34350,33200,33300,270050
"2017-10-11",33300,35700,33300,35250,616615
"2017-10-12",35450,35750,34750,35300,322546
"2017-10-13",35800,36450,33650,33800,555525
"2017-10-16",33650,33650,30400,31200,1020184
"2017-10-17",31300,32300,30550,31650,557367
"2017-10-18",31800,31850,29900,30400,619684
"2017-10-19",31000,32300,30150,31600,563024
"2017-10-20",31900,33250,31400,33200,484915
"2017-10-23",33400,35200,32550,34900,868248
"2017-10-24",34800,36500,34650,34700,1000463
"2017-10-25",35150,37350,34950,37250,955075
"2017-10-26",37450,38400,36150,36450,772270
"2017-10-27",36550,38000,36450,37200,444560
"2017-10-30",37650,38200,36950,37300,518206
"2017-10-31",37300,37550,34800,35150,901030
"2017-11-01",35500,36000,34650,35150,446280
"2017-11-02",35350,35700,34450,34900,416125
"2017-11-03",35050,35550,34200,35550,391017
"2017-11-06",35550,35550,33550,33950,510515
"2017-11-07",33650,35150,33600,34250,371863
"2017-11-08",34450,34600,33650,33850,379880
"2017-11-09",34700,35800,33600,33850,964821
"2017-11-10",33650,35750,32950,35250,948668
"2017-11-13",35600,35850,34350,35550,624987
"2017-11-14",35900,37350,35450,37350,807187
"2017-11-15",37600,39250,37050,37850,1300014
"2017-11-16",37800,39400,37000,39150,828972
"2017-11-17",39200,39650,37800,39050,818142
"2017-11-20",39400,40400,38800,39750,527006
"2017-11-21",39800,43750,39000,43400,1014151
"2017-11-22",43550,47400,42500,45900,1599394
"2017-11-23",46350,48400,45200,47200,893808
"2017-11-24",46950,52200,46850,51600,1335322
"2017-11-27",52700,53800,49150,51200,1130931
"2017-11-28",50900,50900,47100,47100,1076540
"2017-11-29",47100,52900,47100,52900,1404329
"2017-11-30",51500,54400,50800,54000,1045478
"2017-12-01",55200,55300,51600,52700,647371
"2017-12-04",52100,52300,49850,50400,684189
"2017-12-05",50000,51600,48100,48700,684969
"2017-12-06",49000,50700,47500,47750,528901
"2017-12-07",48000,48500,46200,48100,558870
"2017-12-08",48600,48700,45900,45900,480701
"2017-12-11",45400,50700,45400,50300,773103
"2017-12-12",50900,51000,48400,48650,437569
"2017-12-13",49100,50100,48650,49100,236790
"2017-12-14",49400,49500,48150,48300,341742
"2017-12-15",48250,49400,46850,48200,417505
"2017-12-18",48250,49350,48250,48400,201835
"2017-12-19",49050,50400,48500,49850,370221
"2017-12-20",49850,49850,47800,48000,348118
"2017-12-21",47700,48800,46300,46300,280211
"2017-12-22",46700,51300,46700,50600,734334
"2017-12-26",50600,53200,50300,51700,482343
"2017-12-27",51800,52500,49700,51300,508320
"2017-12-28",49750,50700,46800,47250,1898080
"2018-01-02",47250,47250,44500,46350,1171739
"2018-01-03",47000,48250,45300,46100,729351
"2018-01-04",46500,48500,46050,47750,1089370
"2018-01-05",47950,48050,46450,47000,503230
"2018-01-08",46900,46900,44950,45050,678316
"2018-01-09",45650,47200,44250,44750,797653
"2018-01-10",45150,46000,44400,45050,337605
"2018-01-11",45400,45700,44200,45150,318973
"2018-01-12",45200,45250,43350,44550,681202
"2018-01-15",44100,45450,43550,44700,455936
"2018-01-16",45450,48900,44750,48500,1246689
"2018-01-17",48850,49150,47100,47850,639486
"2018-01-18",48400,48450,46300,46300,656071
"2018-01-19",46600,47200,45100,45150,397622
"2018-01-22",45300,45300,43500,43600,469090
"2018-01-23",43850,43850,41600,42900,897378
"2018-01-24",42900,44000,42050,43000,524589
"2018-01-25",43400,44300,43100,43300,303791
"2018-01-26",43850,43850,43050,43550,261337
"2018-01-29",43750,44600,42800,42850,658780
"2018-01-30",43250,43600,42000,42400,591961
"2018-01-31",42100,44300,41750,43850,608307
"2018-02-01",44050,44100,41950,42050,681048
"2018-02-02",42000,42050,40300,40500,549431
"2018-02-05",38800,39550,38000,38000,632086
"2018-02-06",36000,39050,35100,38350,1045356
"2018-02-07",39300,40000,38800,38850,670836
"2018-02-08",38750,40000,38600,39700,517171
"2018-02-09",37950,39200,37300,37300,396288
"2018-02-12",37700,38100,36800,36850,256735
"2018-02-13",38000,38900,37350,37350,434699
"2018-02-14",37500,40050,37500,39900,422277
"2018-02-19",40650,41200,39650,40100,363758
"2018-02-20",41800,42300,40100,40150,821117
"2018-02-21",40200,42450,40050,41200,867512
"2018-02-22",41200,41750,40450,41200,307403
"2018-02-23",41500,41550,39150,39400,662189
"2018-02-26",39400,39750,39000,39200,226270
"2018-02-27",39650,40400,39550,40050,223162
"2018-02-28",39900,40500,39500,39850,234154
"2018-03-02",39100,41350,38950,41200,379476
"2018-03-05",41650,41650,40150,40200,270189
"2018-03-06",40750,43000,40300,43000,569467
"2018-03-07",42750,43400,42100,42950,493093
"2018-03-08",43500,43750,41700,42900,430871
"2018-03-09",43200,43550,42650,42900,320058
"2018-03-12",43700,44600,43550,44600,437290
"2018-03-13",44800,46400,44600,45700,644369
"2018-03-14",45450,47300,45100,47300,578045
"2018-03-15",47150,47250,46050,47000,477453
"2018-03-16",46900,46900,46100,46400,623339
"2018-03-19",46100,47200,45750,45750,231740
"2018-03-20",45400,46500,44700,45000,296193
"2018-03-21",45400,46600,45200,45550,336878
"2018-03-22",45800,46500,45250,45250,185009
"2018-03-23",44050,44950,42700,42700,347924
"2018-03-26",42500,44750,42450,44750,279001
"2018-03-27",45350,45550,44800,44900,193724
"2018-03-28",44400,45200,43600,43900,168055
"2018-03-29",43800,44750,43550,44450,118115
"2018-03-30",45250,46800,45100,45650,389809
"2018-04-02",45700,46200,44050,44100,263105
"2018-04-03",43000,43500,42500,42850,309898
"2018-04-04",42950,43250,40300,40350,635254
"2018-04-05",41000,41500,40500,40750,201170
"2018-04-06",40500,40550,39900,40100,148349
"2018-04-09",39600,40600,39550,40600,115823
"2018-04-10",40600,41450,40350,41150,135727
"2018-04-11",41700,42700,41500,42450,259677
"2018-04-12",42550,45600,42500,45050,687135
"2018-04-13",45100,45900,44750,45200,307224
"2018-04-16",45650,46250,44750,46050,276128
"2018-04-17",46350,49500,46300,48000,995187
"2018-04-18",48200,49350,47650,48300,467278
"2018-04-19",48900,49950,48400,48450,402084
"2018-04-20",48350,48950,47700,48000,252911
"2018-04-23",48350,49800,48350,49500,462867
"2018-04-24",49850,49850,45550,46050,711424
"2018-04-25",45350,45500,43350,44250,551654
"2018-04-26",44750,46200,44500,44700,344400
"2018-04-27",44900,45350,43600,44200,226527
"2018-04-30",43600,44050,43000,43350,253473
"2018-05-02",43500,45250,43050,45250,280460
"2018-05-03",45300,45300,43700,43700,188785
"2018-05-04",43800,44500,43100,43700,162394
"2018-05-08",44050,44400,41950,41950,242969
"2018-05-09",41500,43150,41500,42950,191913
"2018-05-10",43050,43100,42000,42250,150621
"2018-05-11",42050,42900,42000,42700,130672
"2018-05-14",42800,42850,41600,41700,186502
"2018-05-15",41700,42500,40550,41400,210173
"2018-05-16",41500,42200,41000,41900,173456
"2018-05-17",42000,43550,41900,42500,204363
"2018-05-18",42550,42700,41800,42600,115729
"2018-05-21",42550,42600,41650,41950,151897
"2018-05-23",41950,43750,41950,42800,256850
"2018-05-24",43000,44300,42400,44100,203091
"2018-05-25",43600,45350,43250,45150,287958
"2018-05-28",44950,45400,44200,44650,223571
"2018-05-29",45100,47500,44650,46000,502212
"2018-05-30",46400,46800,44800,46200,293771
"2018-05-31",46350,46500,44050,44400,334957
"2018-06-01",44000,45600,43750,45150,197840
"2018-06-04",45150,46950,45050,46900,279621
"2018-06-05",48000,50800,47600,50600,1540516
"2018-06-07",51400,54200,50900,53400,1020124
"2018-06-08",52900,53700,52100,52400,350948
"2018-06-11",52500,52600,50700,51500,342016
"2018-06-12",52500,53900,51300,51900,457977
"2018-06-14",51600,53400,50000,50800,470834
"2018-06-15",51400,51900,50000,50400,236748
"2018-06-18",49650,49800,46900,47850,651815
"2018-06-19",47550,48700,47000,47000,290318
"2018-06-20",47050,50200,47050,50000,381327
"2018-06-21",50500,50600,48100,49000,399430
"2018-06-22",48600,51600,48500,51500,542795
"2018-06-25",51800,51800,50100,51000,233874
"2018-06-26",49850,51200,49300,51100,279730
"2018-06-27",51100,51300,49650,49650,187129
"2018-06-28",49450,50800,48400,49450,278857
"2018-06-29",50100,50800,48550,49500,262489
"2018-07-02",49850,51500,49650,50300,361620
"2018-07-03",49500,50400,45600,49800,1307498
"2018-07-04",49750,50000,48450,48900,190400
"2018-07-05",48900,52300,48700,50200,573015
"2018-07-06",50800,50900,48500,49950,399791
"2018-07-09",49500,50300,48700,50200,179287
"2018-07-10",50800,51000,49600,49600,150940
"2018-07-11",49050,50000,48750,49600,140323
"2018-07-12",49700,54500,49100,54500,840986
"2018-07-13",54600,54700,51700,52400,500322
"2018-07-16",52800,53500,51800,52200,215585
"2018-07-17",53300,53700,51000,51100,289581
"2018-07-18",51600,52400,50900,51300,188132
"2018-07-19",51700,52900,51400,51700,285820
"2018-07-20",51400,53000,51100,52400,242842
"2018-07-23",52400,53000,50400,50400,288729
"2018-07-24",51100,51800,49450,49800,277738
"2018-07-25",50200,51500,49600,50900,263155
"2018-07-26",51400,52800,50400,52800,201430
"2018-07-27",53000,53400,52100,53100,156207
"2018-07-30",53100,53800,51800,53200,182350
"2018-07-31",52700,53300,50600,51100,232981
"2018-08-01",51800,52800,51100,52700,188290
"2018-08-02",52500,53500,51800,52800,193315
"2018-08-03",52800,52900,51600,52200,140138
"2018-08-06",52700,52900,50100,50200,192253
"2018-08-07",50600,50700,49300,50300,173953
"2018-08-08",50500,52200,50500,51000,235760
"2018-08-09",51100,51800,50500,51400,76772
"2018-08-10",51600,51600,49800,50000,148016
"2018-08-13",49050,49500,48000,48200,238653
"2018-08-14",48000,49100,47750,48350,147624
"2018-08-16",47700,49300,47000,49300,116304
"2018-08-17",49500,49500,48400,48650,112540
"2018-08-20",48750,49000,48150,48550,84712
"2018-08-21",48550,50400,48400,50100,122395
"2018-08-22",49850,50400,48400,48500,147022
"2018-08-23",48550,48850,47850,48500,126730
"2018-08-24",48250,49200,47950,49050,98918
"2018-08-27",49050,50000,48650,49700,135087
"2018-08-28",50000,50100,49150,49150,96724
"2018-08-29",49250,52500,49000,52400,476708
"2018-08-30",52200,52500,51600,52500,167352
"2018-08-31",52000,53000,51400,53000,211316
"2018-09-03",53200,54000,52400,52900,187009
"2018-09-04",52900,54300,52300,53200,223750
"2018-09-05",53900,56500,52900,55400,725198
"2018-09-06",55300,57900,54800,55200,528798
"2018-09-07",55400,55700,53600,55000,260410
"2018-09-10",54300,55100,53200,53500,215532
"2018-09-11",53900,55000,53600,54200,163837
"2018-09-12",54700,55100,52400,53100,206431
"2018-09-13",52500,53300,52100,52800,158298
"2018-09-14",53500,53800,52600,53100,109712
"2018-09-17",52700,52700,51600,51900,117220
"2018-09-18",51100,52900,51100,52400,123851
"2018-09-19",52200,52800,50800,50800,170019
"2018-09-20",50700,51400,49100,49550,555223
"2018-09-21",49900,50200,49100,49650,194590
"2018-09-27",49250,49550,47500,47550,425066
"2018-09-28",47900,48600,46800,47000,328178
"2018-10-01",47000,49700,46300,48550,593197
"2018-10-02",48600,49250,47600,47700,239717
"2018-10-04",48000,48200,45650,45850,323132
"2018-10-05",45500,45850,43700,44500,305092
"2018-10-08",43700,45050,43700,43900,162613
"2018-10-10",43000,43500,41050,42100,499290
"2018-10-11",39750,42000,39700,40250,277029
"2018-10-12",40000,42100,39900,42100,240012
"2018-10-15",42400,42700,41000,41350,207680
"2018-10-16",41650,42650,41300,41850,136937
"2018-10-17",43000,43050,41550,41900,162029
"2018-10-18",42100,42150,40550,40700,154098
"2018-10-19",39900,42200,39550,42200,211011
"2018-10-22",42000,42000,38200,38550,949724
"2018-10-23",38950,39050,35950,36000,1017715
"2018-10-24",36500,36950,34200,34250,794181
"2018-10-25",32800,34700,32750,34100,532172
"2018-10-26",34700,34950,32250,32700,427617
"2018-10-29",32700,34100,31400,31400,447223
"2018-10-30",31250,33400,31250,33250,399360
"2018-10-31",33950,33950,32600,33450,272526
"2018-11-01",33900,34900,33450,33950,335469
"2018-11-02",34950,36400,34500,36400,467691
"2018-11-05",36100,37200,35000,37150,375392
"2018-11-06",37350,37800,36000,36750,339068
"2018-11-07",36900,37150,35300,35400,312594
"2018-11-08",37100,38500,36700,37700,670315
"2018-11-09",37700,40700,37700,39450,1240244
"2018-11-12",39200,40950,38500,38500,755112
"2018-11-13",37200,37900,35750,37600,768230
"2018-11-14",37600,37850,36000,36000,420352
"2018-11-15",35500,35500,32200,33300,1940186
"2018-11-16",34050,34500,33550,33650,787846
"2018-11-19",33750,33800,32250,33100,840211
"2018-11-20",32300,32700,31650,31850,785648
"2018-11-21",31200,31850,29800,31850,934238
"2018-11-22",32100,32950,31500,32950,554685
"2018-11-23",32950,32950,31350,31450,513414
"2018-11-26",31000,32400,30700,31900,472642
"2018-11-27",32400,33350,32200,33200,516729
"2018-11-28",33500,33500,32600,33150,382690
"2018-11-29",33850,34050,32700,32700,383637
"2018-11-30",32700,33700,32700,33550,311197
"2018-12-03",34100,34100,33250,33850,439762
"2018-12-04",33850,33900,32050,32200,658164
"2018-12-05",31100,32050,31100,31700,353578
"2018-12-06",31550,31850,30350,30400,418854
"2018-12-07",30800,31150,30300,30550,250812
"2018-12-10",29800,30300,29450,29900,363735
"2018-12-11",30350,30800,29850,29850,210795
"2018-12-12",30250,31600,30250,31550,285329
"2018-12-13",31700,31750,31100,31250,281952
"2018-12-14",31250,31400,30050,30300,278894
"2018-12-17",30050,31150,30000,31000,175999
"2018-12-18",30400,30800,30250,30300,182319
"2018-12-19",30300,31250,30250,31100,217873
"2018-12-20",30650,31300,30400,30800,177215
"2018-12-21",30500,32200,30400,31550,332677
"2018-12-24",31600,32500,31100,32250,289293
"2018-12-26",31550,31800,31200,31650,303266
"2018-12-27",32300,32350,30900,30900,253999
"2018-12-28",31200,33500,31200,33200,802645
"2019-01-02",33500,33600,31850,32200,494079
"2019-01-03",32250,32350,29800,29800,805583
"2019-01-04",29550,30300,28250,29150,583772
"2019-01-07",29850,30150,29500,29850,307636
"2019-01-08",29800,30500,29750,29800,253545
"2019-01-09",30200,31600,30200,31400,452092
"2019-01-10",31450,31800,30850,31300,222369
"2019-01-11",31800,33400,31800,33150,929950
"2019-01-14",33500,33750,32750,33300,451052
"2019-01-15",33550,34000,32650,33250,452361
"2019-01-16",33400,33450,32600,33050,257631
"2019-01-17",33150,33350,31800,31800,310109
"2019-01-18",32200,33800,32150,33800,449689
"2019-01-21",34350,34850,33850,34550,474710
"2019-01-22",34750,34750,33400,33550,294460
"2019-01-23",33150,33200,32350,33150,388767
"2019-01-24",33200,33650,32800,33600,242437
"2019-01-25",33500,34650,33500,34250,457746
"2019-01-28",34800,35700,34150,35550,801458
"2019-01-29",35400,37000,35050,36050,924843
"2019-01-30",36300,36350,35150,35250,466652
"2019-01-31",35650,36100,34500,34500,431516
"2019-02-01",34700,35100,34150,34350,260057
"2019-02-07",34700,37200,34600,37100,857707
"2019-02-08",36800,37350,36050,36100,593658
"2019-02-11",36100,36650,35650,36500,298962
"2019-02-12",36500,37800,36500,37100,638348
"2019-02-13",37500,37650,36600,37100,355846
"2019-02-14",37250,37950,36850,37850,428723
"2019-02-15",38000,38000,36500,36900,418340
"2019-02-18",37300,37900,36750,36800,472660
"2019-02-19",35300,36300,33750,35950,1959154
"2019-02-20",36250,36700,35600,35750,480823
"2019-02-21",36300,36300,34900,35400,493013
"2019-02-22",35550,36150,35400,35900,247814
"2019-02-25",36300,36950,36000,36950,460501
"2019-02-26",37100,37150,36100,36100,280716
"2019-02-27",36000,36050,35350,35500,281663
"2019-02-28",35750,35750,34500,34500,315982
"2019-03-04",34800,35250,34500,35000,255643
"2019-03-05",34700,34900,32700,33200,688467
"2019-03-06",33200,33800,32850,33350,223497
"2019-03-07",33100,33750,32750,32950,236487
"2019-03-08",32700,34000,32650,33850,245983
"2019-03-11",33950,34450,33600,33800,201305
"2019-03-12",34200,34500,33900,34000,220130
"2019-03-13",34050,35100,33900,34850,292541
"2019-03-14",35050,35300,34500,34500,264018
"2019-03-15",34500,34900,33400,33400,358786
"2019-03-18",33600,33850,33000,33200,198496
"2019-03-19",33250,33550,33050,33100,151513
"2019-03-20",32950,33000,31150,31400,842678
"2019-03-21",31500,31850,31150,31300,384467
"2019-03-22",31550,31800,31050,31250,245677
"2019-03-25",30550,30900,30500,30650,231878
"2019-03-26",30950,31150,30450,31000,163708
"2019-03-27",30950,31000,30100,30250,224737
"2019-03-28",30150,30200,29300,29500,290251
"2019-03-29",29600,30400,29100,30400,190204
"2019-04-01",30550,30700,30350,30600,126454
"2019-04-02",30750,30800,30300,30550,140381
"2019-04-03",30500,30800,30500,30800,165645
"2019-04-04",30800,32400,30550,31650,481894
"2019-04-05",31650,31900,31050,31200,197466
"2019-04-08",31550,31700,30800,30900,145208
"2019-04-09",30950,31500,30900,31300,110619
"2019-04-10",31400,32250,30900,32250,276945
"2019-04-11",32700,32750,32100,32150,229376
"2019-04-12",32200,32950,32150,32750,280495
"2019-04-15",33350,34100,32950,33850,519048
"2019-04-16",34100,34400,33500,34400,353562
"2019-04-17",34250,34600,34050,34200,243393
"2019-04-18",34400,34550,32000,32250,565943
"2019-04-19",32500,33350,32150,32750,241642
"2019-04-22",32950,33250,31900,32450,196682
"2019-04-23",31700,31800,31000,31350,433231
"2019-04-24",31550,31800,31300,31500,150022
"2019-04-25",31600,31600,30850,30900,145458
"2019-04-26",30600,31050,30350,30400,185509
"2019-04-29",30850,31100,29550,30400,294135
"2019-04-30",30000,30900,30000,30300,206273
"2019-05-02",30300,31100,30050,30600,201267
"2019-05-03",30800,31200,30600,30850,151905
"2019-05-07",30200,30550,30150,30350,144067
"2019-05-08",29950,30300,29800,30000,206068
"2019-05-09",29900,30250,28500,28650,356421
"2019-05-10",28700,29150,28050,28400,220148
"2019-05-13",28400,28850,28150,28400,137694
"2019-05-14",27700,28700,27650,28400,175251
"2019-05-15",28550,28750,27750,28550,249927
"2019-05-16",28700,29300,27950,27950,209192
"2019-05-17",28450,28900,27900,28000,222844
"2019-05-20",28300,28650,26900,26950,290756
"2019-05-21",26500,27000,26400,26400,309950
"2019-05-22",26650,27050,26550,26600,156065
"2019-05-23",26850,26850,25550,26050,234996
"2019-05-24",25850,26900,25850,26250,192802
"2019-05-27",26250,26800,25900,26250,156153
"2019-05-28",26250,26900,26150,26750,182861
"2019-05-29",26750,26800,26400,26400,111811
"2019-05-30",26350,28200,26350,28000,311383
"2019-05-31",28000,28000,27300,27550,146485
"2019-06-03",27300,27950,27250,27900,89260
"2019-06-04",27700,28200,27700,27900,102365
"2019-06-05",28600,29500,28500,28850,328199
"2019-06-07",28850,29850,28850,29800,248822
"2019-06-10",30000,30050,29300,29850,149062
"2019-06-11",29650,30200,29600,30000,130361
"2019-06-12",30200,30550,29850,30000,113284
"2019-06-13",30000,30450,29950,30200,170916
"2019-06-14",30050,30350,29900,30150,124943
"2019-06-17",30050,30250,29500,29900,153384
"2019-06-18",29900,30250,28400,28600,327426
"2019-06-19",29250,29450,28950,29250,124764
"2019-06-20",29450,30200,29450,30000,146238
"2019-06-21",30250,30300,29500,29800,79676
"2019-06-24",29900,29900,29000,29300,62177
"2019-06-25",29100,29550,29000,29000,71029
"2019-06-26",29000,29250,28650,28700,54905
"2019-06-27",28600,29500,28600,28850,84108
"2019-06-28",28800,29550,28500,28850,75710
"2019-07-01",30500,30950,29650,30150,227349
"2019-07-02",30800,31300,29500,29700,411464
"2019-07-03",30000,32250,30000,32050,1082126
"2019-07-04",32300,32950,30700,31250,761036
"2019-07-05",31450,31500,30350,30900,261165
"2019-07-08",31550,32200,30500,30500,660718
"2019-07-09",30000,30400,28650,29500,354688
"2019-07-10",29500,30250,28800,28900,277027
"2019-07-11",28950,29550,28850,29050,249162
"2019-07-12",33000,33750,30750,32050,3608262
"2019-07-15",31550,33700,31150,33400,1251644
"2019-07-16",33650,34200,32400,32550,990693
"2019-07-17",32900,33000,31550,31650,483800
"2019-07-18",32500,34700,32250,33550,2240250
"2019-07-19",33600,33750,32300,32600,644633
"2019-07-22",32600,32900,31700,31800,408501
"2019-07-23",31950,32150,30600,30750,530304
"2019-07-24",30250,30900,29800,29850,382743
"2019-07-25",29900,29900,28350,28750,417080
"2019-07-26",28500,29700,28450,29300,318275
"2019-07-29",29650,29800,26650,26650,497902
"2019-07-30",26900,28300,26650,27400,412047
"2019-07-31",27400,29150,26750,28950,599260
"2019-08-01",28500,29900,28150,29000,325350
"2019-08-02",28500,31900,28500,31500,1078173
"2019-08-05",31900,33900,31800,32350,1546659
"2019-08-06",31950,32950,30750,31350,760890
"2019-08-07",31900,32500,30650,31500,512082
"2019-08-08",31300,32500,30650,32200,712149
"2019-08-09",32550,32650,31550,32250,330431
"2019-08-12",32000,32450,30650,31000,437107
"2019-08-13",30750,31600,30500,30500,406890
"2019-08-14",31000,31150,30400,30750,231330
"2019-08-16",31000,31900,30450,30500,297901
"2019-08-19",30500,30850,29350,29500,264815
"2019-08-20",29650,32150,29650,31000,591448
"2019-08-21",31100,31750,30700,31650,271251
"2019-08-22",31650,31750,31000,31000,156684
"2019-08-23",30900,31650,30900,31650,218496
"2019-08-26",30900,31550,30750,30900,234281
"2019-08-27",31250,31900,31100,31150,212790
"2019-08-28",31400,31900,31100,31900,202780
"2019-08-29",32300,32300,30500,30650,337933
"2019-08-30",31150,31250,30600,30700,154679
"2019-09-02",30700,30850,30200,30400,135116
"2019-09-03",30100,30750,30100,30250,157110
"2019-09-04",30400,31250,30050,30700,158615
"2019-09-05",30900,31200,30300,30750,211490
"2019-09-06",31650,32400,31000,31100,507118
"2019-09-09",31150,31700,30000,30150,265082
"2019-09-10",30050,30250,29650,29750,220106
"2019-09-11",30000,30750,29450,30550,196479
"2019-09-16",30650,30650,29950,30250,109611
"2019-09-17",30250,30600,29600,30600,263119
"2019-09-18",30600,30600,30000,30000,149800
"2019-09-19",30050,30700,30050,30450,195271
"2019-09-20",30700,31150,30350,31100,284161
"2019-09-23",31200,31200,30450,30550,142252
"2019-09-24",30600,30700,29950,30000,191783
"2019-09-25",30150,30200,29000,29100,322813
"2019-09-26",29200,29650,28850,29000,185981
"2019-09-27",28750,29000,28350,28400,176443
"2019-09-30",28200,28400,27250,28150,254251
"2019-10-01",28350,28500,28000,28250,125903
"2019-10-02",28200,28250,27550,27650,121038
"2019-10-04",27450,28150,27450,27850,114613
"2019-10-07",27800,28100,27600,27750,114082
"2019-10-08",27700,28750,27450,28450,207822
"2019-10-10",28250,29750,27900,29600,301517
"2019-10-11",29900,30100,29600,29650,222821
"2019-10-14",29900,30050,29300,29750,139300
"2019-10-15",29600,31100,29600,30900,474639
"2019-10-16",31150,32450,30950,32050,737755
"2019-10-17",32250,33900,32250,32400,1057478
"2019-10-18",32700,33500,32550,33200,567058
"2019-10-21",33400,33500,32600,33000,294315
"2019-10-22",33300,34250,32750,34050,589113
"2019-10-23",33800,33900,33150,33300,328993
"2019-10-24",33250,33800,32600,33100,314081
"2019-10-25",33350,34850,33150,34500,566869
"2019-10-28",34700,34900,33000,33950,516611
"2019-10-29",34650,36000,33950,34400,866412
"2019-10-30",34700,34950,33800,34400,328047
"2019-10-31",34850,34850,34300,34400,215241
"2019-11-01",34700,34700,33550,34000,242124
"2019-11-04",34450,35150,34050,34650,327921
"2019-11-05",33850,34600,31600,34350,958000
"2019-11-06",34000,34600,33200,33550,281706
"2019-11-07",33550,33850,31950,32600,410770
"2019-11-08",32850,33900,32800,33500,272943
"2019-11-11",33550,33800,32700,33250,136761
"2019-11-12",33250,34600,32200,34450,367952
"2019-11-13",34500,34900,33650,34700,243716
"2019-11-14",34950,35500,34600,35300,282496
"2019-11-15",35600,35600,34800,35000,184490
"2019-11-18",35450,35450,34950,35250,130119
"2019-11-19",35100,36500,35050,36000,353571
"2019-11-20",36150,36650,34950,35050,246652
"2019-11-21",35050,35800,34450,34650,310993
"2019-11-22",34500,35250,33050,33500,334445
"2019-11-25",33500,34150,33500,34000,135162
"2019-11-26",34100,34650,33550,34000,143530
"2019-11-27",33800,34650,33650,33900,130512
"2019-11-28",33700,34350,33400,33600,87860
"2019-11-29",33500,34300,33400,34050,113149
"2019-12-02",34200,34200,33100,33150,115233
"2019-12-03",32650,34100,32650,33600,84116
"2019-12-04",33350,33500,32200,32500,114579
"2019-12-05",32750,33350,32450,32650,94315
"2019-12-06",32750,33950,32700,33400,98391
"2019-12-09",33500,34100,32950,32950,79248
"2019-12-10",32750,33400,32700,33100,71057
"2019-12-11",33000,34000,32900,33800,102514
"2019-12-12",33800,34100,33500,33850,133388
"2019-12-13",34250,34450,33600,33600,150473
"2019-12-16",33650,34150,33300,33400,117789
"2019-12-17",33600,34250,33500,34250,129069
"2019-12-18",34450,34450,33700,33800,116496
"2019-12-19",33700,34300,33500,33900,100076
"2019-12-20",34200,34450,33800,34100,111640
"2019-12-23",34300,34400,33400,33950,118186
"2019-12-24",33700,34650,33700,34050,147162
"2019-12-26",34400,34500,33900,33950,174836
"2019-12-27",34050,35250,33900,34950,195931
"2019-12-30",35000,35450,34700,35000,116148
"2020-01-02",35300,35300,34250,34800,139686
"2020-01-03",35200,36100,34900,35200,316174
"2020-01-06",34900,35150,34000,34000,175308
"2020-01-07",34500,34950,34400,34800,136471
"2020-01-08",34500,34500,32600,33000,295384
"2020-01-09",33900,34100,33300,34100,185617
"2020-01-10",34150,34150,33550,34000,139005
"2020-01-13",33950,34050,32900,33350,296373
"2020-01-14",33450,33900,33050,33100,162010
"2020-01-15",33100,33600,32850,33450,96029
"2020-01-16",33450,33700,33150,33550,98999
"2020-01-17",35200,35700,34600,35250,645678
"2020-01-20",35750,39500,35750,39400,1712996
"2020-01-21",39650,41500,39050,39300,1154700
"2020-01-22",39450,40800,39350,40500,419836
"2020-01-23",40700,41100,40250,40900,354506
"2020-01-28",38850,40300,38850,39900,404882
"2020-01-29",40550,40900,39100,40700,285785
"2020-01-30",40500,40500,38950,39200,297073
"2020-01-31",39750,40500,38700,38950,341179
"2020-02-03",38100,39250,37900,38650,376748
"2020-02-04",39000,39400,38200,39300,433395
"2020-02-05",39600,40600,38800,39200,319704
"2020-02-06",39700,39800,38400,38750,361337
"2020-02-07",38650,39200,37900,39000,290597
"2020-02-10",39000,39350,38450,39250,242640
"2020-02-11",39200,39250,38500,38850,302487
"2020-02-12",38850,39900,38650,38850,372066
"2020-02-13",39100,39400,38550,38750,335141
"2020-02-14",39200,41050,39150,39950,808062
"2020-02-17",40250,41500,39900,41500,544309
"2020-02-18",41300,41700,39750,39900,523797
"2020-02-19",40100,40250,38400,39600,368102
"2020-02-20",40000,40300,39450,40000,247849
"2020-02-21",39450,40000,38500,38800,205279
"2020-02-24",37450,38400,37150,37650,226389
"2020-02-25",37700,38650,37450,38650,215102
"2020-02-26",37550,38250,37500,37850,215740
"2020-02-27",37850,37950,35550,35850,408683
"2020-02-28",34600,35600,33400,33500,516490
"2020-03-02",34100,34550,33000,34300,301369
"2020-03-03",35850,35900,33800,33850,348101
"2020-03-04",33750,34750,33650,34500,220327
"2020-03-05",35100,35150,34050,34700,241587
"2020-03-06",34150,35450,34050,34950,265053
"2020-03-09",34100,34350,32100,32500,314898
"2020-03-10",31900,34300,31800,34100,280220
"2020-03-11",34250,34850,33100,33550,277139
"2020-03-12",33100,33850,30900,32000,406541
"2020-03-13",30000,31000,27100,29400,499251
"2020-03-16",29900,31000,28000,28000,284141
"2020-03-17",26000,29400,25850,29350,298419
"2020-03-18",29500,29900,26100,26100,265949
"2020-03-19",27550,28150,21300,22450,513986
"2020-03-20",23200,26300,23200,26300,432932
"2020-03-23",24250,25600,23500,24000,301371
"2020-03-24",25400,26200,24600,26000,316142
"2020-03-25",27050,27350,25600,26950,384691
"2020-03-26",26950,27500,26050,26450,335366
"2020-03-27",27350,27650,25500,26300,329226
"2020-03-30",25250,26400,24250,26200,206878
"2020-03-31",26600,26800,25700,26150,245747
"2020-04-01",25800,27300,25450,25450,311201
"2020-04-02",25550,26300,25200,26250,170639
"2020-04-03",26300,26600,25450,26050,206202
"2020-04-06",26200,27650,26050,27500,306879
"2020-04-07",28500,29000,27400,28200,356165
"2020-04-08",28150,29850,27700,29000,344583
"2020-04-09",29450,29700,28300,28900,359993
"2020-04-10",28750,28950,27900,28100,217106
"2020-04-13",28800,28900,26500,26500,316147
"2020-04-14",27000,28050,26650,27600,203065
"2020-04-16",27450,28500,27050,28400,182711
"2020-04-17",29300,30450,29000,30050,516306
"2020-04-20",30500,32900,30150,32100,784452
"2020-04-21",33000,33050,30200,32250,758092
"2020-04-22",31600,31850,31050,31750,284232
"2020-04-23",32050,32150,31450,31750,199633
"2020-04-24",31350,31800,30500,30750,221594
"2020-04-27",31000,33150,30800,33150,439936
"2020-04-28",33650,33650,32150,32650,319553
"2020-04-29",32700,32950,32400,32800,189399
"2020-05-04",32200,32700,32000,32000,125942
"2020-05-06",32400,32800,32000,32800,133020
"2020-05-07",33050,33550,32600,33400,176181
"2020-05-08",33650,34700,33400,34500,253017
"2020-05-11",35150,35150,33550,34000,220170
"2020-05-12",33800,34050,32700,32900,211243
"2020-05-13",32200,34300,32200,34100,161426
"2020-05-14",33500,33800,33000,33500,119469
"2020-05-15",33500,33850,33200,33550,116600
"2020-05-18",33650,33650,32600,32750,213927
"2020-05-19",33500,33850,32650,32800,235619
"2020-05-20",33000,34450,32800,34200,338395
"2020-05-21",34700,35250,33900,33900,344128
"2020-05-22",33850,34150,32750,32900,195051
"2020-05-25",33000,33250,32300,32900,194315
"2020-05-26",33000,33400,32850,33000,213010
"2020-05-27",33100,33350,32450,32600,190379
"2020-05-28",33150,33200,31550,31850,248682
"2020-05-29",31850,31900,31300,31500,169477
"2020-06-01",31550,32850,31350,32750,163067
"2020-06-02",32800,33100,32250,32450,157544
"2020-06-03",32700,32750,31850,31950,231325
"2020-06-04",32300,32500,31900,32000,182713
"2020-06-05",32050,32200,31800,32200,139770
"2020-06-08",32350,32350,30650,31100,516643
"2020-06-09",31100,31250,29850,30300,516375
"2020-06-10",30050,30550,29750,29800,331584
"2020-06-11",29900,30300,29100,29350,406713
"2020-06-12",27800,28800,27800,28200,375639
"2020-06-15",28200,28250,25600,25600,483631
"2020-06-16",26400,27250,26200,26300,339112
"2020-06-17",25950,28800,25950,27850,491949
"2020-06-18",27900,28000,26750,27200,266483
"2020-06-19",27400,27600,26650,27600,157101
"2020-06-22",27600,28950,27100,28750,302771
"2020-06-23",29100,29550,28050,28300,274786
"2020-06-24",28450,29350,28000,29350,272963
"2020-06-25",28700,29350,28600,28900,198747
"2020-06-26",29100,29550,28900,29200,195793
"2020-06-29",28500,28900,27800,27950,184403
"2020-06-30",28450,29150,28200,28750,204541
"2020-07-01",28950,29450,28650,28700,161582
"2020-07-02",28750,29250,28600,29000,93678
"2020-07-03",29050,29200,28550,28850,101736
"2020-07-06",29000,29200,28700,29000,100461
"2020-07-07",29150,29600,28650,28750,156010
"2020-07-08",28550,29100,28350,28650,114479
"2020-07-09",28800,29300,28500,28950,135128
"2020-07-10",29150,29500,28850,29050,202176
"2020-07-13",29250,29250,28550,29150,139425
"2020-07-14",28950,29100,28750,28950,108743
"2020-07-15",29450,32600,29150,32000,1718159
"2020-07-16",32400,32500,31100,31600,596559
"2020-07-17",31550,31700,30950,31350,300617
"2020-07-20",31150,31400,30150,31250,324720
"2020-07-21",31450,31750,31000,31050,251953
"2020-07-22",31050,31350,30400,31300,255492
"2020-07-23",31250,31300,30700,31100,184514
"2020-07-24",30600,31100,29750,30150,274127
"2020-07-27",30050,32250,30050,32000,674519
"2020-07-28",32500,32950,31750,32300,707910
"2020-07-29",32500,34400,32350,34200,1411114
"2020-07-30",34500,34750,33700,34650,685023
"2020-07-31",34650,34750,33600,34000,489049
"2020-08-03",35050,35700,33900,34300,673376
"2020-08-04",34300,34300,33700,33850,290955
"2020-08-05",33900,35400,33300,35400,514338
"2020-08-06",35800,35800,34300,34300,425994
"2020-08-07",34500,34700,33450,34450,394978
"2020-08-10",34400,34500,33750,33850,248986
"2020-08-11",33850,34300,32950,33150,286755
"2020-08-12",33200,33200,31900,32250,466382
"2020-08-13",32400,32950,31450,31550,430359
"2020-08-14",31550,31950,30950,31150,230356
"2020-08-18",31150,31250,28750,29000,492331
"2020-08-19",29550,30100,29150,29750,206036
"2020-08-20",29850,29850,27550,27800,495273
"2020-08-21",28350,28750,27700,28300,202383
"2020-08-24",28300,29150,27600,29150,159961
"2020-08-25",29150,29650,29000,29500,175628
"2020-08-26",29550,29550,28600,29100,232873
"2020-08-27",29150,29250,28100,28150,250874
"2020-08-28",28350,29150,28300,28650,214651
"2020-08-31",28800,29350,28350,28550,195351
"2020-09-01",28700,29200,28350,29150,162289
"2020-09-02",29300,30700,29100,30600,380981
"2020-09-03",30500,31700,30500,31450,417349
"2020-09-04",29800,30900,29800,30250,393684
"2020-09-07",30400,30400,29700,30050,171975
"2020-09-08",30500,31500,30250,30650,363387
"2020-09-09",30000,30450,30000,30100,141311
"2020-09-10",30450,30700,30150,30450,160200
"2020-09-11",30600,32850,30550,31300,490719
"2020-09-14",31850,31850,31100,31650,205711
"2020-09-15",31900,31900,31150,31350,198745
"2020-09-16",31450,31450,30300,30400,248010
"2020-09-17",30450,30850,29950,30050,161234
"2020-09-18",30100,31950,29900,31900,572930
"2020-09-21",32000,32350,30400,30750,467771
"2020-09-22",30900,30950,29350,29350,330719
"2020-09-23",29750,30050,28600,29200,164895
"2020-09-24",28450,28950,28000,28100,236364
"2020-09-25",28800,28900,27700,28050,166390
"2020-09-28",28100,28900,28000,28750,118661
"2020-09-29",29400,29450,28700,29050,138132
"2020-10-05",29200,29650,29000,29500,139423
"2020-10-06",29800,30350,29650,30000,184025
"2020-10-07",29850,30200,29550,30100,119132
"2020-10-08",30350,30350,29700,30050,129448
"2020-10-12",30100,30500,30050,30350,127627
"2020-10-13",30400,31100,30150,31000,271875
"2020-10-14",31050,31100,29700,29800,255882
"2020-10-15",29650,30250,29200,29950,150886
"2020-10-16",30000,30100,28550,29100,245481
"2020-10-19",29300,29500,28750,28800,125953
"2020-10-20",28450,29150,28450,29150,105624
"2020-10-21",29250,29700,28850,29450,110750
"2020-10-22",29000,29200,28700,28700,99440
"2020-10-23",28800,29150,28550,29150,112827
"2020-10-26",29300,29350,28200,28450,176295
"2020-10-27",28300,29100,27950,28500,153477
"2020-10-28",28550,29100,28300,29100,107057
"2020-10-29",28500,29450,28300,29350,119362
"2020-10-30",29300,29350,28400,28600,92301
"2020-11-02",28450,29150,28450,28700,84326
"2020-11-03",28800,29100,28550,28850,125194
"2020-11-04",29050,29650,28650,29350,182577
"2020-11-05",29600,29850,29100,29400,179405
"2020-11-06",29500,29500,28750,28800,200423
"2020-11-09",29000,29500,29000,29250,177912
"2020-11-10",29250,29250,28750,28800,243243
"2020-11-11",28850,29400,28800,29350,143194
"2020-11-12",29750,29800,29200,29500,170006
"2020-11-13",29350,29400,28900,29300,102084
"2020-11-16",29650,30100,29400,29850,260925
"2020-11-17",30400,30400,29750,29900,242469
"2020-11-18",30050,30350,29900,29950,176273
"2020-11-19",29950,29950,29500,29900,139593
"2020-11-20",29750,30650,29750,30650,301160
"2020-11-23",30800,30900,30250,30700,240388
"2020-11-24",31500,32400,31300,31850,817793
"2020-11-25",32350,32450,30650,31000,441161
"2020-11-26",31550,31900,31000,31650,247651
"2020-11-27",31300,32450,31300,32250,314752
"2020-11-30",32550,32750,31800,32650,302853
"2020-12-01",32600,32800,32050,32300,229960
"2020-12-02",32450,32750,32150,32250,223656
"2020-12-03",32250,32950,31700,32750,297702
"2020-12-04",32950,32950,31900,32250,281847
"2020-12-07",32300,32300,31250,31800,239932
"2020-12-08",31800,32600,31750,32050,255274
"2020-12-09",32300,35000,32150,34800,1465128
"2020-12-10",34400,35150,33850,34450,688202
"2020-12-11",35500,36000,34750,35450,673105
"2020-12-14",35500,37850,35500,37400,1105447
"2020-12-15",37700,38900,37600,37750,780217
"2020-12-16",37800,38050,36650,37750,437735
"2020-12-17",37700,38150,37000,38050,342506
"2020-12-18",37950,37950,37050,37400,236877
"2020-12-21",37350,38150,36400,37550,332167
"2020-12-22",37550,37550,35250,35350,460612
"2020-12-23",35500,36650,35450,36050,273551
"2020-12-24",35850,36900,35850,36500,158548
"2020-12-28",37000,37100,36000,36500,301189
"2020-12-29",36250,36700,35950,36650,224210
"2020-12-30",36650,37350,36350,37000,200151
"2021-01-04",37900,37900,36600,37050,431008
"2021-01-05",36650,37200,36400,37000,369838
"2021-01-06",37200,37550,36500,36550,324968
"2021-01-07",36950,37000,36500,36650,245541
"2021-01-08",36750,37650,36300,36500,463873
"2021-01-11",37100,38250,36200,37400,764568
"2021-01-12",39400,40200,38050,38600,1583489
"2021-01-13",40050,40900,39550,40250,703550
"2021-01-14",40800,41750,40700,40700,641362
"2021-01-15",41050,42150,40450,41000,545682
"2021-01-18",40500,42050,39750,41450,512161
"2021-01-19",41550,42700,41500,42400,455887
"2021-01-20",43450,43950,42450,43550,543703
"2021-01-21",44050,45000,42600,42950,522951
"2021-01-22",43150,44350,42550,43100,301903
"2021-01-25",43200,43300,42150,42850,292464
"2021-01-26",42950,43300,42100,42250,265331
"2021-01-27",42700,43100,41700,41800,243924
"2021-01-28",40950,42450,40350,41550,318448
"2021-01-29",42350,42350,38800,39500,477288
"2021-02-01",38900,40550,38350,40550,249762
"2021-02-02",40950,41550,39950,40300,245722
"2021-02-03",40650,41200,40250,40950,199382
"2021-02-04",41300,41300,40100,40950,194028
"2021-02-05",41500,41550,40450,41100,237274
"2021-02-08",42050,43750,41350,42750,684633
"2021-02-09",43100,43750,42350,43000,491254
"2021-02-10",43400,44850,42400,44350,574790
"2021-02-15",44800,45400,43500,44800,587961
"2021-02-16",45500,49650,44700,48700,1445665
"2021-02-17",48250,48900,47050,48100,535873
"2021-02-18",47850,48550,45100,45250,557993
"2021-02-19",45300,47700,45300,47050,557114
"2021-02-22",47050,47450,45400,45600,376639
"2021-02-23",44750,45800,44100,45100,323092
"2021-02-24",45500,45550,42950,43500,420283
"2021-02-25",44250,44500,43250,43950,239583
"2021-02-26",42450,43450,41850,42700,269297
"2021-03-02",43950,44850,42800,43650,278890
"2021-03-03",43100,44200,43000,43900,160932
"2021-03-04",43200,43550,42500,43000,187153
"2021-03-05",42050,42800,41300,42750,242344
"2021-03-08",43300,43400,41450,41750,216477
"2021-03-09",41600,42000,40050,40950,358252
"2021-03-10",41600,42100,40150,40150,174353
"2021-03-11",40050,41250,39900,41000,162720
"2021-03-12",42200,42200,41400,41950,177298
"2021-03-15",42000,42700,41350,42400,139603
"2021-03-16",43050,43050,42400,42650,106680
"2021-03-17",43000,44650,42650,44350,427778
"2021-03-18",44750,45900,44300,44600,343535
"2021-03-19",43850,45150,43600,44900,144534
"2021-03-22",45300,47850,45300,47650,651835
"2021-03-23",48250,49350,47900,48700,502920
"2021-03-24",48900,49400,47450,48500,481607
"2021-03-25",47800,48300,46250,46250,421707
"2021-03-26",46400,46750,45650,46000,245363
"2021-03-29",46000,46950,45150,46000,213587
"2021-03-30",46350,46350,45400,45450,137710
"2021-03-31",45600,45850,44950,45700,117147
"2021-04-01",46200,46550,45000,46550,158771
"2021-04-02",46550,46850,46050,46600,166699
"2021-04-05",46600,47750,46300,47400,164303
"2021-04-06",47950,47950,46650,46900,115125
"2021-04-07",46850,46900,45100,45400,309561
"2021-04-08",45500,46400,45500,45600,154174
"2021-04-09",45650,46600,45650,45750,149676
"2021-04-12",46200,46200,44950,45050,203605
"2021-04-13",44850,45550,44600,44850,160987
"2021-04-14",45050,45450,44800,45100,108678
"2021-04-15",45500,46100,45300,45500,194011
"2021-04-16",46200,46200,45100,45550,139969
"2021-04-19",45600,46050,45150,45950,156019
"2021-04-20",46150,46200,45500,46200,127869
"2021-04-21",46150,46200,45400,45850,149621
"2021-04-22",46000,47500,45950,47250,372936
"2021-04-23",47100,47550,46450,47350,182613
"2021-04-26",48300,50400,47800,49950,913145
"2021-04-27",51600,52000,50500,51500,874883
"2021-04-28",51500,51500,50100,50300,364527
"2021-04-29",50300,50800,48000,48850,458965
"2021-04-30",49000,49200,47500,48100,278506
"2021-05-03",48050,49400,47300,47500,260626
"2021-05-04",47100,48800,46750,48450,266165
"2021-05-06",48350,48600,47700,48250,176950
"2021-05-07",48400,49100,48250,48850,164184
"2021-05-10",49400,50000,48800,48950,198194
"2021-05-11",48200,48400,46950,47400,275626
"2021-05-12",47400,47750,46500,46900,166736
"2021-05-13",45700,46500,45650,46000,215201
"2021-05-14",46250,46950,45750,46700,110140
"2021-05-17",47200,47250,44800,44900,238478
"2021-05-18",44950,45600,44200,44900,241084
"2021-05-20",45350,45350,44300,45000,119310
"2021-05-21",45350,46150,44900,45150,144009
"2021-05-24",45100,45100,44350,44350,99522
"2021-05-25",44900,45100,44500,44700,70768
"2021-05-26",44950,45800,44800,45150,131182
"2021-05-27",45250,45600,44600,45550,109796
"2021-05-28",45550,45700,45100,45450,97647
"2021-05-31",45550,45950,45000,45050,99195
"2021-06-01",45150,45900,45000,45900,89007
"2021-06-02",45900,46800,45500,46000,159181
"2021-06-03",46050,46350,45800,46200,119837
"2021-06-04",46300,46450,45900,46350,122508
"2021-06-07",46600,48200,46600,48050,339898
"2021-06-08",48050,48150,46950,47300,162238
"2021-06-09",47300,47800,46500,47000,141330
"2021-06-10",46850,48600,46800,48300,316669
"2021-06-11",48250,48700,47900,48500,185224
"2021-06-14",48550,49000,48350,48800,141750
"2021-06-15",48900,49450,48500,49150,125958
"2021-06-16",49400,49400,48400,48500,131072
"2021-06-17",48100,50600,47800,50000,406919
"2021-06-18",50200,51800,49850,51000,271974
"2021-06-21",50100,53500,49900,52100,563618
"2021-06-22",52400,53000,52200,52900,255692
"2021-06-23",53200,55000,53100,54300,485896
"2021-06-24",54400,55200,53400,54900,336404
"2021-06-25",54400,54800,53700,53800,234760
"2021-06-28",54400,55700,54200,55000,205154
"2021-06-29",55700,56200,54600,55700,216771
"2021-06-30",55700,56400,54100,55000,257808
"2021-07-01",55300,55700,54000,55300,189958
"2021-07-02",55600,55800,54300,54500,147161
"2021-07-05",54500,55500,53600,54500,120519
"2021-07-06",54500,55000,53800,54100,108463
"2021-07-07",53700,55000,53500,54500,149953
"2021-07-08",54500,55200,52800,53700,254103
"2021-07-09",53000,55700,52700,54100,289256
"2021-07-12",55000,57100,54400,54400,395998
"2021-07-13",54300,56400,53300,55600,324376
"2021-07-14",55600,56200,54500,55100,225270
"2021-07-15",55300,56400,54600,55400,196496
"2021-07-16",55300,56300,54500,55200,202294
"2021-07-19",55200,58000,54700,58000,422001
"2021-07-20",57600,59400,56900,57700,478246
"2021-07-21",58100,58600,55500,55700,263911
"2021-07-22",55800,56300,54800,56100,183029
"2021-07-23",56300,56300,53600,54000,365596
"2021-07-26",54000,54900,53100,54300,166511
"2021-07-27",54300,54400,53500,53600,97462
"2021-07-28",53000,53700,52100,53000,155956
"2021-07-29",53400,53800,53000,53000,75101
"2021-07-30",53500,55200,53200,53500,219627
"2021-08-02",53800,54400,53100,54100,107144
"2021-08-03",54200,54300,53100,53200,98636
"2021-08-04",53300,53700,52200,52900,249118
"2021-08-05",53500,53500,52300,53000,262564
"2021-08-06",53100,53400,52200,53400,450701
"2021-08-09",53800,57900,53000,57200,618785
"2021-08-10",59300,60200,56600,57800,722705
"2021-08-11",58600,67500,58100,63900,3041004
"2021-08-12",64100,65200,62300,64100,731689
"2021-08-13",63700,67800,62900,63700,759321
"2021-08-17",64600,65500,60900,61200,545026
"2021-08-18",60300,62100,58900,60900,401509
"2021-08-19",60100,60600,58300,58300,345709
"2021-08-20",59000,59100,55600,56400,409966
"2021-08-23",57000,57900,56400,57400,235060
"2021-08-24",57800,59400,57300,58500,357468
"2021-08-25",59300,60300,57700,59900,236427
"2021-08-26",60300,60400,58200,58200,183047
"2021-08-27",57600,58800,57300,58500,106233
"2021-08-30",59300,59300,57500,57600,155912
"2021-08-31",57900,59100,56600,58800,176936
"2021-09-01",59100,60700,58800,59500,210409
"2021-09-02",59800,61500,59600,61500,422032
"2021-09-03",61300,61500,60300,60500,164166
"2021-09-06",60500,60800,59400,60700,119288
"2021-09-07",60900,61300,60100,60900,122998
"2021-09-08",61300,61400,60200,60700,106396
"2021-09-09",60100,60400,59100,59300,136754
"2021-09-10",59500,59900,58300,59800,104106
"2021-09-13",59800,61400,58600,60500,262460
"2021-09-14",61400,61400,59300,59400,212453
"2021-09-15",59000,61300,59000,60800,193295
"2021-09-16",61000,62200,60400,60500,227058
"2021-09-17",60300,60600,59000,59800,197232
"2021-09-23",59100,59500,58400,58500,145204
"2021-09-24",58600,60200,58600,60000,148889
"2021-09-27",60300,60300,59000,59200,91684
"2021-09-28",59700,59700,58100,58100,124289
"2021-09-29",56000,57300,55200,57000,197942
"2021-09-30",57100,57200,55800,55800,123162
"2021-10-01",55400,55700,53000,53200,220960
"2021-10-05",51800,52300,49950,51400,324658
"2021-10-06",51500,52800,49500,50200,202370
"2021-10-07",50400,52200,50400,52200,137124
"2021-10-08",53200,53200,51600,52400,121565
"2021-10-12",52800,53800,52500,53400,101060
"2021-10-13",53400,54700,53200,53600,122400
"2021-10-14",53800,54500,53600,54500,68768
"2021-10-15",54900,55500,54300,54500,77695
"2021-10-18",54800,56700,54400,56200,119107
"2021-10-19",56900,57100,55900,56800,75144
"2021-10-20",56900,57300,55800,56300,70921
"2021-10-21",56000,56300,55200,55500,84151
"2021-10-22",54900,55800,54900,55300,52072
"2021-10-25",55800,55800,51300,51600,326825
"2021-10-26",51800,51800,46800,47550,1089316
"2021-10-27",47550,48500,47000,47300,411401
"2021-10-28",47300,47850,47050,47500,243495
"2021-10-29",47650,47950,45150,45200,382967
"2021-11-01",45600,47300,45050,47000,234674
"2021-11-02",47150,47400,46650,47000,116202
"2021-11-03",47000,47300,45800,45950,147314
"2021-11-04",46050,46650,45650,45650,120148
"2021-11-05",45650,45650,44400,44750,193930
"2021-11-08",44800,45050,43850,44450,170701
"2021-11-09",44600,45300,43850,43900,128027
"2021-11-10",43900,44350,42750,42750,129345
"2021-11-11",42500,43500,42000,43500,147803
"2021-11-12",43500,44800,43100,44250,116230
"2021-11-15",44700,46050,44250,45300,157213
"2021-11-16",45200,45250,44300,44450,98878
"2021-11-17",44600,44650,43100,43350,163045
"2021-11-18",43150,54400,43100,50400,1165483
"2021-11-19",50500,50600,48200,48300,439405
"2021-11-22",48600,51800,48150,48750,560738
"2021-11-23",51200,51900,49800,50300,422651
"2021-11-24",50300,57300,50300,54600,1705552
"2021-11-25",54200,56400,53600,55000,585104
"2021-11-26",55700,56400,52500,53000,424297
"2021-11-29",51000,53800,50000,52000,325673
"2021-11-30",52600,52900,46100,46100,812259
"2021-12-01",46350,46900,44300,46700,391194
"2021-12-02",45600,47000,44900,45750,201956
"2021-12-03",46300,47600,46050,46500,202730
"2021-12-06",46500,51000,46500,49950,534880
"2021-12-07",49850,54200,48850,50900,602479
"2021-12-08",51400,51900,50300,50900,278415
"2021-12-09",51500,52800,50900,51600,585034
"2021-12-10",51200,52300,50400,51800,275625
"2021-12-13",52200,53500,51200,51200,217806
"2021-12-14",50800,52000,50100,50900,183861
"2021-12-15",50700,51100,49700,49800,184276
"2021-12-16",50600,52000,50600,51800,223442
"2021-12-17",51300,52400,51000,51700,181816
"2021-12-20",52000,52000,49900,50700,217188
"2021-12-21",50900,51900,50200,51300,174994
"2021-12-22",52000,53300,51700,52500,276158
"2021-12-23",53000,53800,52300,53600,231872
"2021-12-24",54000,54400,53100,53200,151163
"2021-12-27",53600,53600,52200,52400,101917
"2021-12-28",52600,53300,51600,53300,166090
"2021-12-29",52600,54000,52300,53200,122138
"2021-12-30",53500,55200,52900,55100,275800
"2022-01-03",55100,55600,53900,54800,190764
"2022-01-04",55400,56000,53700,54200,163348
"2022-01-05",54000,54000,52600,52800,144917
"2022-01-06",51600,52700,51200,51600,150522
"2022-01-07",51700,53500,51100,52200,102290
"2022-01-10",52500,52600,51000,51000,99716
"2022-01-11",50800,52100,50700,50800,100209
"2022-01-12",51400,52500,51400,52200,113250
"2022-01-13",52500,53200,51900,52100,101801
"2022-01-14",51400,53400,51400,53100,148275
"2022-01-17",53200,54200,53000,53800,161536
"2022-01-18",53900,55300,53200,53500,210423
"2022-01-19",52800,53500,51700,51800,215335
"2022-01-20",51800,52200,50100,51000,245493
"2022-01-21",50300,51700,50100,51300,161298
"2022-01-24",51000,51700,49050,49650,212149
"2022-01-25",48300,49000,42650,42900,1032621
"2022-01-26",42550,43500,41350,41600,344596
"2022-01-27",41600,42450,40150,40150,354807
"2022-01-28",40150,41200,39400,40700,203574
"2022-02-03",42400,42600,41500,41900,179227
"2022-02-04",41500,43150,41050,42700,177440
"2022-02-07",43700,43850,41650,42000,187226
"2022-02-08",42400,44200,42050,42900,205748
"2022-02-09",43200,43800,42700,43000,104510
"2022-02-10",43450,44200,43050,43600,118173
"2022-02-11",43100,44350,42700,43400,116623
"2022-02-14",42300,44300,41800,42900,171257
"2022-02-15",44550,45500,41300,41500,434179
"2022-02-16",42150,43300,42100,43050,185336
"2022-02-17",43150,44500,42500,43650,236344
"2022-02-18",43050,44000,42750,43700,166109
"2022-02-21",43450,43650,42850,43550,109304
"2022-02-22",43000,43500,42300,42400,122908
"2022-02-23",42950,43350,42850,43050,71820
"2022-02-24",42750,43000,41550,41750,113056
"2022-02-25",42500,43200,42500,43000,87401
"2022-02-28",43000,43850,42500,43350,96790
"2022-03-02",43350,44250,43100,44000,128744
"2022-03-03",44450,44800,44000,44400,109527
"2022-03-04",44450,44600,43900,44400,84694
"2022-03-07",43950,46750,43200,45900,269081
"2022-03-08",44800,45300,44100,44100,132924
"2022-03-10",44850,45800,44550,45500,118812
"2022-03-11",45100,45150,44050,44250,100321
"2022-03-14",43550,44000,41750,42600,172201
"2022-03-15",42000,43800,41800,43200,82385
"2022-03-16",43150,43750,43050,43600,71043
"2022-03-17",44200,44750,43850,43850,83301
"2022-03-18",44150,44450,43850,44350,135896
"2022-03-21",44650,45100,44000,44200,109451
"2022-03-22",44200,44500,43850,44350,93715
"2022-03-23",45100,45700,44600,44900,163099
"2022-03-24",44600,45200,44050,45100,68950
"2022-03-25",45350,45350,44250,44450,140720
"2022-03-28",44750,46150,44300,46100,301347
"2022-03-29",46700,46950,45600,45800,201962
"2022-03-30",46300,46300,45200,45200,99132
"2022-03-31",45250,46400,45000,46100,143442
"2022-04-01",45650,46400,45250,46000,130831
"2022-04-04",46250,47100,46050,46850,186392
"2022-04-05",47250,48150,46900,47350,252444
"2022-04-06",47150,47250,46400,46500,114648
"2022-04-07",47100,51300,46750,49750,1095143
"2022-04-08",49500,49600,48150,49100,323430
"2022-04-11",48950,49050,46750,46850,239675
"2022-04-12",46300,47600,45950,46600,159013
"2022-04-13",46300,48000,46300,47800,128856
"2022-04-14",48050,49050,47350,49050,209157
"2022-04-15",48700,49000,47900,48400,117362
"2022-04-18",48400,48400,47350,48100,82331
"2022-04-19",48000,49350,47700,48950,133104
"2022-04-20",49000,50000,48550,49850,227869
"2022-04-21",50300,51700,50000,51500,332581
"2022-04-22",50800,50900,49400,49550,256611
"2022-04-25",48750,49200,47800,48050,158433
"2022-04-26",48100,49200,48100,48350,133003
"2022-04-27",46950,47800,46550,47800,143480
"2022-04-28",47600,47800,46850,47600,94188
"2022-04-29",47600,48650,47400,47950,86739
"2022-05-02",47250,48450,47250,48100,55872
"2022-05-03",48050,48350,47800,47950,90332
"2022-05-04",47900,48400,47150,47500,85707
"2022-05-06",46900,47000,45800,46350,97751
"2022-05-09",46350,46450,44650,45150,114518
"2022-05-10",44450,45550,43000,45450,127951
"2022-05-11",45250,45450,44000,44400,117252
"2022-05-12",43550,44350,43250,43550,122642
"2022-05-13",44400,44750,43850,44750,51194
"2022-05-16",44800,44950,44000,44000,75865
"2022-05-17",44000,44950,43950,44150,67178
"2022-05-18",44350,45350,44350,44400,79569
"2022-05-19",43200,46100,43150,45250,113507
"2022-05-20",46300,47450,45750,47450,162272
"2022-05-23",47750,48800,47100,48800,186227
"2022-05-24",48750,49300,47900,48650,196216
"2022-05-25",48650,49250,48500,48950,175216
"2022-05-26",48550,49000,46500,48000,297134
"2022-05-27",49000,49250,47700,48100,190548
"2022-05-30",48800,49500,48300,49500,155057
"2022-05-31",49450,50400,49400,50000,169229
"2022-06-02",49850,50500,49200,50000,110272
"2022-06-03",50600,50900,50100,50700,148965
"2022-06-07",51200,51500,48500,50500,234781
"2022-06-08",50500,50500,44750,46450,597094
"2022-06-09",46450,46450,44050,44800,337945
"2022-06-10",44450,44450,42000,42100,373280
"2022-06-13",41300,41300,38900,39300,346315
"2022-06-14",38000,38750,36950,37700,342659
"2022-06-15",37700,38000,35700,36100,233373
"2022-06-16",36800,39600,36800,38150,269047
"2022-06-17",36600,38000,36550,37500,111946
"2022-06-20",37650,37900,35350,35750,118128
"2022-06-21",35800,37150,35150,35900,126057
"2022-06-22",36150,36900,34600,34600,141819
"2022-06-23",34350,34700,32250,32450,279727
"2022-06-24",32450,33250,32050,33000,232379
"2022-06-27",33500,34200,32700,33800,280337
"2022-06-28",33800,34000,33100,33700,153703
"2022-06-29",33200,33250,32550,32850,158130
"2022-06-30",32900,32900,31600,31900,193434
"2022-07-01",32250,33050,32100,33000,241859
"2022-07-04",33400,33400,31600,32000,153334
"2022-07-05",32400,34200,32050,33700,239555
"2022-07-06",33350,34700,33150,34050,165501
"2022-07-07",34150,34800,33600,33900,83996
"2022-07-08",34050,34600,33600,33850,100773
"2022-07-11",33950,33950,33500,33500,81462
"2022-07-12",33050,33100,32200,32300,104304
"2022-07-13",32300,32750,31850,32550,81528
"2022-07-14",32250,33250,32200,32750,81520
"2022-07-15",32800,33000,32000,32650,62634
"2022-07-18",32950,33200,32700,33150,62919
"2022-07-19",33150,35500,32850,34850,176031
"2022-07-20",35650,35650,34100,34250,145334
"2022-07-21",34250,35950,34200,35000,131185
"2022-07-22",35350,36400,35100,35350,160186
"2022-07-25",35350,35900,33750,35100,172446
"2022-07-26",35150,35450,34600,35150,97440
"2022-07-27",35150,35950,35150,35350,69776
"2022-07-28",35550,36500,35550,36050,120597
"2022-07-29",36300,37550,36200,37200,125107
"2022-08-01",37500,38250,37200,37600,119040
"2022-08-02",37400,38000,37350,37550,75905
"2022-08-03",37600,37850,35950,36750,149960
"2022-08-04",37000,37500,36750,37250,59733
"2022-08-05",37400,38050,37300,38000,81108
"2022-08-08",37650,38250,37250,38250,66427
"2022-08-09",37800,38850,37600,38750,120721
"2022-08-10",38900,39050,38350,38500,107646
"2022-08-11",38650,39200,37600,38150,219427
"2022-08-12",38150,38750,37700,38200,122411
"2022-08-16",38250,40650,38050,39650,254046
"2022-08-17",39800,39900,37950,38100,165958
"2022-08-18",38300,38300,37300,37750,96813
"2022-08-19",37800,37900,37350,37650,46985
"2022-08-22",37350,37850,36500,36700,92459
"2022-08-23",36550,36950,35900,36150,98643
"2022-08-24",36400,37650,35950,36550,136445
"2022-08-25",36500,37700,36500,37650,78947
"2022-08-26",37900,38050,36650,36700,103972
"2022-08-29",35700,36200,35300,35700,72318
"2022-08-30",36150,36450,35850,36350,44172
"2022-08-31",35950,37600,35800,37300,94142
"2022-09-01",37150,37200,36000,36000,65769
"2022-09-02",36150,36500,35250,35650,77561
"2022-09-05",35600,36150,35200,35900,104153
"2022-09-06",35950,36200,35550,36000,46089
"2022-09-07",35800,36300,35150,35950,80508
"2022-09-08",36400,36750,36000,36500,72699
"2022-09-13",36850,37200,36500,36600,90741
"2022-09-14",35200,36050,35200,35650,77956
"2022-09-15",36150,37900,35600,36850,120680
"2022-09-16",36550,39350,36450,36500,236874
"2022-09-19",36500,36800,35000,35300,127625
"2022-09-20",35700,37800,35500,37500,173444
"2022-09-21",37300,39000,36700,36700,128723
"2022-09-22",35950,37700,35950,37050,83629
"2022-09-23",37100,37700,35400,35800,107757
"2022-09-26",35150,35400,32000,32250,227950
"2022-09-27",32150,32700,30500,32100,234103
"2022-09-28",31550,32150,30450,31000,126700
"2022-09-29",31500,31800,30200,30350,183098
"2022-09-30",30000,30750,29550,29850,135132
"2022-10-04",30150,31950,30150,31800,79977
"2022-10-05",32350,33700,32300,32950,153852
"2022-10-06",33250,33700,32750,33300,64974
"2022-10-07",32800,33950,32750,33250,126999
"2022-10-11",32850,33700,32050,32800,134041
"2022-10-12",32900,33500,32550,33250,61593
"2022-10-13",33500,33500,31750,31750,80215
"2022-10-14",32100,33250,32100,32800,38354
"2022-10-17",32050,35550,32050,34900,205616
"2022-10-18",35250,35450,33600,34100,104245
"2022-10-19",34150,34500,33700,33950,62075
"2022-10-20",34050,34400,33600,34350,77137
"2022-10-21",34000,34700,33650,34000,59877
"2022-10-24",34850,34900,32050,32200,180769
"2022-10-25",32300,32400,29600,29800,408926
"2022-10-26",29950,30550,29500,29750,197962
"2022-10-27",29500,30050,29500,29800,172084
"2022-10-28",29800,31100,29700,30050,112411
"2022-10-31",30300,30450,29550,29650,116551
"2022-11-01",29500,30450,29450,30350,109926
"2022-11-02",30350,31050,29800,30300,182875
"2022-11-03",29850,30300,29600,30000,76793
"2022-11-04",30000,30250,29450,29700,125783
"2022-11-07",29900,30400,29550,30300,68527
"2022-11-08",30400,32500,30350,31900,235711
"2022-11-09",31950,33000,31700,32550,151059
"2022-11-10",32550,32850,32000,32050,110659
"2022-11-11",32950,33700,32800,33350,174157
"2022-11-14",33400,34050,33000,33000,82796
"2022-11-15",33250,33950,32750,33500,62125
"2022-11-16",33950,35000,33000,34100,155489
"2022-11-17",34100,34450,33150,33150,60145
"2022-11-18",33050,33550,32550,32600,60663
"2022-11-21",32400,32800,31750,31950,80343
"2022-11-22",32000,32000,30850,30850,94692
"2022-11-23",31250,31900,31100,31650,56223
"2022-11-24",32200,32900,31600,32700,84440
"2022-11-25",33000,33000,31750,31850,40695
"2022-11-28",31950,32100,31100,31100,47866
"2022-11-29",30850,31750,30850,31700,30475
"2022-11-30",31250,32500,31150,32100,60223
"2022-12-01",32400,33050,32250,32400,66757
"2022-12-02",32250,32950,32200,32500,49364
"2022-12-05",32500,33050,32300,32400,55234
"2022-12-06",32450,32850,31900,32350,39181
"2022-12-07",32450,32900,32200,32350,55874
"2022-12-08",32400,32900,31750,31800,175160
"2022-12-09",30000,30950,28850,30700,571984
"2022-12-12",30600,31100,30000,30000,128277
"2022-12-13",30250,31000,30250,30650,113880
"2022-12-14",31150,32400,31050,32100,160670
"2022-12-15",32150,32150,31050,31550,92083
"2022-12-16",31050,31750,30650,31250,69947
"2022-12-19",31050,31750,30950,31100,43153
"2022-12-20",30900,31150,30050,30150,83287
"2022-12-21",30500,30650,29750,29850,51880
"2022-12-22",30000,30500,30000,30400,57227
"2022-12-23",30000,30650,29800,30300,92245
"2022-12-26",30100,30600,30100,30450,47088
"2022-12-27",30450,31450,30450,31300,116123
"2022-12-28",30450,30900,29900,29900,82410
"2022-12-29",29900,29900,28200,28900,145459
