"","Price"
"2013-03-11",8380
"2013-03-12",8340
"2013-03-13",8310
"2013-03-14",8380
"2013-03-15",8900
"2013-03-18",8940
"2013-03-19",8990
"2013-03-20",8900
"2013-03-21",8900
"2013-03-22",9000
"2013-03-25",9200
"2013-03-26",9210
"2013-03-27",9270
"2013-03-28",9070
"2013-03-29",9100
"2013-04-01",9070
"2013-04-02",8900
"2013-04-03",8730
"2013-04-04",8700
"2013-04-05",8730
"2013-04-08",8700
"2013-04-09",8690
"2013-04-10",8650
"2013-04-11",8720
"2013-04-12",8690
"2013-04-15",8870
"2013-04-16",8790
"2013-04-17",8790
"2013-04-18",8730
"2013-04-19",8700
"2013-04-22",8630
"2013-04-23",8540
"2013-04-24",8490
"2013-04-25",8620
"2013-04-26",8690
"2013-04-29",8660
"2013-04-30",8770
"2013-05-02",8780
"2013-05-03",8740
"2013-05-06",8730
"2013-05-07",8840
"2013-05-08",9450
"2013-05-09",9640
"2013-05-10",9980
"2013-05-13",9770
"2013-05-14",9890
"2013-05-15",9510
"2013-05-16",9630
"2013-05-20",9650
"2013-05-21",9500
"2013-05-22",9430
"2013-05-23",9240
"2013-05-24",9320
"2013-05-27",9280
"2013-05-28",9330
"2013-05-29",9240
"2013-05-30",9300
"2013-05-31",9390
"2013-06-03",9750
"2013-06-04",9790
"2013-06-05",9700
"2013-06-07",9680
"2013-06-10",9670
"2013-06-11",9640
"2013-06-12",9560
"2013-06-13",9540
"2013-06-14",9600
"2013-06-17",9600
"2013-06-18",9790
"2013-06-19",9780
"2013-06-20",9780
"2013-06-21",9660
"2013-06-24",9650
"2013-06-25",9440
"2013-06-26",9420
"2013-06-27",9280
"2013-06-28",9300
"2013-07-01",9340
"2013-07-02",9450
"2013-07-03",9270
"2013-07-04",9360
"2013-07-05",9300
"2013-07-08",9100
"2013-07-09",8990
"2013-07-10",8900
"2013-07-11",9070
"2013-07-12",8980
"2013-07-15",8800
"2013-07-16",8550
"2013-07-17",9060
"2013-07-18",9080
"2013-07-19",8970
"2013-07-22",9000
"2013-07-23",8950
"2013-07-24",8860
"2013-07-25",8890
"2013-07-26",8830
"2013-07-29",8770
"2013-07-30",8770
"2013-07-31",8760
"2013-08-01",8790
"2013-08-02",8750
"2013-08-05",8840
"2013-08-06",8900
"2013-08-07",8830
"2013-08-08",8840
"2013-08-09",8570
"2013-08-12",8540
"2013-08-13",8720
"2013-08-14",8810
"2013-08-16",8690
"2013-08-19",9100
"2013-08-20",9060
"2013-08-21",8990
"2013-08-22",8700
"2013-08-23",8890
"2013-08-26",8960
"2013-08-27",9030
"2013-08-28",8750
"2013-08-29",8920
"2013-08-30",8940
"2013-09-02",8940
"2013-09-03",8780
"2013-09-04",8840
"2013-09-05",8790
"2013-09-06",8600
"2013-09-09",8790
"2013-09-10",8690
"2013-09-11",8560
"2013-09-12",8500
"2013-09-13",8250
"2013-09-16",8670
"2013-09-17",8970
"2013-09-23",8970
"2013-09-24",8950
"2013-09-25",8950
"2013-09-26",8940
"2013-09-27",8900
"2013-09-30",8780
"2013-10-01",8600
"2013-10-02",8850
"2013-10-04",8900
"2013-10-07",8740
"2013-10-08",8820
"2013-10-10",8900
"2013-10-11",9000
"2013-10-14",9000
"2013-10-15",9000
"2013-10-16",9000
"2013-10-17",8990
"2013-10-18",9010
"2013-10-21",8740
"2013-10-22",8890
"2013-10-23",8730
"2013-10-24",8870
"2013-10-25",8780
"2013-10-28",8850
"2013-10-29",8910
"2013-10-30",8840
"2013-10-31",8970
"2013-11-01",9000
"2013-11-04",8900
"2013-11-05",8780
"2013-11-06",9240
"2013-11-07",9240
"2013-11-08",9110
"2013-11-11",8840
"2013-11-12",8840
"2013-11-13",8900
"2013-11-14",9060
"2013-11-15",9030
"2013-11-18",9010
"2013-11-19",9040
"2013-11-20",9120
"2013-11-21",9090
"2013-11-22",9130
"2013-11-25",9090
"2013-11-26",10450
"2013-11-27",10400
"2013-11-28",10100
"2013-11-29",9850
"2013-12-02",9980
"2013-12-03",10000
"2013-12-04",9750
"2013-12-05",9750
"2013-12-06",9740
"2013-12-09",9760
"2013-12-10",9830
"2013-12-11",9880
"2013-12-12",9880
"2013-12-13",9900
"2013-12-16",9920
"2013-12-17",9650
"2013-12-18",9640
"2013-12-19",9660
"2013-12-20",9600
"2013-12-23",9440
"2013-12-24",9250
"2013-12-26",9100
"2013-12-27",8750
"2013-12-30",8780
"2014-01-02",8690
"2014-01-03",8420
"2014-01-06",8510
"2014-01-07",8400
"2014-01-08",8400
"2014-01-09",8500
"2014-01-10",8330
"2014-01-13",8270
"2014-01-14",8270
"2014-01-15",8160
"2014-01-16",8250
"2014-01-17",8350
"2014-01-20",8350
"2014-01-21",8200
"2014-01-22",8200
"2014-01-23",8200
"2014-01-24",8190
"2014-01-27",8060
"2014-01-28",8110
"2014-01-29",8210
"2014-02-03",8200
"2014-02-04",8140
"2014-02-05",8030
"2014-02-06",8120
"2014-02-07",8200
"2014-02-10",8190
"2014-02-11",8210
"2014-02-12",8250
"2014-02-13",8270
"2014-02-14",8280
"2014-02-17",8230
"2014-02-18",8200
"2014-02-19",8030
"2014-02-20",8180
"2014-02-21",8200
"2014-02-24",8040
"2014-02-25",8180
"2014-02-26",8070
"2014-02-27",8130
"2014-02-28",8120
"2014-03-03",8030
"2014-03-04",8090
"2014-03-05",8040
"2014-03-06",8090
"2014-03-07",8130
"2014-03-10",7980
"2014-03-11",7850
"2014-03-12",7930
"2014-03-13",7990
"2014-03-14",7930
"2014-03-17",7940
"2014-03-18",7930
"2014-03-19",7860
"2014-03-20",7700
"2014-03-21",7900
"2014-03-24",7680
"2014-03-25",7900
"2014-03-26",7930
"2014-03-27",7910
"2014-03-28",7830
"2014-03-31",7870
"2014-04-01",7830
"2014-04-02",7790
"2014-04-03",7850
"2014-04-04",8220
"2014-04-07",8530
"2014-04-08",8340
"2014-04-09",8150
"2014-04-10",8290
"2014-04-11",8180
"2014-04-14",8170
"2014-04-15",8170
"2014-04-16",8230
"2014-04-17",8200
"2014-04-18",8310
"2014-04-21",8380
"2014-04-22",8500
"2014-04-23",8500
"2014-04-24",8250
"2014-04-25",8310
"2014-04-28",8410
"2014-04-29",8430
"2014-04-30",8410
"2014-05-02",8490
"2014-05-07",8320
"2014-05-08",8100
"2014-05-09",8030
"2014-05-12",7960
"2014-05-13",7930
"2014-05-14",8060
"2014-05-15",8050
"2014-05-16",8000
"2014-05-19",7710
"2014-05-20",7590
"2014-05-21",7590
"2014-05-22",7550
"2014-05-23",7610
"2014-05-26",7740
"2014-05-27",7750
"2014-05-28",7810
"2014-05-29",7880
"2014-05-30",7900
"2014-06-02",7780
"2014-06-03",7480
"2014-06-05",7160
"2014-06-09",7240
"2014-06-10",7270
"2014-06-11",7720
"2014-06-12",7750
"2014-06-13",7780
"2014-06-16",7500
"2014-06-17",7500
"2014-06-18",7580
"2014-06-19",7390
"2014-06-20",7480
"2014-06-23",7400
"2014-06-24",7290
"2014-06-25",7000
"2014-06-26",7040
"2014-06-27",7070
"2014-06-30",7150
"2014-07-01",7400
"2014-07-02",7300
"2014-07-03",7390
"2014-07-04",7300
"2014-07-07",7370
"2014-07-08",7390
"2014-07-09",7470
"2014-07-10",7400
"2014-07-11",7350
"2014-07-14",7380
"2014-07-15",7420
"2014-07-16",7420
"2014-07-17",7410
"2014-07-18",7340
"2014-07-21",7290
"2014-07-22",7330
"2014-07-23",7330
"2014-07-24",7330
"2014-07-25",7210
"2014-07-28",7300
"2014-07-29",7410
"2014-07-30",7430
"2014-07-31",7330
"2014-08-01",7410
"2014-08-04",7490
"2014-08-05",7460
"2014-08-06",7260
"2014-08-07",7440
"2014-08-08",7200
"2014-08-11",7370
"2014-08-12",7700
"2014-08-13",7710
"2014-08-14",8650
"2014-08-18",8380
"2014-08-19",8400
"2014-08-20",8630
"2014-08-21",8650
"2014-08-22",8670
"2014-08-25",8600
"2014-08-26",9430
"2014-08-27",9150
"2014-08-28",9070
"2014-08-29",9230
"2014-09-01",9230
"2014-09-02",9240
"2014-09-03",9440
"2014-09-04",9600
"2014-09-05",9930
"2014-09-11",9990
"2014-09-12",10450
"2014-09-15",10650
"2014-09-16",11050
"2014-09-17",11200
"2014-09-18",11000
"2014-09-19",11100
"2014-09-22",10950
"2014-09-23",11200
"2014-09-24",11200
"2014-09-25",11600
"2014-09-26",11700
"2014-09-29",11300
"2014-09-30",11000
"2014-10-01",10300
"2014-10-02",10450
"2014-10-06",10250
"2014-10-07",10700
"2014-10-08",10800
"2014-10-10",10600
"2014-10-13",10550
"2014-10-14",10500
"2014-10-15",10850
"2014-10-16",10650
"2014-10-17",10500
"2014-10-20",10800
"2014-10-21",11350
"2014-10-22",11300
"2014-10-23",11450
"2014-10-24",11450
"2014-10-27",11200
"2014-10-28",10700
"2014-10-29",10850
"2014-10-30",10950
"2014-10-31",11150
"2014-11-03",11400
"2014-11-04",12150
"2014-11-05",11700
"2014-11-06",11800
"2014-11-07",11950
"2014-11-10",12250
"2014-11-11",12000
"2014-11-12",12050
"2014-11-13",12150
"2014-11-14",12150
"2014-11-17",12300
"2014-11-18",12050
"2014-11-19",12250
"2014-11-20",12250
"2014-11-21",12600
"2014-11-24",12250
"2014-11-25",12300
"2014-11-26",12150
"2014-11-27",11900
"2014-11-28",11800
"2014-12-01",11900
"2014-12-02",12450
"2014-12-03",12800
"2014-12-04",12800
"2014-12-05",12900
"2014-12-08",12800
"2014-12-09",12600
"2014-12-10",12600
"2014-12-11",12050
"2014-12-12",11600
"2014-12-15",11500
"2014-12-16",11100
"2014-12-17",11000
"2014-12-18",10800
"2014-12-19",11300
"2014-12-22",11200
"2014-12-23",11200
"2014-12-24",11050
"2014-12-26",11050
"2014-12-29",10700
"2014-12-30",11050
"2015-01-02",11500
"2015-01-05",11350
"2015-01-06",11350
"2015-01-07",11300
"2015-01-08",11850
"2015-01-09",12450
"2015-01-12",12650
"2015-01-13",12350
"2015-01-14",12900
"2015-01-15",14350
"2015-01-16",14700
"2015-01-19",14650
"2015-01-20",15000
"2015-01-21",16200
"2015-01-22",16200
"2015-01-23",16250
"2015-01-26",16050
"2015-01-27",15700
"2015-01-28",15300
"2015-01-29",15600
"2015-01-30",15600
"2015-02-02",16000
"2015-02-03",16950
"2015-02-04",17900
"2015-02-05",18050
"2015-02-06",17750
"2015-02-09",17500
"2015-02-10",17500
"2015-02-11",17700
"2015-02-12",17700
"2015-02-13",17500
"2015-02-16",17500
"2015-02-17",17200
"2015-02-23",17400
"2015-02-24",17050
"2015-02-25",18200
"2015-02-26",18000
"2015-02-27",18300
"2015-03-02",17750
"2015-03-03",17550
"2015-03-04",17500
"2015-03-05",17500
"2015-03-06",17150
"2015-03-09",17200
"2015-03-10",17200
"2015-03-11",17300
"2015-03-12",17200
"2015-03-13",17300
"2015-03-16",17300
"2015-03-17",17100
"2015-03-18",17100
"2015-03-19",16400
"2015-03-20",17100
"2015-03-23",17700
"2015-03-24",17800
"2015-03-25",17800
"2015-03-26",17300
"2015-03-27",17100
"2015-03-30",17600
"2015-03-31",17050
"2015-04-01",17000
"2015-04-02",16750
"2015-04-03",17200
"2015-04-06",17150
"2015-04-07",16900
"2015-04-08",16700
"2015-04-09",17150
"2015-04-10",16550
"2015-04-13",16600
"2015-04-14",16600
"2015-04-15",17000
"2015-04-16",16900
"2015-04-17",17650
"2015-04-20",18450
"2015-04-21",18750
"2015-04-22",18450
"2015-04-23",18800
"2015-04-24",18350
"2015-04-27",18400
"2015-04-28",18450
"2015-04-29",18700
"2015-04-30",18800
"2015-05-04",19300
"2015-05-06",18450
"2015-05-07",18550
"2015-05-08",18700
"2015-05-11",18650
"2015-05-12",18700
"2015-05-13",18350
"2015-05-14",18400
"2015-05-15",18300
"2015-05-18",18300
"2015-05-19",17700
"2015-05-20",18400
"2015-05-21",19050
"2015-05-22",19100
"2015-05-26",18800
"2015-05-27",18100
"2015-05-28",18200
"2015-05-29",18350
"2015-06-01",17750
"2015-06-02",17350
"2015-06-03",17700
"2015-06-04",17250
"2015-06-05",17050
"2015-06-08",17200
"2015-06-09",17250
"2015-06-10",16500
"2015-06-11",16500
"2015-06-12",17000
"2015-06-15",16100
"2015-06-16",16000
"2015-06-17",16300
"2015-06-18",15400
"2015-06-19",15650
"2015-06-22",15250
"2015-06-23",15050
"2015-06-24",15200
"2015-06-25",15200
"2015-06-26",15700
"2015-06-29",16250
"2015-06-30",15600
"2015-07-01",15650
"2015-07-02",15800
"2015-07-03",15300
"2015-07-06",14550
"2015-07-07",14550
"2015-07-08",14600
"2015-07-09",14350
"2015-07-10",13900
"2015-07-13",13750
"2015-07-14",13750
"2015-07-15",13600
"2015-07-16",13650
"2015-07-17",13500
"2015-07-20",13850
"2015-07-21",13800
"2015-07-22",13400
"2015-07-23",12850
"2015-07-24",13000
"2015-07-27",12500
"2015-07-28",13400
"2015-07-29",13450
"2015-07-30",12450
"2015-07-31",12950
"2015-08-03",12300
"2015-08-04",12550
"2015-08-05",13400
"2015-08-06",13550
"2015-08-07",13500
"2015-08-10",13300
"2015-08-11",13100
"2015-08-12",13300
"2015-08-13",13500
"2015-08-17",13600
"2015-08-18",12700
"2015-08-19",12500
"2015-08-20",12500
"2015-08-21",11600
"2015-08-24",11450
"2015-08-25",12300
"2015-08-26",12950
"2015-08-27",12900
"2015-08-28",13000
"2015-08-31",13000
"2015-09-01",13000
"2015-09-02",12650
"2015-09-03",11900
"2015-09-04",11900
"2015-09-07",11850
"2015-09-08",12350
"2015-09-09",12450
"2015-09-10",12450
"2015-09-11",12600
"2015-09-14",12600
"2015-09-15",12600
"2015-09-16",12600
"2015-09-17",12750
"2015-09-18",12800
"2015-09-21",12750
"2015-09-22",12750
"2015-09-23",12400
"2015-09-24",12500
"2015-09-25",12850
"2015-09-30",12400
"2015-10-01",12600
"2015-10-02",12400
"2015-10-05",12200
"2015-10-06",12000
"2015-10-07",12350
"2015-10-08",11950
"2015-10-12",11600
"2015-10-13",11900
"2015-10-14",11900
"2015-10-15",11800
"2015-10-16",11650
"2015-10-19",11250
"2015-10-20",11400
"2015-10-21",11350
"2015-10-22",10700
"2015-10-23",13900
"2015-10-26",13600
"2015-10-27",12950
"2015-10-28",12600
"2015-10-29",12400
"2015-10-30",12250
"2015-11-02",11500
"2015-11-03",11500
"2015-11-04",11400
"2015-11-05",11150
"2015-11-06",11300
"2015-11-09",10550
"2015-11-10",10650
"2015-11-11",10500
"2015-11-12",10050
"2015-11-13",9940
"2015-11-16",9460
"2015-11-17",10350
"2015-11-18",10350
"2015-11-19",10500
"2015-11-20",10750
"2015-11-23",11400
"2015-11-24",11300
"2015-11-25",11250
"2015-11-26",11400
"2015-11-27",11200
"2015-11-30",10950
"2015-12-01",10550
"2015-12-02",10250
"2015-12-03",9990
"2015-12-04",9840
"2015-12-07",9850
"2015-12-08",9830
"2015-12-09",9900
"2015-12-10",10150
"2015-12-11",10850
"2015-12-14",11000
"2015-12-15",11350
"2015-12-16",11500
"2015-12-17",11850
"2015-12-18",12650
"2015-12-21",12500
"2015-12-22",11950
"2015-12-23",12100
"2015-12-24",12150
"2015-12-28",12500
"2015-12-29",12650
"2015-12-30",12700
"2016-01-04",12700
"2016-01-05",12700
"2016-01-06",12800
"2016-01-07",11250
"2016-01-08",11150
"2016-01-11",11050
"2016-01-12",10800
"2016-01-13",10700
"2016-01-14",10700
"2016-01-15",10900
"2016-01-18",10950
"2016-01-19",11000
"2016-01-20",10750
"2016-01-21",10600
"2016-01-22",10500
"2016-01-25",10550
"2016-01-26",10450
"2016-01-27",10950
"2016-01-28",11300
"2016-01-29",11550
"2016-02-01",11650
"2016-02-02",11700
"2016-02-03",11750
"2016-02-04",11800
"2016-02-05",12050
"2016-02-11",11950
"2016-02-12",11800
"2016-02-15",11850
"2016-02-16",11850
"2016-02-17",11400
"2016-02-18",11300
"2016-02-19",11250
"2016-02-22",10750
"2016-02-23",10450
"2016-02-24",10350
"2016-02-25",10400
"2016-02-26",10050
"2016-02-29",10200
"2016-03-02",10650
"2016-03-03",10650
"2016-03-04",10600
"2016-03-07",10500
"2016-03-08",10550
"2016-03-09",10450
"2016-03-10",10350
"2016-03-11",10250
"2016-03-14",10050
"2016-03-15",10100
"2016-03-16",10100
"2016-03-17",10050
"2016-03-18",9980
"2016-03-21",10050
"2016-03-22",10050
"2016-03-23",9900
"2016-03-24",9850
"2016-03-25",9790
"2016-03-28",9770
"2016-03-29",9740
"2016-03-30",9640
"2016-03-31",9430
"2016-04-01",9490
"2016-04-04",9560
"2016-04-05",9970
"2016-04-06",10050
"2016-04-07",9850
"2016-04-08",10300
"2016-04-11",10400
"2016-04-12",10200
"2016-04-14",10000
"2016-04-15",9980
"2016-04-18",9830
"2016-04-19",9850
"2016-04-20",9910
"2016-04-21",9750
"2016-04-22",9740
"2016-04-25",9660
"2016-04-26",9640
"2016-04-27",9630
"2016-04-28",9630
"2016-04-29",9520
"2016-05-02",9490
"2016-05-03",9410
"2016-05-04",9380
"2016-05-09",9270
"2016-05-10",9310
"2016-05-11",9400
"2016-05-12",9410
"2016-05-13",9390
"2016-05-16",9360
"2016-05-17",9180
"2016-05-18",9250
"2016-05-19",9160
"2016-05-20",9150
"2016-05-23",9210
"2016-05-24",9030
"2016-05-25",9080
"2016-05-26",9050
"2016-05-27",9050
"2016-05-30",9250
"2016-05-31",9400
"2016-06-01",9290
"2016-06-02",9420
"2016-06-03",9400
"2016-06-07",9230
"2016-06-08",9230
"2016-06-09",9340
"2016-06-10",9650
"2016-06-13",9660
"2016-06-14",9500
"2016-06-15",9470
"2016-06-16",9250
"2016-06-17",9220
"2016-06-20",9400
"2016-06-21",9300
"2016-06-22",9420
"2016-06-23",9410
"2016-06-24",9230
"2016-06-27",9080
"2016-06-28",9130
"2016-06-29",9190
"2016-06-30",9250
"2016-07-01",9270
"2016-07-04",9230
"2016-07-05",9250
"2016-07-06",9200
"2016-07-07",9120
"2016-07-08",9120
"2016-07-11",9250
"2016-07-12",9360
"2016-07-13",9360
"2016-07-14",9090
"2016-07-15",9020
"2016-07-18",9050
"2016-07-19",9120
"2016-07-20",9200
"2016-07-21",9390
"2016-07-22",9330
"2016-07-25",9470
"2016-07-26",9450
"2016-07-27",9300
"2016-07-28",9270
"2016-07-29",9270
"2016-08-01",9220
"2016-08-02",9440
"2016-08-03",10600
"2016-08-04",11500
"2016-08-05",11600
"2016-08-08",11500
"2016-08-09",11000
"2016-08-10",10650
"2016-08-11",10400
"2016-08-12",10800
"2016-08-16",10200
"2016-08-17",10400
"2016-08-18",10300
"2016-08-19",10200
"2016-08-22",10000
"2016-08-23",10000
"2016-08-24",10050
"2016-08-25",10000
"2016-08-26",10150
"2016-08-29",10200
"2016-08-30",10050
"2016-08-31",9960
"2016-09-01",9930
"2016-09-02",9950
"2016-09-05",9470
"2016-09-06",9510
"2016-09-07",9540
"2016-09-08",9240
"2016-09-09",9110
"2016-09-12",8870
"2016-09-13",9150
"2016-09-19",9140
"2016-09-20",9200
"2016-09-21",9220
"2016-09-22",9250
"2016-09-23",9360
"2016-09-26",9360
"2016-09-27",9260
"2016-09-28",9260
"2016-09-29",9290
"2016-09-30",9330
"2016-10-04",9320
"2016-10-05",9320
"2016-10-06",9300
"2016-10-07",9260
"2016-10-10",9140
"2016-10-11",9260
"2016-10-12",9340
"2016-10-13",9290
"2016-10-14",9260
"2016-10-17",9250
"2016-10-18",9270
"2016-10-19",9260
"2016-10-20",9230
"2016-10-21",9200
"2016-10-24",9090
"2016-10-25",8900
"2016-10-26",8570
"2016-10-27",8650
"2016-10-28",8570
"2016-10-31",8150
"2016-11-01",8280
"2016-11-02",8040
"2016-11-03",8050
"2016-11-04",8050
"2016-11-07",8100
"2016-11-08",8130
"2016-11-09",7980
"2016-11-10",8260
"2016-11-11",8270
"2016-11-14",8300
"2016-11-15",8020
"2016-11-16",8200
"2016-11-17",8270
"2016-11-18",8130
"2016-11-21",8050
"2016-11-22",8140
"2016-11-23",7820
"2016-11-24",8000
"2016-11-25",7740
"2016-11-28",7850
"2016-11-29",7800
"2016-11-30",7660
"2016-12-01",7590
"2016-12-02",7430
"2016-12-05",7420
"2016-12-06",7560
"2016-12-07",7310
"2016-12-08",7200
"2016-12-09",7170
"2016-12-12",7390
"2016-12-13",7390
"2016-12-14",7530
"2016-12-15",7730
"2016-12-16",7650
"2016-12-19",7540
"2016-12-20",7680
"2016-12-21",7690
"2016-12-22",7690
"2016-12-23",7740
"2016-12-26",7580
"2016-12-27",7600
"2016-12-28",7740
"2016-12-29",8000
"2017-01-02",8090
"2017-01-03",8270
"2017-01-04",8270
"2017-01-05",8320
"2017-01-06",10800
"2017-01-09",10900
"2017-01-10",10950
"2017-01-11",11000
"2017-01-12",10750
"2017-01-13",10100
"2017-01-16",9670
"2017-01-17",9710
"2017-01-18",10000
"2017-01-19",10000
"2017-01-20",9660
"2017-01-23",10100
"2017-01-24",10150
"2017-01-25",10000
"2017-01-26",9760
"2017-01-31",9520
"2017-02-01",9870
"2017-02-02",9940
"2017-02-03",9800
"2017-02-06",9900
"2017-02-07",10150
"2017-02-08",10250
"2017-02-09",10100
"2017-02-10",10050
"2017-02-13",9980
"2017-02-14",9740
"2017-02-15",9390
"2017-02-16",9140
"2017-02-17",9380
"2017-02-20",9300
"2017-02-21",9230
"2017-02-22",9100
"2017-02-23",9050
"2017-02-24",8690
"2017-02-27",9240
"2017-02-28",9190
"2017-03-02",8990
"2017-03-03",8700
"2017-03-06",8890
"2017-03-07",8890
"2017-03-08",9130
"2017-03-09",8850
"2017-03-10",8950
"2017-03-13",8840
"2017-03-14",8860
"2017-03-15",9060
"2017-03-16",9090
"2017-03-17",9120
"2017-03-20",9050
"2017-03-21",8960
"2017-03-22",9000
"2017-03-23",8970
"2017-03-24",8830
"2017-03-27",8820
"2017-03-28",8700
"2017-03-29",8700
"2017-03-30",8880
"2017-03-31",8870
"2017-04-03",8870
"2017-04-04",8920
"2017-04-05",8910
"2017-04-06",8870
"2017-04-07",9100
"2017-04-10",9040
"2017-04-11",9160
"2017-04-12",9250
"2017-04-13",9240
"2017-04-14",9200
"2017-04-17",9190
"2017-04-18",9400
"2017-04-19",9630
"2017-04-20",9970
"2017-04-21",9750
"2017-04-24",9920
"2017-04-25",9890
"2017-04-26",9840
"2017-04-27",9780
"2017-04-28",9890
"2017-05-02",9850
"2017-05-04",9720
"2017-05-08",9740
"2017-05-10",9750
"2017-05-11",9830
"2017-05-12",9820
"2017-05-15",10600
"2017-05-16",10750
"2017-05-17",11150
"2017-05-18",11650
"2017-05-19",11350
"2017-05-22",11850
"2017-05-23",12900
"2017-05-24",12900
"2017-05-25",12900
"2017-05-26",12950
"2017-05-29",12000
"2017-05-30",11550
"2017-05-31",12200
"2017-06-01",12450
"2017-06-02",12100
"2017-06-05",12050
"2017-06-07",12100
"2017-06-08",12600
"2017-06-09",12650
"2017-06-12",12850
"2017-06-13",12900
"2017-06-14",12600
"2017-06-15",12350
"2017-06-16",12900
"2017-06-19",12800
"2017-06-20",12500
"2017-06-21",12500
"2017-06-22",12800
"2017-06-23",13050
"2017-06-26",14200
"2017-06-27",14300
"2017-06-28",13750
"2017-06-29",13800
"2017-06-30",13700
"2017-07-03",13500
"2017-07-04",13200
"2017-07-05",13450
"2017-07-06",13200
"2017-07-07",12850
"2017-07-10",12750
"2017-07-11",13000
"2017-07-12",12700
"2017-07-13",12850
"2017-07-14",13000
"2017-07-17",12950
"2017-07-18",12950
"2017-07-19",12900
"2017-07-20",14150
"2017-07-21",14500
"2017-07-24",14350
"2017-07-25",13600
"2017-07-26",13600
"2017-07-27",13800
"2017-07-28",13000
"2017-07-31",13000
"2017-08-01",13000
"2017-08-02",13700
"2017-08-03",12950
"2017-08-04",12950
"2017-08-07",13200
"2017-08-08",13400
"2017-08-09",13500
"2017-08-10",13200
"2017-08-11",13700
"2017-08-14",13850
"2017-08-16",14150
"2017-08-17",15750
"2017-08-18",15450
"2017-08-21",15200
"2017-08-22",15100
"2017-08-23",14900
"2017-08-24",15450
"2017-08-25",15100
"2017-08-28",15600
"2017-08-29",16000
"2017-08-30",15950
"2017-08-31",16800
"2017-09-01",16550
"2017-09-04",16600
"2017-09-05",16200
"2017-09-06",16550
"2017-09-07",17400
"2017-09-08",17200
"2017-09-11",16850
"2017-09-12",17100
"2017-09-13",16400
"2017-09-14",16250
"2017-09-15",16400
"2017-09-18",16950
"2017-09-19",16700
"2017-09-20",16150
"2017-09-21",16500
"2017-09-22",16300
"2017-09-25",16100
"2017-09-26",16150
"2017-09-27",16100
"2017-09-28",16200
"2017-09-29",16300
"2017-10-10",16050
"2017-10-11",15350
"2017-10-12",14600
"2017-10-13",14700
"2017-10-16",14000
"2017-10-17",14400
"2017-10-18",14200
"2017-10-19",14200
"2017-10-20",14400
"2017-10-23",14650
"2017-10-24",14950
"2017-10-25",15200
"2017-10-26",15200
"2017-10-27",15400
"2017-10-30",15800
"2017-10-31",16200
"2017-11-01",16450
"2017-11-02",16500
"2017-11-03",16500
"2017-11-06",15800
"2017-11-07",15600
"2017-11-08",16000
"2017-11-09",15700
"2017-11-10",16300
"2017-11-13",17000
"2017-11-14",17350
"2017-11-15",16950
"2017-11-16",18850
"2017-11-17",18950
"2017-11-20",18700
"2017-11-21",18400
"2017-11-22",17950
"2017-11-23",17800
"2017-11-24",18500
"2017-11-27",18200
"2017-11-28",16900
"2017-11-29",16650
"2017-11-30",15750
"2017-12-01",16300
"2017-12-04",16900
"2017-12-05",16800
"2017-12-06",16300
"2017-12-07",16150
"2017-12-08",16000
"2017-12-11",16250
"2017-12-12",15750
"2017-12-13",16000
"2017-12-14",15950
"2017-12-15",15600
"2017-12-18",15300
"2017-12-19",15400
"2017-12-20",15550
"2017-12-21",15450
"2017-12-22",16150
"2017-12-26",16050
"2017-12-27",16350
"2017-12-28",16700
"2018-01-02",16850
"2018-01-03",16700
"2018-01-04",16450
"2018-01-05",16700
"2018-01-08",17600
"2018-01-09",16900
"2018-01-10",16600
"2018-01-11",16200
"2018-01-12",16050
"2018-01-15",15900
"2018-01-16",16300
"2018-01-17",17000
"2018-01-18",17400
"2018-01-19",17450
"2018-01-22",17450
"2018-01-23",17350
"2018-01-24",17100
"2018-01-25",16650
"2018-01-26",17200
"2018-01-29",17850
"2018-01-30",17250
"2018-01-31",17050
"2018-02-01",17150
"2018-02-02",16700
"2018-02-05",15950
"2018-02-06",15900
"2018-02-07",15950
"2018-02-08",16100
"2018-02-09",15650
"2018-02-12",15200
"2018-02-13",15200
"2018-02-14",15450
"2018-02-19",15500
"2018-02-20",15250
"2018-02-21",15850
"2018-02-22",15250
"2018-02-23",15300
"2018-02-26",15050
"2018-02-27",15700
"2018-02-28",15150
"2018-03-02",15100
"2018-03-05",14800
"2018-03-06",14800
"2018-03-07",14800
"2018-03-08",15300
"2018-03-09",15450
"2018-03-12",15600
"2018-03-13",16050
"2018-03-14",16200
"2018-03-15",16300
"2018-03-16",16450
"2018-03-19",16150
"2018-03-20",15700
"2018-03-21",16300
"2018-03-22",15850
"2018-03-23",15000
"2018-03-26",15350
"2018-03-27",14900
"2018-03-28",14800
"2018-03-29",15200
"2018-03-30",15100
"2018-04-02",14850
"2018-04-03",14300
"2018-04-04",13150
"2018-04-05",13450
"2018-04-06",14000
"2018-04-09",14450
"2018-04-10",14200
"2018-04-11",14900
"2018-04-12",15150
"2018-04-13",15150
"2018-04-16",15200
"2018-04-17",15000
"2018-04-18",14800
"2018-04-19",14750
"2018-04-20",14750
"2018-04-23",14550
"2018-04-24",14550
"2018-04-25",14450
"2018-04-26",14200
"2018-04-27",14150
"2018-04-30",13900
"2018-05-02",14900
"2018-05-03",15250
"2018-05-04",14650
"2018-05-08",14750
"2018-05-09",14850
"2018-05-10",15100
"2018-05-11",15750
"2018-05-14",15700
"2018-05-15",16400
"2018-05-16",15650
"2018-05-17",16050
"2018-05-18",15800
"2018-05-21",15900
"2018-05-23",17100
"2018-05-24",16250
"2018-05-25",15900
"2018-05-28",16200
"2018-05-29",15650
"2018-05-30",14500
"2018-05-31",15200
"2018-06-01",14900
"2018-06-04",15050
"2018-06-05",15000
"2018-06-07",15000
"2018-06-08",14750
"2018-06-11",14850
"2018-06-12",15100
"2018-06-14",14950
"2018-06-15",14950
"2018-06-18",14000
"2018-06-19",13700
"2018-06-20",13950
"2018-06-21",13500
"2018-06-22",13600
"2018-06-25",13400
"2018-06-26",12800
"2018-06-27",13150
"2018-06-28",12750
"2018-06-29",12300
"2018-07-02",12500
"2018-07-03",12300
"2018-07-04",12750
"2018-07-05",12650
"2018-07-06",12850
"2018-07-09",12900
"2018-07-10",12750
"2018-07-11",12700
"2018-07-12",12600
"2018-07-13",12600
"2018-07-16",12550
"2018-07-17",12650
"2018-07-18",12550
"2018-07-19",12450
"2018-07-20",12250
"2018-07-23",11100
"2018-07-24",11250
"2018-07-25",11250
"2018-07-26",11550
"2018-07-27",11650
"2018-07-30",11650
"2018-07-31",11600
"2018-08-01",11800
"2018-08-02",11750
"2018-08-03",12050
"2018-08-06",12000
"2018-08-07",11450
"2018-08-08",11550
"2018-08-09",11750
"2018-08-10",11500
"2018-08-13",10900
"2018-08-14",9530
"2018-08-16",9320
"2018-08-17",9360
"2018-08-20",9380
"2018-08-21",9450
"2018-08-22",9530
"2018-08-23",9380
"2018-08-24",9450
"2018-08-27",9730
"2018-08-28",9780
"2018-08-29",9640
"2018-08-30",9640
"2018-08-31",9660
"2018-09-03",9590
"2018-09-04",9400
"2018-09-05",9400
"2018-09-06",9200
"2018-09-07",8940
"2018-09-10",9050
"2018-09-11",9230
"2018-09-12",8900
"2018-09-13",8860
"2018-09-14",8960
"2018-09-17",8870
"2018-09-18",8740
"2018-09-19",8640
"2018-09-20",8500
"2018-09-21",8480
"2018-09-27",8540
"2018-09-28",8540
"2018-10-01",8650
"2018-10-02",8430
"2018-10-04",8200
"2018-10-05",8200
"2018-10-08",7960
"2018-10-10",7660
"2018-10-11",7020
"2018-10-12",7210
"2018-10-15",7040
"2018-10-16",7210
"2018-10-17",7270
"2018-10-18",7260
"2018-10-19",7250
"2018-10-22",7110
"2018-10-23",7060
"2018-10-24",7050
"2018-10-25",6810
"2018-10-26",6650
"2018-10-29",5910
"2018-10-30",6260
"2018-10-31",6310
"2018-11-01",6450
"2018-11-02",6690
"2018-11-05",6680
"2018-11-06",6620
"2018-11-07",6500
"2018-11-08",6790
"2018-11-09",7770
"2018-11-12",7590
"2018-11-13",7290
"2018-11-14",7830
"2018-11-15",7540
"2018-11-16",7380
"2018-11-19",7410
"2018-11-20",7140
"2018-11-21",6960
"2018-11-22",7070
"2018-11-23",6860
"2018-11-26",7000
"2018-11-27",7190
"2018-11-28",7180
"2018-11-29",7150
"2018-11-30",7000
"2018-12-03",7200
"2018-12-04",7080
"2018-12-05",7050
"2018-12-06",6920
"2018-12-07",7000
"2018-12-10",6830
"2018-12-11",6760
"2018-12-12",6890
"2018-12-13",6900
"2018-12-14",6890
"2018-12-17",6830
"2018-12-18",6640
"2018-12-19",6790
"2018-12-20",6640
"2018-12-21",6700
"2018-12-24",6620
"2018-12-26",6550
"2018-12-27",6620
"2018-12-28",6530
"2019-01-02",6750
"2019-01-03",6730
"2019-01-04",6610
"2019-01-07",6690
"2019-01-08",6700
"2019-01-09",6820
"2019-01-10",6900
"2019-01-11",6980
"2019-01-14",7180
"2019-01-15",7130
"2019-01-16",7070
"2019-01-17",6950
"2019-01-18",7010
"2019-01-21",7210
"2019-01-22",7200
"2019-01-23",7390
"2019-01-24",7800
"2019-01-25",7750
"2019-01-28",7740
"2019-01-29",7570
"2019-01-30",7600
"2019-01-31",7520
"2019-02-01",7510
"2019-02-07",7610
"2019-02-08",7610
"2019-02-11",7740
"2019-02-12",7720
"2019-02-13",8040
"2019-02-14",8200
"2019-02-15",8060
"2019-02-18",8070
"2019-02-19",8060
"2019-02-20",8060
"2019-02-21",8090
"2019-02-22",8130
"2019-02-25",8640
"2019-02-26",8450
"2019-02-27",8420
"2019-02-28",7900
"2019-03-04",8300
"2019-03-05",8030
"2019-03-06",8070
"2019-03-07",7850
"2019-03-08",7980
"2019-03-11",7660
"2019-03-12",7700
"2019-03-13",7690
"2019-03-14",7940
"2019-03-15",7940
"2019-03-18",8230
"2019-03-19",8100
"2019-03-20",7890
"2019-03-21",9350
"2019-03-22",9590
"2019-03-25",9260
"2019-03-26",9750
"2019-03-27",9200
"2019-03-28",8530
"2019-03-29",8370
"2019-04-01",8710
"2019-04-02",8700
"2019-04-03",9040
"2019-04-04",9290
"2019-04-05",9400
"2019-04-08",9090
"2019-04-09",9100
"2019-04-10",9140
"2019-04-11",9450
"2019-04-12",9360
"2019-04-15",9250
"2019-04-16",9040
"2019-04-17",9150
"2019-04-18",9050
"2019-04-19",9340
"2019-04-22",9390
"2019-04-23",9570
"2019-04-24",9460
"2019-04-25",9490
"2019-04-26",9260
"2019-04-29",9600
"2019-04-30",9580
"2019-05-02",10100
"2019-05-03",10150
"2019-05-07",9880
"2019-05-08",9700
"2019-05-09",9220
"2019-05-10",9100
"2019-05-13",8980
"2019-05-14",8950
"2019-05-15",9190
"2019-05-16",9670
"2019-05-17",9890
"2019-05-20",9800
"2019-05-21",9810
"2019-05-22",9360
"2019-05-23",9100
"2019-05-24",9000
"2019-05-27",8730
"2019-05-28",8860
"2019-05-29",8500
"2019-05-30",8270
"2019-05-31",8220
"2019-06-03",8300
"2019-06-04",8160
"2019-06-05",8140
"2019-06-07",8250
"2019-06-10",8090
"2019-06-11",8220
"2019-06-12",8180
"2019-06-13",8170
"2019-06-14",7960
"2019-06-17",7650
"2019-06-18",7490
"2019-06-19",7540
"2019-06-20",7730
"2019-06-21",7660
"2019-06-24",7600
"2019-06-25",7510
"2019-06-26",7510
"2019-06-27",7400
"2019-06-28",7320
"2019-07-01",7380
"2019-07-02",7550
"2019-07-03",7610
"2019-07-04",9000
"2019-07-05",8230
"2019-07-08",8300
"2019-07-09",7960
"2019-07-10",7830
"2019-07-11",7940
"2019-07-12",8000
"2019-07-15",8200
"2019-07-16",8360
"2019-07-17",8250
"2019-07-18",7960
"2019-07-19",7970
"2019-07-22",8280
"2019-07-23",8230
"2019-07-24",7900
"2019-07-25",7720
"2019-07-26",7470
"2019-07-29",7000
"2019-07-30",7110
"2019-07-31",7190
"2019-08-01",7070
"2019-08-02",7070
"2019-08-05",6650
"2019-08-06",6160
"2019-08-07",6400
"2019-08-08",6910
"2019-08-09",6880
"2019-08-12",7000
"2019-08-13",6940
"2019-08-14",7090
"2019-08-16",7350
"2019-08-19",7420
"2019-08-20",7620
"2019-08-21",7680
"2019-08-22",7530
"2019-08-23",7600
"2019-08-26",7160
"2019-08-27",7290
"2019-08-28",7300
"2019-08-29",7180
"2019-08-30",7290
"2019-09-02",7480
"2019-09-03",7480
"2019-09-04",7590
"2019-09-05",7750
"2019-09-06",7750
"2019-09-09",7700
"2019-09-10",7470
"2019-09-11",7520
"2019-09-16",7700
"2019-09-17",7800
"2019-09-18",7840
"2019-09-19",7870
"2019-09-20",7990
"2019-09-23",8040
"2019-09-24",8030
"2019-09-25",7850
"2019-09-26",7790
"2019-09-27",7800
"2019-09-30",7650
"2019-10-01",7730
"2019-10-02",7660
"2019-10-04",7550
"2019-10-07",7680
"2019-10-08",7680
"2019-10-10",7670
"2019-10-11",7700
"2019-10-14",8040
"2019-10-15",8070
"2019-10-16",8000
"2019-10-17",8130
"2019-10-18",8020
"2019-10-21",7850
"2019-10-22",7990
"2019-10-23",7990
"2019-10-24",7960
"2019-10-25",8040
"2019-10-28",7980
"2019-10-29",8140
"2019-10-30",8030
"2019-10-31",7990
"2019-11-01",7970
"2019-11-04",8000
"2019-11-05",7920
"2019-11-06",7980
"2019-11-07",8020
"2019-11-08",8000
"2019-11-11",7940
"2019-11-12",7970
"2019-11-13",7970
"2019-11-14",8700
"2019-11-15",9000
"2019-11-18",9010
"2019-11-19",8680
"2019-11-20",8500
"2019-11-21",8390
"2019-11-22",8450
"2019-11-25",8330
"2019-11-26",8650
"2019-11-27",8600
"2019-11-28",8550
"2019-11-29",8650
"2019-12-02",8770
"2019-12-03",8960
"2019-12-04",9450
"2019-12-05",9700
"2019-12-06",10300
"2019-12-09",11250
"2019-12-10",11200
"2019-12-11",12300
"2019-12-12",13400
"2019-12-13",12600
"2019-12-16",12500
"2019-12-17",12400
"2019-12-18",12700
"2019-12-19",12350
"2019-12-20",12950
"2019-12-23",12550
"2019-12-24",12500
"2019-12-26",14000
"2019-12-27",13700
"2019-12-30",13800
"2020-01-02",13800
"2020-01-03",14200
"2020-01-06",15750
"2020-01-07",15150
"2020-01-08",15000
"2020-01-09",16100
"2020-01-10",15700
"2020-01-13",15700
"2020-01-14",15350
"2020-01-15",14500
"2020-01-16",14700
"2020-01-17",16150
"2020-01-20",16050
"2020-01-21",15650
"2020-01-22",16500
"2020-01-23",16800
"2020-01-28",15950
"2020-01-29",15700
"2020-01-30",15350
"2020-01-31",14800
"2020-02-03",15000
"2020-02-04",14800
"2020-02-05",14050
"2020-02-06",14650
"2020-02-07",14050
"2020-02-10",14800
"2020-02-11",14600
"2020-02-12",15450
"2020-02-13",14850
"2020-02-14",15050
"2020-02-17",14700
"2020-02-18",14500
"2020-02-19",15150
"2020-02-20",14650
"2020-02-21",14100
"2020-02-24",13150
"2020-02-25",13750
"2020-02-26",13250
"2020-02-27",12900
"2020-02-28",12600
"2020-03-02",12900
"2020-03-03",12600
"2020-03-04",12900
"2020-03-05",13300
"2020-03-06",12700
"2020-03-09",11800
"2020-03-10",11850
"2020-03-11",11300
"2020-03-12",10400
"2020-03-13",9560
"2020-03-16",9000
"2020-03-17",8570
"2020-03-18",7920
"2020-03-19",6500
"2020-03-20",7830
"2020-03-23",7100
"2020-03-24",8150
"2020-03-25",8970
"2020-03-26",9060
"2020-03-27",9000
"2020-03-30",9320
"2020-03-31",10000
"2020-04-01",10200
"2020-04-02",10600
"2020-04-03",10550
"2020-04-06",11000
"2020-04-07",11500
"2020-04-08",11900
"2020-04-09",11900
"2020-04-10",11750
"2020-04-13",10700
"2020-04-14",11350
"2020-04-16",11550
"2020-04-17",12100
"2020-04-20",11950
"2020-04-21",11500
"2020-04-22",11850
"2020-04-23",12950
"2020-04-24",12200
"2020-04-27",12600
"2020-04-28",12500
"2020-04-29",12450
"2020-05-04",12250
"2020-05-06",12300
"2020-05-07",12750
"2020-05-08",13400
"2020-05-11",13250
"2020-05-12",13050
"2020-05-13",13250
"2020-05-14",13100
"2020-05-15",15800
"2020-05-18",17800
"2020-05-19",17600
"2020-05-20",18300
"2020-05-21",18700
"2020-05-22",19500
"2020-05-25",21000
"2020-05-26",20100
"2020-05-27",19400
"2020-05-28",18550
"2020-05-29",18250
"2020-06-01",19550
"2020-06-02",20100
"2020-06-03",19650
"2020-06-04",20700
"2020-06-05",20800
"2020-06-08",21700
"2020-06-09",21200
"2020-06-10",20500
"2020-06-11",20450
"2020-06-12",19700
"2020-06-15",17650
"2020-06-16",18650
"2020-06-17",19050
"2020-06-18",19000
"2020-06-19",19300
"2020-06-22",19500
"2020-06-23",22400
"2020-06-24",24150
"2020-06-25",24850
"2020-06-26",24000
"2020-06-29",25500
"2020-06-30",26500
"2020-07-01",26550
"2020-07-02",26000
"2020-07-03",27550
"2020-07-06",27600
"2020-07-07",29200
"2020-07-08",30300
"2020-07-09",33000
"2020-07-10",32900
"2020-07-13",31600
"2020-07-14",32500
"2020-07-15",32200
"2020-07-16",30800
"2020-07-17",32150
"2020-07-20",31500
"2020-07-21",31900
"2020-07-22",32800
"2020-07-23",31900
"2020-07-24",30950
"2020-07-27",33750
"2020-07-28",34700
"2020-07-29",35800
"2020-07-30",37500
"2020-07-31",40800
"2020-08-03",39100
"2020-08-04",37700
"2020-08-05",37100
"2020-08-06",40000
"2020-08-07",38600
"2020-08-10",39150
"2020-08-11",40000
"2020-08-12",43650
"2020-08-13",41500
"2020-08-14",42250
"2020-08-18",39800
"2020-08-19",40550
"2020-08-20",38200
"2020-08-21",38900
"2020-08-24",37850
"2020-08-25",38150
"2020-08-26",37000
"2020-08-27",36500
"2020-08-28",35900
"2020-08-31",36150
"2020-09-01",36400
"2020-09-02",36900
"2020-09-03",38800
"2020-09-04",37750
"2020-09-07",36850
"2020-09-08",38500
"2020-09-09",37550
"2020-09-10",37500
"2020-09-11",39450
"2020-09-14",39700
"2020-09-15",39000
"2020-09-16",38200
"2020-09-17",37000
"2020-09-18",37450
"2020-09-21",36000
"2020-09-22",35700
"2020-09-23",35550
"2020-09-24",34250
"2020-09-25",33950
"2020-09-28",35050
"2020-09-29",34100
"2020-10-05",33400
"2020-10-06",33600
"2020-10-07",33900
"2020-10-08",35000
"2020-10-12",33900
"2020-10-13",35100
"2020-10-14",34150
"2020-10-15",32750
"2020-10-16",32700
"2020-10-19",32700
"2020-10-20",34350
"2020-10-21",34350
"2020-10-22",35150
"2020-10-23",36350
"2020-10-26",35500
"2020-10-27",34500
"2020-10-28",35100
"2020-10-29",36700
"2020-10-30",35850
"2020-11-02",36600
"2020-11-03",39000
"2020-11-04",39450
"2020-11-05",39600
"2020-11-06",40100
"2020-11-09",41950
"2020-11-10",42300
"2020-11-11",44350
"2020-11-12",44050
"2020-11-13",44500
"2020-11-16",44400
"2020-11-17",49900
"2020-11-18",52600
"2020-11-19",58500
"2020-11-20",55000
"2020-11-23",58400
"2020-11-24",56100
"2020-11-25",55200
"2020-11-26",56700
"2020-11-27",56000
"2020-11-30",55500
"2020-12-01",54900
"2020-12-02",60300
"2020-12-03",59300
"2020-12-04",58700
"2020-12-07",55900
"2020-12-08",56700
"2020-12-09",56900
"2020-12-10",57200
"2020-12-11",56200
"2020-12-14",54200
"2020-12-15",54200
"2020-12-16",56800
"2020-12-17",58600
"2020-12-18",57300
"2020-12-21",57700
"2020-12-22",55500
"2020-12-23",56000
"2020-12-24",54800
"2020-12-28",58300
"2020-12-29",62100
"2020-12-30",62700
"2021-01-04",61800
"2021-01-05",60100
"2021-01-06",58700
"2021-01-07",60800
"2021-01-08",59400
"2021-01-11",58100
"2021-01-12",57800
"2021-01-13",58200
"2021-01-14",59800
"2021-01-15",63500
"2021-01-18",64700
"2021-01-19",62000
"2021-01-20",68100
"2021-01-21",68200
"2021-01-22",68200
"2021-01-25",71600
"2021-01-26",71800
"2021-01-27",69700
"2021-01-28",65300
"2021-01-29",64400
"2021-02-01",64400
"2021-02-02",63800
"2021-02-03",62600
"2021-02-04",62100
"2021-02-05",62000
"2021-02-08",58000
"2021-02-09",54900
"2021-02-10",54900
"2021-02-15",57900
"2021-02-16",56600
"2021-02-17",59700
"2021-02-18",57600
"2021-02-19",57600
"2021-02-22",58400
"2021-02-23",57000
"2021-02-24",54600
"2021-02-25",55600
"2021-02-26",51600
"2021-03-02",52700
"2021-03-03",52800
"2021-03-04",49400
"2021-03-05",49050
"2021-03-08",47500
"2021-03-09",47850
"2021-03-10",48500
"2021-03-11",52500
"2021-03-12",54900
"2021-03-15",55300
"2021-03-16",55500
"2021-03-17",55400
"2021-03-18",56100
"2021-03-19",56000
"2021-03-22",56400
"2021-03-23",58000
"2021-03-24",57600
"2021-03-25",58200
"2021-03-26",56900
"2021-03-29",55400
"2021-03-30",55700
"2021-03-31",54500
"2021-04-01",57600
"2021-04-02",57200
"2021-04-05",60700
"2021-04-06",61500
"2021-04-07",63000
"2021-04-08",61800
"2021-04-09",60700
"2021-04-12",59900
"2021-04-13",61000
"2021-04-14",60000
"2021-04-15",59600
"2021-04-16",59500
"2021-04-19",62800
"2021-04-20",62000
"2021-04-21",60000
"2021-04-22",61000
"2021-04-23",59500
"2021-04-26",62000
"2021-04-27",63500
"2021-04-28",62100
"2021-04-29",61900
"2021-04-30",62700
"2021-05-03",61400
"2021-05-04",63200
"2021-05-06",64100
"2021-05-07",66800
"2021-05-10",66400
"2021-05-11",66000
"2021-05-12",65000
"2021-05-13",63200
"2021-05-14",64200
"2021-05-17",64500
"2021-05-18",63700
"2021-05-20",63900
"2021-05-21",64200
"2021-05-24",63800
"2021-05-25",64500
"2021-05-26",65800
"2021-05-27",63500
"2021-05-28",64000
"2021-05-31",63800
"2021-06-01",63300
"2021-06-02",62100
"2021-06-03",64400
"2021-06-04",63700
"2021-06-07",64000
"2021-06-08",62700
"2021-06-09",62300
"2021-06-10",62200
"2021-06-11",60000
"2021-06-14",58800
"2021-06-15",58100
"2021-06-16",57900
"2021-06-17",58500
"2021-06-18",57900
"2021-06-21",56000
"2021-06-22",55700
"2021-06-23",56800
"2021-06-24",55600
"2021-06-25",57100
"2021-06-28",57900
"2021-06-29",57300
"2021-06-30",58600
"2021-07-01",56700
"2021-07-02",58300
"2021-07-05",59700
"2021-07-06",60400
"2021-07-07",61000
"2021-07-08",60300
"2021-07-09",60800
"2021-07-12",61400
"2021-07-13",64200
"2021-07-14",63900
"2021-07-15",66800
"2021-07-16",65700
"2021-07-19",66600
"2021-07-20",65300
"2021-07-21",66700
"2021-07-22",71900
"2021-07-23",73300
"2021-07-26",73600
"2021-07-27",74900
"2021-07-28",74900
"2021-07-29",77100
"2021-07-30",77300
"2021-08-02",77400
"2021-08-03",79400
"2021-08-04",78800
"2021-08-05",78400
"2021-08-06",77200
"2021-08-09",80300
"2021-08-10",79200
"2021-08-11",79200
"2021-08-12",79200
"2021-08-13",76300
"2021-08-17",74000
"2021-08-18",74100
"2021-08-19",70900
"2021-08-20",69200
"2021-08-23",70000
"2021-08-24",70000
"2021-08-25",68300
"2021-08-26",68100
"2021-08-27",67500
"2021-08-30",66500
"2021-08-31",67500
"2021-09-01",68400
"2021-09-02",73200
"2021-09-03",71600
"2021-09-06",72100
"2021-09-07",72300
"2021-09-08",71600
"2021-09-09",71300
"2021-09-10",72600
"2021-09-13",74900
"2021-09-14",76200
"2021-09-15",76300
"2021-09-16",73100
"2021-09-17",74900
"2021-09-23",73800
"2021-09-24",72100
"2021-09-27",72300
"2021-09-28",70100
"2021-09-29",66700
"2021-09-30",67500
"2021-10-01",65900
"2021-10-05",64100
"2021-10-06",61700
"2021-10-07",61700
"2021-10-08",60500
"2021-10-12",59800
"2021-10-13",59500
"2021-10-14",61400
"2021-10-15",62600
"2021-10-18",63000
"2021-10-19",62900
"2021-10-20",61900
"2021-10-21",60700
"2021-10-22",61000
"2021-10-25",61000
"2021-10-26",63500
"2021-10-27",64300
"2021-10-28",64800
"2021-10-29",60100
"2021-11-01",59600
"2021-11-02",60100
"2021-11-03",58400
"2021-11-04",54400
"2021-11-05",56400
"2021-11-08",55000
"2021-11-09",54300
"2021-11-10",54600
"2021-11-11",53400
"2021-11-12",56900
"2021-11-15",58000
"2021-11-16",58100
"2021-11-17",56700
"2021-11-18",57700
"2021-11-19",61400
"2021-11-22",63900
"2021-11-23",61900
"2021-11-24",60000
"2021-11-25",58000
"2021-11-26",56600
"2021-11-29",56200
"2021-11-30",53700
"2021-12-01",59900
"2021-12-02",66400
"2021-12-03",68000
"2021-12-06",69900
"2021-12-07",69500
"2021-12-08",68000
"2021-12-09",67600
"2021-12-10",66400
"2021-12-13",68000
"2021-12-14",66300
"2021-12-15",66700
"2021-12-16",66800
"2021-12-17",70500
"2021-12-20",69900
"2021-12-21",74100
"2021-12-22",72200
"2021-12-23",72000
"2021-12-24",72900
"2021-12-27",72100
"2021-12-28",73000
"2021-12-29",71000
"2021-12-30",73700
"2022-01-03",74800
"2022-01-04",73200
"2022-01-05",70600
"2022-01-06",69300
"2022-01-07",71000
"2022-01-10",67800
"2022-01-11",68100
"2022-01-12",68700
"2022-01-13",70600
"2022-01-14",71300
"2022-01-17",69000
"2022-01-18",71500
"2022-01-19",71600
"2022-01-20",72400
"2022-01-21",69900
"2022-01-24",68600
"2022-01-25",68800
"2022-01-26",67900
"2022-01-27",67200
"2022-01-28",68500
"2022-02-03",69600
"2022-02-04",71400
"2022-02-07",70600
"2022-02-08",69600
"2022-02-09",69900
"2022-02-10",68300
"2022-02-11",67700
"2022-02-14",63800
"2022-02-15",63300
"2022-02-16",64200
"2022-02-17",65100
"2022-02-18",64000
"2022-02-21",64800
"2022-02-22",63300
"2022-02-23",64100
"2022-02-24",62300
"2022-02-25",62900
"2022-02-28",63200
"2022-03-02",61500
"2022-03-03",63500
"2022-03-04",61300
"2022-03-07",58600
"2022-03-08",57700
"2022-03-10",58600
"2022-03-11",57600
"2022-03-14",56200
"2022-03-15",55000
"2022-03-16",57800
"2022-03-17",58900
"2022-03-18",59200
"2022-03-21",58500
"2022-03-22",59000
"2022-03-23",59500
"2022-03-24",61300
"2022-03-25",61500
"2022-03-28",62000
"2022-03-29",63300
"2022-03-30",64300
"2022-03-31",65600
"2022-04-01",65800
"2022-04-04",67400
"2022-04-05",68200
"2022-04-06",68200
"2022-04-07",67900
"2022-04-08",72700
"2022-04-11",72200
"2022-04-12",75000
"2022-04-13",74500
"2022-04-14",74400
"2022-04-15",75100
"2022-04-18",76900
"2022-04-19",76400
"2022-04-20",76000
"2022-04-21",80000
"2022-04-22",79600
"2022-04-25",78500
"2022-04-26",82500
"2022-04-27",81200
"2022-04-28",79600
"2022-04-29",79900
"2022-05-02",80000
"2022-05-03",81900
"2022-05-04",77300
"2022-05-06",80400
"2022-05-09",77000
"2022-05-10",78300
"2022-05-11",80500
"2022-05-12",80200
"2022-05-13",83900
"2022-05-16",82800
"2022-05-17",85000
"2022-05-18",83600
"2022-05-19",83400
"2022-05-20",82300
"2022-05-23",82800
"2022-05-24",81200
"2022-05-25",83000
"2022-05-26",86800
"2022-05-27",86600
"2022-05-30",86400
"2022-05-31",86700
"2022-06-02",87500
"2022-06-03",85600
"2022-06-07",85100
"2022-06-08",86800
"2022-06-09",86100
"2022-06-10",85600
"2022-06-13",80700
"2022-06-14",79200
"2022-06-15",78100
"2022-06-16",77900
"2022-06-17",73600
"2022-06-20",70800
"2022-06-21",70400
"2022-06-22",64900
"2022-06-23",63000
"2022-06-24",65600
"2022-06-27",65700
"2022-06-28",65100
"2022-06-29",64600
"2022-06-30",60900
"2022-07-01",58600
"2022-07-04",58200
"2022-07-05",58000
"2022-07-06",58300
"2022-07-07",60200
"2022-07-08",60700
"2022-07-11",59800
"2022-07-12",56800
"2022-07-13",57900
"2022-07-14",57800
"2022-07-15",58900
"2022-07-18",62400
"2022-07-19",60900
"2022-07-20",63200
"2022-07-21",63200
"2022-07-22",61200
"2022-07-25",62500
"2022-07-26",62400
"2022-07-27",62900
"2022-07-28",63600
"2022-07-29",66000
"2022-08-01",63000
"2022-08-02",62800
"2022-08-03",60000
"2022-08-04",61200
"2022-08-05",61400
"2022-08-08",59700
"2022-08-09",57300
"2022-08-10",56900
"2022-08-11",58900
"2022-08-12",59400
"2022-08-16",59600
"2022-08-17",58400
"2022-08-18",60900
"2022-08-19",59300
"2022-08-22",56000
"2022-08-23",55400
"2022-08-24",56800
"2022-08-25",57900
"2022-08-26",58400
"2022-08-29",54800
"2022-08-30",56200
"2022-08-31",58000
"2022-09-01",56000
"2022-09-02",54000
"2022-09-05",53300
"2022-09-06",52600
"2022-09-07",52400
"2022-09-08",52100
"2022-09-13",55500
"2022-09-14",53500
"2022-09-15",53800
"2022-09-16",52900
"2022-09-19",53300
"2022-09-20",53000
"2022-09-21",51000
"2022-09-22",50000
"2022-09-23",47000
"2022-09-26",44100
"2022-09-27",43750
"2022-09-28",42000
"2022-09-29",40900
"2022-09-30",40400
"2022-10-04",42800
"2022-10-05",41600
"2022-10-06",43500
"2022-10-07",43450
"2022-10-11",42200
"2022-10-12",38350
"2022-10-13",38700
"2022-10-14",40300
"2022-10-17",39750
"2022-10-18",39250
"2022-10-19",38750
"2022-10-20",38300
"2022-10-21",37850
"2022-10-24",38350
"2022-10-25",39600
"2022-10-26",36850
"2022-10-27",39200
"2022-10-28",37500
"2022-10-31",38450
"2022-11-01",37950
"2022-11-02",38000
"2022-11-03",37800
"2022-11-04",36900
"2022-11-07",39000
"2022-11-08",39550
"2022-11-09",40000
"2022-11-10",39150
"2022-11-11",41700
"2022-11-14",39550
"2022-11-15",43450
"2022-11-16",42750
"2022-11-17",43950
"2022-11-18",42500
"2022-11-21",41600
"2022-11-22",41300
"2022-11-23",43100
"2022-11-24",43500
"2022-11-25",42700
"2022-11-28",41450
"2022-11-29",42300
"2022-11-30",41700
"2022-12-01",42100
"2022-12-02",41350
"2022-12-05",42000
"2022-12-06",40450
"2022-12-07",40400
"2022-12-08",39200
"2022-12-09",40400
"2022-12-12",39500
"2022-12-13",39450
"2022-12-14",41100
"2022-12-15",40200
"2022-12-16",39400
"2022-12-19",39450
"2022-12-20",38150
"2022-12-21",37900
"2022-12-22",37900
"2022-12-23",36050
"2022-12-26",38450
"2022-12-27",38950
"2022-12-28",38700
"2022-12-29",36950
"2023-01-02",34600
"2023-01-03",34000
"2023-01-04",37000
"2023-01-05",36100
"2023-01-06",37800
"2023-01-09",38800
"2023-01-10",39850
"2023-01-11",40800
"2023-01-12",41300
"2023-01-13",41100
"2023-01-16",41600
"2023-01-17",41850
"2023-01-18",41600
"2023-01-19",42500
"2023-01-20",41000
"2023-01-25",42850
"2023-01-26",42200
"2023-01-27",42300
"2023-01-30",40600
"2023-01-31",40500
"2023-02-01",40700
"2023-02-02",41550
"2023-02-03",40900
"2023-02-06",39500
"2023-02-07",40300
"2023-02-08",40950
"2023-02-09",41850
"2023-02-10",40150
"2023-02-13",40200
"2023-02-14",42950
"2023-02-15",42150
"2023-02-16",42650
"2023-02-17",40450
"2023-02-20",39700
"2023-02-21",38800
"2023-02-22",37400
"2023-02-23",38850
"2023-02-24",38550
"2023-02-27",37950
"2023-02-28",38500
"2023-03-02",37350
"2023-03-03",37300
"2023-03-06",38000
"2023-03-07",37300
"2023-03-08",36100
"2023-03-09",37250
"2023-03-10",35850
